City,Place Name,Zipcode,Name
CABRIES,asics_eu,,unknown,ASICS Factory Outlet  Marseille
Miramas,asics_eu,,unknown,ASICS Factory Outlet Miramas De Provence
AIX EN PROVENCE (LES MILLES),audi,365 CHEMIN DE LA PIOLINE Z PIOLINE AIX EN PROVENCE (LES MILLES) 13290,unknown,SARL ODICEE AIX
MENTON,audi,323 Avenue de l'Orméa ZI du Carei MENTON 06500,unknown,SARL STARTER 2009
PUGET SUR ARGENS,audi,Z.I. LES PLAINES RN 7 PUGET SUR ARGENS 83480,unknown,ADVANCED TEKNIK TERMINAL
ARLES,audi,1 RUE Lucien VOLLE ARLES 13200,unknown,GARAGE DE L'AVENIR SAS
AVIGNON,audi,400 Chemin de la Croix de Noves AVIGNON 84000,unknown,SAS GVA BYMYCAR VAUCLUSE
CANNES (MOUGINS),audi,609 Route de la Roquette CANNES (MOUGINS) 06250,unknown,RIVIERA TECHNIC
MARIGNANE (ST VICTORET),audi,120 AVENUE JACQUES PREVERT MARIGNANE (ST VICTORET) 13730,unknown,SARL ODICEE SAINT VICTORET
NICE La Plaine 1,audi,98 AVENUE SIMONE VEIL NICE La Plaine 1 06200,unknown,CAR SA
NICE (La Buffa),audi,45 RUE DE LA BUFFA NICE (La Buffa) 06300,unknown,CAR SA
MARSEILLE,audi,1 boulevard de la cartonnerie MARSEILLE 13011,unknown,ODICEE-M
GRASSE,audi,12 ROUTE CANNES LES 4 CHEMINS GRASSE 06130,unknown,JOSE CAUVIN SA
GAP,audi,109 ROUTE DE BRIANCON GAP 05000,unknown,GAP SAS
TOULON (OLLIOULES),audi,73 ALLÉE La Girane Quartier Quiez TOULON (OLLIOULES) 83190,unknown,STAR SAS
TOULON (LA GARDE),audi,98 AVENUE G. MONGE ZAC LA PAULINE TOULON (LA GARDE) 83130,unknown,RS PRESTIGE
AUBAGNE,audi,1124 AVENUE DES PALUDS Z.I. LES PALUDS II AUBAGNE 13400,unknown,AUTOSUD SA
Departement des Alpes-Maritimes,brewdog,4 Av. des Phocéens 06300 Nice France,unknown,Nice
AVIGNON,cic,,unknown,CIC
ORANGE,cic,,unknown,CIC
BOLLENE,cic,,unknown,CIC
AIX EN PROVENCE,cic,,unknown,CIC
LA CRAU,cic,,unknown,CIC HYERES
ST CYR SUR MER,cic,,unknown,CIC
LE CANNET,cic,,unknown,CIC
CANNES,cic,,unknown,CIC
LA CIOTAT,cic,,unknown,CIC LA CIOTAT PARK
MARSEILLE,cic,,unknown,CIC
GRASSE,cic,,unknown,CIC
MOUGINS,cic,,unknown,CIC
VENELLES,cic,,unknown,CIC PERTUIS
ALLAUCH,cic,,unknown,CIC
GARDANNE,cic,,unknown,CIC
AUBAGNE,cic,,unknown,CIC
LA DESTROUSSE,cic,,unknown,CIC
TRETS,cic,,unknown,CIC
ST MAXIMIN LA STE BAUME,cic,,unknown,CIC
PERTUIS,cic,,unknown,CIC PERTUIS - CIC VENELLES
MANDELIEU LA NAPOULE,cic,,unknown,CIC
BANDOL,cic,,unknown,CIC
LE BEAUSSET,cic,,unknown,CIC
CARQUEIRANNE,cic,,unknown,CIC CARQUEIRANNE - CIC LE PRADET
SANARY SUR MER,cic,,unknown,CIC
SIX FOURS LES PLAGES,cic,,unknown,CIC
LE PRADET,cic,,unknown,CIC CARQUEIRANNE
LA GARDE,cic,,unknown,CIC
OLLIOULES,cic,,unknown,CIC
LA SEYNE SUR MER,cic,,unknown,CIC
ANTIBES,cic,,unknown,CIC
VALLAURIS,cic,,unknown,CIC
LA VALETTE DU VAR,cic,,unknown,CIC
TOULON,cic,,unknown,CIC VAR ENTREPRISES - CIC VAR ENT FREJUS CAPITOU
HYERES,cic,,unknown,CIC HYERES - CIC LA CRAU
BRIGNOLES,cic,,unknown,CIC
BARJOLS,cic,,unknown,CIC
LA LONDE LES MAURES,cic,,unknown,CIC LA LONDE LES MAURES - CIC LAVANDOU
LE LAVANDOU,cic,,unknown,CIC LA LONDE LES MAURES
FAYENCE,cic,,unknown,CIC
CAVALAIRE SUR MER,cic,,unknown,CIC COGOLIN
ST RAPHAEL,cic,,unknown,CIC ST RAPHAEL GALLIENI
FREJUS,cic,,unknown,CIC VAR ENTREPRISES
ST TROPEZ,cic,,unknown,CIC
COGOLIN,cic,,unknown,CIC COGOLIN - CAVALAIRE SUR MER
STE MAXIME,cic,,unknown,CIC
ROQUEBRUNE SUR ARGENS,cic,,unknown,CIC
DRAGUIGNAN,cic,,unknown,CIC
LORGUES,cic,,unknown,CIC
LE CANNET DES MAURES,cic,,unknown,CIC
LES ARCS,cic,,unknown,CIC
ST REMY DE PROVENCE,cic,,unknown,CIC
CAVAILLON,cic,,unknown,CIC
CHATEAURENARD,cic,,unknown,CIC
L ISLE SUR LA SORGUE,cic,,unknown,CIC
LE PONTET,cic,,unknown,CIC
MONTEUX,cic,,unknown,CIC
CARPENTRAS,cic,,unknown,CIC
VAISON LA ROMAINE,cic,,unknown,CIC
CAGNES SUR MER,cic,,unknown,CIC CAGNES POLYGONE
VENCE,cic,,unknown,CIC
DIGNE LES BAINS,cic,,unknown,CIC SISTERON
SISTERON,cic,,unknown,CIC SISTERON - CIC DIGNE LES BAINS
MANOSQUE,cic,,unknown,CIC
PELISSANNE,cic,,unknown,CIC SALON PELLETAN
SALON DE PROVENCE,cic,,unknown,CIC SALON PELLETAN - CIC PELISSANNE
ARLES,cic,,unknown,CIC ARLES VICTOR HUGO - CIC STES MARIES DE LA MER
MARIGNANE,cic,,unknown,CIC
VITROLLES,cic,,unknown,CIC
SAINTES MARIES DE LA MER,cic,,unknown,CIC ARLES VICTOR HUGO
ISTRES,cic,,unknown,CIC
FOS SUR MER,cic,,unknown,CIC
BRIANCON,cic,,unknown,CIC BRIANCON - CIC VILLENEUVE SERRE-CHE
LA SALLE LES ALPES,cic,,unknown,CIC BRIANCON
GAP,cic,,unknown,CIC
CARROS,cic,,unknown,CIC
NICE,cic,,unknown,CIC
LA TRINITE,cic,,unknown,CIC
MENTON,cic,,unknown,CIC
ST LAURENT DU VAR,cic,,unknown,CIC
MARTIGUES,cic,,unknown,CIC
CARRY LE ROUET,cic,,unknown,CIC
MANOSQUE,e_leclerc,,unknown,Drive Manosque
Manosque,e_leclerc,,unknown,Drive Manosque - Saint-Joseph
GAP,e_leclerc,,unknown,Drive Gap - Avenue Emile Didier
Gap,e_leclerc,,unknown,Drive Gap - Avenue de Provence
BRIANCON,e_leclerc,,unknown,BRIANÇON
CARPENTRAS CEDEX,e_leclerc,,unknown,CARPENTRAS
LE CANNET,e_leclerc,,unknown,LE CANNET
MARSEILLE,e_leclerc,,unknown,SORMIOU
AVIGNON,e_leclerc,,unknown,AVIGNON
APT,e_leclerc,,unknown,Drive Apt
BOLLENE CEDEX,e_leclerc,,unknown,Drive Bollène
VENCE,e_leclerc,,unknown,VENCE
NICE CEDEX 03,e_leclerc,,unknown,Location
NICE CEDEX 3,e_leclerc,,unknown,Voyages
NICE,e_leclerc,,unknown,NICE SAINT ROCH
NICE RIVIERA,e_leclerc,,unknown,Express NICE RIVIERA
LA COLLE SUR LOUP,e_leclerc,,unknown,Drive La Colle-sur-Loup
LA SEYNE SUR MER,e_leclerc,,unknown,Station Service
La Ciotat,e_leclerc,,unknown,Drive La Ciotat
VALREAS,e_leclerc,,unknown,VALREAS
LE CANNET - ROCHEVILLE,e_leclerc,,unknown,Station Service
LE CANNET ROCHEVILLE,e_leclerc,,unknown,LE CANNET ROCHEVILLE
MONTAUROUX-FAYENCE,e_leclerc,,unknown,MONTAUROUX
GRASSE,e_leclerc,,unknown,Drive Grasse
MOUGINS,e_leclerc,,unknown,Drive Mougins
SALON DE PROVENCE,e_leclerc,,unknown,Drive Salon-de-Provence
LE LUC,e_leclerc,,unknown,Brico
Draguignan,e_leclerc,,unknown,DRIVE Draguignan-Sud
Le Luc,e_leclerc,,unknown,Location
Le Cannet des Maures,e_leclerc,,unknown,Drive Cannet-des-Maures
Pignans,e_leclerc,,unknown,DRIVE Pignans
Le Muy,e_leclerc,,unknown,E.Leclerc Relais Le Muy
VITROLLES,e_leclerc,,unknown,Drive Vitrolles
Vitrolles,e_leclerc,,unknown,Drive Vitrolles RN113
LES SABLETTES - La Seyne Sur Mer,e_leclerc,,unknown,TAMARIDIS
MORIERES LES AVIGNON,e_leclerc,,unknown,Location
CANNES LA BOCCA,e_leclerc,,unknown,Location
ARLES,e_leclerc,,unknown,Drive Arles
VALLAURIS,e_leclerc,,unknown,VALLAURIS
BRIGNOLES,e_leclerc,,unknown,Drive Brignoles
HYERES,e_leclerc,,unknown,Location
MARIGNANE,e_leclerc,,unknown,Drive Marignane
TOULON,e_leclerc,,unknown,TOULON SAINT JEAN DU VAR
LA VALETTE DU VAR,e_leclerc,,unknown,Drive La valette du var
Toulon,e_leclerc,,unknown,Drive Relais
CABRIES,e_leclerc,,unknown,CABRIES
Les Pennes Mirabeau,e_leclerc,,unknown,Drive Plan de campagne
SAINT RAPHAEL,e_leclerc,,unknown,Drive Saint-Raphaël
Fréjus,e_leclerc,,unknown,Drive Fréjus
Roquebrune-sur-Argens,e_leclerc,,unknown,Drive Roquebrune-sur-Argens
COGOLIN,e_leclerc,,unknown,Drive Cogolin
LA CRAU,e_leclerc,,unknown,LA CRAU
ISTRES,e_leclerc,,unknown,Drive Istres
MEYRARGUES,e_leclerc,,unknown,Drive Meyrargues
Volx,fedex,,unknown,unknown
Vitrolles,fedex,,unknown,unknown
Vinon Sur Verdon,fedex,,unknown,unknown
Villeneuve Loubet,fedex,,unknown,unknown
Villecroze,fedex,,unknown,unknown
Vidauban,fedex,,unknown,unknown
Veynes,fedex,,unknown,unknown
Vernegues,fedex,,unknown,unknown
Venelles,fedex,,unknown,unknown
Vence,fedex,,unknown,unknown
Velaux,fedex,,unknown,unknown
Valreas,fedex,,unknown,unknown
Vallauris,fedex,,unknown,FedEx Express FR
Valensole,fedex,,unknown,unknown
Valbonne,fedex,,unknown,unknown
Vaison La Romaine,fedex,,unknown,unknown
Trets,fedex,,unknown,unknown
Trans En Provence,fedex,,unknown,unknown
Tourves,fedex,,unknown,unknown
Toulon,fedex,,unknown,unknown
Theoule Sur Mer,fedex,,unknown,unknown
Tarascon,fedex,,unknown,unknown
Tallard,fedex,,unknown,unknown
Ste Maxime,fedex,,unknown,unknown
Ste Anne Du Castellet,fedex,,unknown,unknown
St Zacharie,fedex,,unknown,unknown
St Victoret,fedex,,unknown,unknown
St Vallier De Thiey,fedex,,unknown,unknown
St Saturnin Les Avignon,fedex,,unknown,unknown
St Romain En Viennois,fedex,,unknown,unknown
St Remy De Provence,fedex,,unknown,unknown
St Raphael,fedex,,unknown,unknown
St Mitre Les Remparts,fedex,,unknown,unknown
St Maximin La Ste Baume,fedex,,unknown,unknown
St Martin De Crau,fedex,,unknown,unknown
St Laurent Du Var,fedex,,unknown,unknown
St Jeannet,fedex,,unknown,unknown
St Etienne Du Gres,fedex,,unknown,unknown
St Cyr Sur Mer,fedex,,unknown,unknown
St Chamas,fedex,,unknown,unknown
St Chaffrey,fedex,,unknown,unknown
St Cannat,fedex,,unknown,unknown
St Aygulf,fedex,,unknown,unknown
St Auban,fedex,,unknown,unknown
St Andiol,fedex,,unknown,unknown
Sorgues,fedex,,unknown,unknown
Sollies Pont,fedex,,unknown,unknown
Six Fours Les Plages,fedex,,unknown,unknown
Sisteron,fedex,,unknown,unknown
Sillans La Cascade,fedex,,unknown,unknown
Serres,fedex,,unknown,unknown
Septemes Les Vallons,fedex,,unknown,unknown
Sannes,fedex,,unknown,unknown
Sanary Sur Mer,fedex,,unknown,unknown
Salon De Provence,fedex,,unknown,unknown
Salernes,fedex,,unknown,unknown
Rousset,fedex,,unknown,unknown
Rougiers,fedex,,unknown,unknown
Roquevaire,fedex,,unknown,unknown
Roquefort Les Pins,fedex,,unknown,unknown
Roquefort La Bedoule,fedex,,unknown,unknown
Roquebrune Sur Argens,fedex,,unknown,unknown
Rognonas,fedex,,unknown,unknown
Rognac,fedex,,unknown,unknown
Rocbaron,fedex,,unknown,unknown
Riez,fedex,,unknown,unknown
Rians,fedex,,unknown,unknown
Remollon,fedex,,unknown,unknown
Puyricard,fedex,,unknown,unknown
Puimoisson,fedex,,unknown,unknown
Puget Ville,fedex,,unknown,unknown
Puget Sur Argens,fedex,,unknown,unknown
Pourrieres,fedex,,unknown,unknown
Port Grimaud,fedex,,unknown,unknown
Port De Bouc,fedex,,unknown,unknown
Plan De Cuques,fedex,,unknown,unknown
Plan D Orgon,fedex,,unknown,unknown
Pignans,fedex,,unknown,unknown
Peyrolles En Provence,fedex,,unknown,unknown
Peymeinade,fedex,,unknown,unknown
Pertuis,fedex,,unknown,unknown
Pernes Les Fontaines,fedex,,unknown,unknown
Pelissanne,fedex,,unknown,unknown
Peille,fedex,,unknown,unknown
Pegomas,fedex,,unknown,unknown
Orange,fedex,,unknown,unknown
Oraison,fedex,,unknown,unknown
Ollioules,fedex,,unknown,unknown
Ollieres,fedex,,unknown,unknown
Noves,fedex,,unknown,unknown
Nice,fedex,,unknown,unknown
Nice Cedex,fedex,,unknown,FedEx Express FR
Mougins,fedex,,unknown,unknown
Mouans Sartoux,fedex,,unknown,unknown
Morieres Les Avignon,fedex,,unknown,unknown
Montfavet,fedex,,unknown,unknown
Monteux,fedex,,unknown,unknown
Montauroux,fedex,,unknown,unknown
Miramas,fedex,,unknown,unknown
Mirabeau,fedex,,unknown,unknown
Meyrargues,fedex,,unknown,unknown
Menton,fedex,,unknown,unknown
Mazan,fedex,,unknown,unknown
Maussane Les Alpilles,fedex,,unknown,unknown
Maubec,fedex,,unknown,unknown
Martigues,fedex,,unknown,unknown
Marseille,fedex,,unknown,unknown
Marignane,fedex,,unknown,unknown
Manosque,fedex,,unknown,unknown
Mandelieu La Napoule,fedex,,unknown,unknown
Mallemort,fedex,,unknown,unknown
Malaucene,fedex,,unknown,unknown
Maillane,fedex,,unknown,unknown
Luynes,fedex,,unknown,unknown
Lorgues,fedex,,unknown,unknown
Les Pennes Mirabeau,fedex,,unknown,unknown
Les Milles,fedex,,unknown,unknown
Les Mees,fedex,,unknown,unknown
Les Issambres,fedex,,unknown,unknown
Les Arcs,fedex,,unknown,unknown
Le Thor,fedex,,unknown,unknown
Le Puy Ste Reparade,fedex,,unknown,unknown
Le Pontet,fedex,,unknown,unknown
Le Muy,fedex,,unknown,unknown
Le Luc,fedex,,unknown,unknown
Le Lavandou,fedex,,unknown,unknown
Le Cannet,fedex,,unknown,unknown
Le Cannet Des Maures,fedex,,unknown,unknown
Le Beausset,fedex,,unknown,unknown
Laragne Monteglin,fedex,,unknown,unknown
Lapalud,fedex,,unknown,unknown
Lancon Provence,fedex,,unknown,unknown
La Valette Du Var,fedex,,unknown,unknown
La Trinite,fedex,,unknown,unknown
La Seyne Sur Mer,fedex,,unknown,unknown
La Roquebrussanne,fedex,,unknown,unknown
La Roche Des Arnauds,fedex,,unknown,unknown
La Penne Sur Huveaune,fedex,,unknown,unknown
La Mole,fedex,,unknown,unknown
La Londe Les Maures,fedex,,unknown,unknown
La Garde,fedex,,unknown,unknown
La Farlede,fedex,,unknown,unknown
La Fare Les Oliviers,fedex,,unknown,unknown
La Croix Valmer,fedex,,unknown,unknown
La Crau,fedex,,unknown,unknown
La Ciotat,fedex,,unknown,unknown
L Isle Sur La Sorgue,fedex,,unknown,unknown
Juan Les Pins,fedex,,unknown,unknown
Istres,fedex,,unknown,unknown
Hyeres,fedex,,unknown,unknown
Guillestre,fedex,,unknown,unknown
Grimaud,fedex,,unknown,unknown
Greoux Les Bains,fedex,,unknown,unknown
Greasque,fedex,,unknown,unknown
Graveson,fedex,,unknown,unknown
Grasse,fedex,,unknown,unknown
Gattieres,fedex,,unknown,unknown
Gareoult,fedex,,unknown,unknown
Gardanne,fedex,,unknown,unknown
Gap,fedex,,unknown,unknown
Fuveau,fedex,,unknown,unknown
Frejus,fedex,,unknown,unknown
Fos Sur Mer,fedex,,unknown,unknown
Fayence,fedex,,unknown,unknown
Eyragues,fedex,,unknown,unknown
Eyguieres,fedex,,unknown,unknown
Entressen,fedex,,unknown,unknown
Entraigues Sur La Sorgue,fedex,,unknown,unknown
Embrun,fedex,,unknown,unknown
Draguignan,fedex,,unknown,unknown
Digne Les Bains,fedex,,unknown,unknown
Cuges Les Pins,fedex,,unknown,unknown
Cuers,fedex,,unknown,unknown
Crots,fedex,,unknown,unknown
Courthezon,fedex,,unknown,unknown
Coudoux,fedex,,unknown,unknown
Cotignac,fedex,,unknown,unknown
Cogolin,fedex,,unknown,unknown
Chateaurenard,fedex,,unknown,unknown
Chateauneuf Les Martigues,fedex,,unknown,unknown
Chateauneuf Le Rouge,fedex,,unknown,unknown
Chateauneuf Grasse,fedex,,unknown,unknown
Chateau Arnoux St Auban,fedex,,unknown,unknown
Ceyreste,fedex,,unknown,unknown
Cavalaire Sur Mer,fedex,,unknown,unknown
Cavaillon,fedex,,unknown,unknown
Caumont Sur Durance,fedex,,unknown,unknown
Castagniers,fedex,,unknown,unknown
Carry Le Rouet,fedex,,unknown,unknown
Carros,fedex,,unknown,unknown
Carqueiranne,fedex,,unknown,unknown
Carpentras,fedex,,unknown,unknown
Carnoux En Provence,fedex,,unknown,unknown
Cap D Antibes,fedex,,unknown,unknown
Cannes,fedex,,unknown,unknown
Cannes La Bocca,fedex,,unknown,unknown
Camaret Sur Aigues,fedex,,unknown,unknown
Callian,fedex,,unknown,unknown
Marseille,hema,,unknown,HEMA
Saint-Laurent-du-Var,hema,,unknown,HEMA
Nice,hema,,unknown,HEMA
MENTON,ikks,,unknown,IKKS Women Junior MENTON
ST TROPEZ,ikks,,unknown,IKKS Women SAINT TROPEZ
NICE,ikks,,unknown,IKKS Junior NICE
CANNES,ikks,,unknown,IKKS Junior CANNES
SAINT LAURENT DU VAR,ikks,,unknown,IKKS Women ST LAURENT DU VAR
ST RAPHAEL,ikks,,unknown,IKKS Women ST RAPHAEL
SAINT-RAPHAËL,ikks,,unknown,IKKS Junior SAINT RAPHAEL
CAGNES SUR MER,ikks,,unknown,IKKS Junior CAGNES SUR MER
HYERES,ikks,,unknown,IKKS Women HYERES
LA VALETTE DU VAR,ikks,,unknown,IKKS Junior TOULON
DRAGUIGNAN,ikks,,unknown,XandO Women DRAGUIGNAN
SANARY SUR MER,ikks,,unknown,IKKS MEN SANARY
LA CIOTAT,ikks,,unknown,LA CIOTAT MES PREMIERS PAS
MARSEILLE,ikks,,unknown,IKKS Women MARSEILLE - Terrasses du Port
CABRIES,ikks,,unknown,IKKS Junior CABRIES
AIX EN PROVENCE,ikks,,unknown,IKKS Junior AIX EN PROVENCE
AIX LES MILLES,ikks,,unknown,IKKS Junior LES MILLES
AIX  EN PROVENCE,ikks,,unknown,IKKS Women Men AIX EN PROVENCE
MIRAMAS,ikks,,unknown,IKKS Outlet Miramas XGSO
CAVAILLON,ikks,,unknown,CAVAILLON MMXJ
BRIANCON,ikks,,unknown,BRIANCON MMXJ
LE PONTET,ikks,,unknown,IKKS Junior LE PONTET (AVIGNON)
AVIGNON,ikks,,unknown,IKKS Junior AVIGNON
ORANGE,ikks,,unknown,ICODE ORANGE
Departement du Vaucluse,ionity,,unknown,Mornas Village
Departement du Var,ionity,,unknown,Vidauban Sud
Departement des Bouches-du-Rhone,ionity,,unknown,Meyrargues
Departement des Alpes-de-Haute-Provence,ionity,,unknown,Sisteron
Departement des Alpes-Maritimes,ionity,,unknown,Bréguières Nord
Villeneuve-Loubet,nike,,unknown,Nike Unite Villeneuve-Loubet Riviera
Departement des Alpes-Maritimes,pokawa,12 Rue Hélène Vagliano  Cannes   06400,unknown,Pokawa Cannes
Departement des Bouches-du-Rhone,pokawa,Aéroport Marseille T2   Marignane 13700,unknown,Pokawa Marseille Aéroport
Departement des Alpes-Maritimes,pokawa,217 Av. Eugène Donadeï  Saint-Laurent-du-Var   06700,unknown,Pokawa Nice Cap 3000
Departement des Alpes-Maritimes,pokawa,56 rue Gioffredo  Nice   06000,unknown,Pokawa Nice Gioffredo Carabacel
Avignon,starbucks_eu,Pont de l Europe 84000 Avignon,unknown,Gare d'Avignon TGV (Rail)
84130 AVIGNON,starbucks_eu,Av de Saint Tronquet 84130 AVIGNON,unknown,C.C LE PONTET
Miramas,starbucks_eu,ZI les Molieres 6 Boulevard d Espagne 13140 Miramas,unknown,Miramas - MacArthur Glen Outlet SC
13170 Les Pennes-Mirabeau,starbucks_eu,Chemin des Pennes aux Pins 13170 Les Pennes-Mirabeau,unknown,Pennes-Mirabeau Pathe Pl. Campagne
13464 marseille,starbucks_eu,11 avenue st antoine 13464 marseille,unknown,Marseille gd littoral
Marignane,starbucks_eu,Aeroport Marseille Provence 13700 Marignane,unknown,Marseille Provence Airport H 1
Marignane,starbucks_eu,Bp 156 Aeroport 13729 Marignane,unknown,Marseille Provence Airport H 4
Marignane,starbucks_eu,Marseille Provence Airport T2 Airside 13727 Marignane,unknown,Marseille Provence Airp T2 Airside
Marseille,starbucks_eu,CC Terrasses Du port Quai Du Maroc 13002 Marseille,unknown,Terrasses Du Port
Marseille,starbucks_eu,Place des Marseillaises 13001 Marseille,unknown,Gare de Marseille Saint Charles 2
13001 MARSEILLE,starbucks_eu,17 RUE DE LA REPUBLIQUE. 13001 MARSEILLE,unknown,17 Marseille Republique
Marseille,starbucks_eu,12 rue Montgrand 13006 Marseille,unknown,Marseille Place Felix Baret
83160 La valette du var,starbucks_eu,300 avenue de l'universite 83160 La valette du var,unknown,Avenue 83
13100 Aix-en-Provence,starbucks_eu,Pl des Augustins 13100 Aix en Provence Francia 13100 Aix-en-Provence,unknown,Aix-en-Provence Pl. des Augustins
Mougins,starbucks_eu,E80 Aire de Breguieres Nord 6250 Mougins,unknown,Mougins - Shell Aire de Breguiere
Cannes,starbucks_eu,1 rue Jean Jaures 6400 Cannes,unknown,Gare de Cannes
Du   Var,starbucks_eu,avenue Eugene Donadei Centre Commercial Cap 3000 Niveau 0 06700 Saint Laurent Du Var,unknown,CC Cap 3000
Nice,starbucks_eu,2 Place de la Gare du Sud 06000 Nice,unknown,Nice - Pathe Gare du Sud
06000 nice,starbucks_eu,avenue jean medecin 06000 nice,unknown,Nice etoile
Nice,starbucks_eu,Rue Massena 26 Nice 06000 Nice,unknown,Nice Massena 26
Nice,starbucks_eu,Rue Costes et Bellonte 06206 Nice,unknown,Nice - Airport Terminal 1
Departement des Bouches-du-Rhone,tier,,unknown,Tier
Marignane,travelex,Aérogare Hall A Terminal 1 Aéroport Marseille Provence Marignane 13700,unknown,Aeroport Marseille Provence
Cannes,travelex,8 rue d'Antibes  Cannes  06400,unknown,Cannes
Nice,travelex,1 avenue Malaussena Nice 06000,unknown,Nice Malaussena
CASTELNAUDARY,visa,,unknown,unknown
HYERES,visa,,unknown,unknown
LA SEYNE SUR MER,visa,,unknown,unknown
SIX FOURS LES PLAGES,visa,,unknown,unknown
SIX FOURS,visa,,unknown,unknown
LA SEYNE S/MER,visa,,unknown,unknown
LA SEYNE-SUR-MER,visa,,unknown,unknown
SANARY SUR MER,visa,,unknown,unknown
CARQUEIRANNE,visa,,unknown,unknown
TOULON,visa,,unknown,unknown
BANDOL,visa,,unknown,unknown
OLLIOULES,visa,,unknown,unknown
SANARY,visa,,unknown,unknown
LA GARDE,visa,,unknown,unknown
LA VALETTE,visa,,unknown,unknown
LA CIOTAT,visa,,unknown,unknown
LA CIOTAT CEDEX,visa,,unknown,unknown
ST CYR SUR MER,visa,,unknown,unknown
LA CRAU,visa,,unknown,unknown
CASSIS,visa,,unknown,unknown
LE BEAUSSET,visa,,unknown,unknown
LE LAVANDOU,visa,,unknown,unknown
BORMES LES MIMOSAS,visa,,unknown,unknown
MARSEILLE,visa,,unknown,unknown
CARNOUX EN PROVENCE,visa,,unknown,unknown
SOLLIES PONT,visa,,unknown,unknown
CARNOUX,visa,,unknown,unknown
MARSEILLE 02,visa,,unknown,unknown
CAVALAIRE,visa,,unknown,unknown
GEMENOS,visa,,unknown,unknown
CARRY LE ROUET,visa,,unknown,unknown
PIERREFEU DU VAR,visa,,unknown,unknown
CUERS,visa,,unknown,unknown
AUBAGNE,visa,,unknown,unknown
PORT ST LOUIS,visa,,unknown,unknown
ALLAUCH,visa,,unknown,unknown
PLAN DE CUQUES,visa,,unknown,unknown
CHATEAUNEUF,visa,,unknown,unknown
CHATEAUNEUF LES MARTIGUES,visa,,unknown,unknown
STES MARIES DE LA MER,visa,,unknown,unknown
PORT DE BOUC,visa,,unknown,unknown
MARTIGUES,visa,,unknown,unknown
ROQUEVAIRE,visa,,unknown,unknown
COGOLIN,visa,,unknown,unknown
MARIGNANE,visa,,unknown,unknown
FOS SUR MER,visa,,unknown,unknown
GASSIN,visa,,unknown,unknown
AURIOL,visa,,unknown,unknown
LA DESTROUSSE,visa,,unknown,unknown
ST VICTORET,visa,,unknown,unknown
LES PENNES MIRABEAU,visa,,unknown,unknown
ST MITRE LES REMPARTS,visa,,unknown,unknown
ST TROPEZ,visa,,unknown,unknown
NANS LES PINS,visa,,unknown,unknown
SAINT TROPEZ,visa,,unknown,unknown
SAINT ZACHARIE,visa,,unknown,unknown
VITROLLES,visa,,unknown,unknown
CABRIES,visa,,unknown,unknown
SAINTE MAXIME,visa,,unknown,unknown
BOUC BEL AIR,visa,,unknown,unknown
BERRE L ETANG CEDEX,visa,,unknown,unknown
BERRE L'ETANG,visa,,unknown,unknown
GARDANNE,visa,,unknown,unknown
ISTRES,visa,,unknown,unknown
FUVEAU,visa,,unknown,unknown
ROGNAC,visa,,unknown,unknown
TRETS,visa,,unknown,unknown
BRIGNOLES,visa,,unknown,unknown
LES MILLES,visa,,unknown,unknown
LE LUC,visa,,unknown,unknown
LE CANNET DES MAURES,visa,,unknown,unknown
LES ISSAMBRES,visa,,unknown,unknown
ROQUEBRUNE SUR ARGENS,visa,,unknown,unknown
SAINT MAXIMIN LA SAINTE BAUME,visa,,unknown,unknown
ST MAXIMIN LA STE BAUME,visa,,unknown,unknown
ROUSSET,visa,,unknown,unknown
AIX EN PROVENCE,visa,,unknown,unknown
SAINT MAXIMIN,visa,,unknown,unknown
ST CHAMAS,visa,,unknown,unknown
VELAUX,visa,,unknown,unknown
LE THOLONET,visa,,unknown,unknown
LA FARE LES OLIVIERS,visa,,unknown,unknown
SAINT AYGULF,visa,,unknown,unknown
POURRIERES,visa,,unknown,unknown
VIDAUBAN,visa,,unknown,unknown
AIX EN PVCE,visa,,unknown,unknown
MIRAMAS,visa,,unknown,unknown
LES ARCS S ARGENS,visa,,unknown,unknown
LANCON,visa,,unknown,unknown
PUYRICARD,visa,,unknown,unknown
EGUILLES,visa,,unknown,unknown
FREJUS,visa,,unknown,unknown
SAINT RAPHAEL,visa,,unknown,unknown
ST RAPHAEL,visa,,unknown,unknown
ST MARTIN DE CRAU CEDEX,visa,,unknown,unknown
ST MARTIN CRAU,visa,,unknown,unknown
RAPHELE LES ARLES,visa,,unknown,unknown
LORGUES,visa,,unknown,unknown
VENELLES,visa,,unknown,unknown
PUGET SUR ARGENS,visa,,unknown,unknown
LE MUY,visa,,unknown,unknown
LES ARCS,visa,,unknown,unknown
ARLES,visa,,unknown,unknown
PELISSANNE,visa,,unknown,unknown
COTIGNAC,visa,,unknown,unknown
SALON DE PROVENCE,visa,,unknown,unknown
AGAY,visa,,unknown,unknown
SALON DE PROVEN,visa,,unknown,unknown
ST CANNAT,visa,,unknown,unknown
VENCE,visa,,unknown,unknown
BARJOLS,visa,,unknown,unknown
TRANS EN PROVENCE,visa,,unknown,unknown
MOURIES,visa,,unknown,unknown
LAMBESC,visa,,unknown,unknown
FLAYOSC,visa,,unknown,unknown
SALERNES,visa,,unknown,unknown
DRAGUIGNAN,visa,,unknown,unknown
MEYRARGUES,visa,,unknown,unknown
RIANS,visa,,unknown,unknown
EYGUIERES,visa,,unknown,unknown
ROGNES,visa,,unknown,unknown
JOUQUES,visa,,unknown,unknown
FONTVIEILLE,visa,,unknown,unknown
MAUSSANE,visa,,unknown,unknown
LE PUY STE REPARADE,visa,,unknown,unknown
PERTUIS,visa,,unknown,unknown
CHARLEVAL,visa,,unknown,unknown
LA ROQUE D ANTHERON,visa,,unknown,unknown
MALLEMORT,visa,,unknown,unknown
AUPS,visa,,unknown,unknown
EYGALIERES,visa,,unknown,unknown
PEYROLLES,visa,,unknown,unknown
SAINT ETIENNE DU GRES,visa,,unknown,unknown
SENAS,visa,,unknown,unknown
MANDELIEU,visa,,unknown,unknown
CANNES LA BOCCA,visa,,unknown,unknown
CANNES,visa,,unknown,unknown
TARASCON,visa,,unknown,unknown
ST REMY DE PROVENCE,visa,,unknown,unknown
ST REMY DE PROV,visa,,unknown,unknown
LAURIS,visa,,unknown,unknown
LA TOUR D AIGUES,visa,,unknown,unknown
LE CANNET,visa,,unknown,unknown
NIMES,visa,,unknown,unknown
TOURRETTES,visa,,unknown,unknown
LE MOUGINS,visa,,unknown,unknown
VALLAURIS,visa,,unknown,unknown
FAYENCE,visa,,unknown,unknown
JUAN LES PINS,visa,,unknown,unknown
PEGOMAS,visa,,unknown,unknown
ST CHRISTOL D ALBION,visa,,unknown,unknown
CUCURON,visa,,unknown,unknown
ANTIBES,visa,,unknown,unknown
LOURMARIN,visa,,unknown,unknown
EYRAGUES,visa,,unknown,unknown
ST ANDIOL,visa,,unknown,unknown
GRAVESON,visa,,unknown,unknown
LA FONTONNE,visa,,unknown,unknown
CAVAILLON,visa,,unknown,unknown
VALBONNE,visa,,unknown,unknown
GRASSE,visa,,unknown,unknown
PEYMEINADE,visa,,unknown,unknown
GREOUX LES BAINS,visa,,unknown,unknown
CABANNES,visa,,unknown,unknown
NOVES,visa,,unknown,unknown
CHATEAURENARD,visa,,unknown,unknown
VILLENEUVE,visa,,unknown,unknown
MAUBEC,visa,,unknown,unknown
ROGNONAS,visa,,unknown,unknown
CAUMONT SUR DURANCE,visa,,unknown,unknown
CHATEAUNEUF DE GRASSE,visa,,unknown,unknown
CHATEAUNEUF GRASSE,visa,,unknown,unknown
LA CAVALERIE,visa,,unknown,unknown
CAGNES SUR MER,visa,,unknown,unknown
CAGNES,visa,,unknown,unknown
AVIGNON,visa,,unknown,unknown
MANOSQUE,visa,,unknown,unknown
APT,visa,,unknown,unknown
ST LAURENT VAR,visa,,unknown,unknown
MONTFAVET,visa,,unknown,unknown
ISLE SUR SORGUE,visa,,unknown,unknown
L ISLE SUR SORGUE,visa,,unknown,unknown
NICE,visa,,unknown,unknown
LE THOR,visa,,unknown,unknown
MORIERES,visa,,unknown,unknown
VALENSOLE,visa,,unknown,unknown
LE PONTET,visa,,unknown,unknown
ST SATURNIN LES AVIGNON,visa,,unknown,unknown
BEAULIEU SUR MER,visa,,unknown,unknown
BEAULIEU S/MER,visa,,unknown,unknown
VEDENE,visa,,unknown,unknown
ST JEANNET,visa,,unknown,unknown
SORGUES,visa,,unknown,unknown
ENTRAIGUES,visa,,unknown,unknown
ALTHEN LES PALUDS,visa,,unknown,unknown
PERNES LES FONTAINES,visa,,unknown,unknown
LA TRINITE,visa,,unknown,unknown
CASTELLANE,visa,,unknown,unknown
MONACO,visa,,unknown,unknown
CARROS,visa,,unknown,unknown
BEAUSOLEIL,visa,,unknown,unknown
SAINT DIDIER,visa,,unknown,unknown
BEDARRIDES,visa,,unknown,unknown
MONTEUX,visa,,unknown,unknown
MONTE,visa,,unknown,unknown
FORCALQUIER,visa,,unknown,unknown
CHATEAUNEUF DU PAPE,visa,,unknown,unknown
MENTON,visa,,unknown,unknown
CARPENTRAS,visa,,unknown,unknown
LAUDUN L ARDOISE,visa,,unknown,unknown
CONTES,visa,,unknown,unknown
MAZAN,visa,,unknown,unknown
COURTHEZON,visa,,unknown,unknown
SARRIANS,visa,,unknown,unknown
CADEROUSSE,visa,,unknown,unknown
MORMOIRON,visa,,unknown,unknown
L ESCARENE,visa,,unknown,unknown
AUBIGNAN,visa,,unknown,unknown
JONQUIERES,visa,,unknown,unknown
ORANGE,visa,,unknown,unknown
CAROMB,visa,,unknown,unknown
ST ANDRE DES ALPES,visa,,unknown,unknown
PEYRUIS,visa,,unknown,unknown
BEAUMES DE VENISE,visa,,unknown,unknown
SAULT,visa,,unknown,unknown
BEDOIN,visa,,unknown,unknown
CAMARET SUR AIGUES,visa,,unknown,unknown
CAMARET,visa,,unknown,unknown
SOSPEL,visa,,unknown,unknown
PIOLENC,visa,,unknown,unknown
PUGET THENIERS,visa,,unknown,unknown
CHATEAU ARNOUX ST AUBAN,visa,,unknown,unknown
MALAUCENE,visa,,unknown,unknown
MONDRAGON,visa,,unknown,unknown
DIGNE LES BAINS,visa,,unknown,unknown
DIGNE,visa,,unknown,unknown
STE CECILE LES VIGNES,visa,,unknown,unknown
VAISON LA ROMAINE,visa,,unknown,unknown
BOLLENE,visa,,unknown,unknown
LAPALUD,visa,,unknown,unknown
SISTERON,visa,,unknown,unknown
GUILLAUMES,visa,,unknown,unknown
VISAN,visa,,unknown,unknown
VALREAS,visa,,unknown,unknown
TENDE,visa,,unknown,unknown
LARAGNE,visa,,unknown,unknown
SERRES,visa,,unknown,unknown
TALLARD,visa,,unknown,unknown
VEYNES,visa,,unknown,unknown
LES ORRES,visa,,unknown,unknown
GAP,visa,,unknown,unknown
CHORGES,visa,,unknown,unknown
EMBRUN,visa,,unknown,unknown
SAINT ETIENNE EN DEVOLUY,visa,,unknown,unknown
VARS LES CLAUX,visa,,unknown,unknown
ANCELLE,visa,,unknown,unknown
AGNIERES EN DEVOLUY,visa,,unknown,unknown
ST BONNET,visa,,unknown,unknown
ST JEAN ST NICOLAS,visa,,unknown,unknown
RISOUL,visa,,unknown,unknown
ORCIERES,visa,,unknown,unknown
GUILLESTRE,visa,,unknown,unknown
SAINT FIRMIN,visa,,unknown,unknown
GUILHERAND GRANGES,visa,,unknown,unknown
L ARGENTIERE,visa,,unknown,unknown
L'ARGENTIERE,visa,,unknown,unknown
BRIVE LA GAILLARDE,visa,,unknown,unknown
PUY ST VINCENT,visa,,unknown,unknown
BRIANCON,visa,,unknown,unknown
CHANTEMERLE,visa,,unknown,unknown
MONTGENEVRE,visa,,unknown,unknown
MONETIER LES BAINS,visa,,unknown,unknown
BRASSAC LES MINES,visa,,unknown,unknown
LA SEYNE,visa,,unknown,unknown
SAVERNE,visa,,unknown,unknown
KOUROU,visa,,unknown,unknown
Embrun,western_union,,unknown,EMBRUN BP
Port Saint Louis Du Rhone,western_union,,unknown,PORT ST LOUIS DU RHONE BP
Arles,western_union,,unknown,ARLES LES LICES BP
Fos Sur Mer,western_union,,unknown,FOS SUR MER LES PINS BP
Port De Bouc,western_union,,unknown,MONDIAL PHONE
Tarascon,western_union,,unknown,EUROPHONE
Saint Martin De Crau,western_union,,unknown,SAINT MARTIN DE CRAU BP
Martigues,western_union,,unknown,MARTIGUES FERRIERES BP
Carry Le Rouet,western_union,,unknown,CARRY LE ROUET BP
Sausset Les Pins,western_union,,unknown,SAUSSET LES PINS BP
Istres,western_union,,unknown,ISTRES ARISTIDE BRIAND BP
Chateauneuf Martigue Cedex,western_union,,unknown,CHATEAUNEUF LES MARTIGUES BP
Marseille,western_union,,unknown,MARSEILLE SAINT HENRI BP
St Chamas,western_union,,unknown,SAINT CHAMAS BP
Miramas,western_union,,unknown,INAHNAHENE
Saint Chamas,western_union,,unknown,BAR TABAC DE L EPOQUE
Berre L Etang,western_union,,unknown,BERRE L ETANG BP
Avignon,western_union,,unknown,AVIGNON PONT DES DEUX EAUX BP
Marseille 1er Arrondissement,western_union,,unknown,HKM TRADE
Bandol,western_union,,unknown,BANDOL BP
La Seyne Sur Mer,western_union,,unknown,LA SEYNE LA NAVALE BP
Six Fours Les Plages,western_union,,unknown,SIX FOURS LES PLAGES BP
Gignac La Nerthe,western_union,,unknown,GIGNAC LA NERTHE BP
Saint Remy De Provence,western_union,,unknown,SAINT REMY DE PROVENCE BP
Chateaurenard,western_union,,unknown,AMIR
Vitrolles,western_union,,unknown,VITROLLES SUD BP
Sanary Sur Mer,western_union,,unknown,SANARY SUR MER BP
Cassis,western_union,,unknown,CASSIS BP
Marseille 3e Arrondissement,western_union,,unknown,SOUKRA TELECOM
La Ciotat,western_union,,unknown,LA CIOTAT SAINT JEAN BP
Marignane,western_union,,unknown,MARIGNANE MARECHAL JUIN BP
Plan De Cuques,western_union,,unknown,PLAN DE CUQUES BP
Salon De Provence,western_union,,unknown,SALON DE PROVENCE JEAN MOULIN BP
Aubagne,western_union,,unknown,COMPTOIR EXOTIC
Ollioules,western_union,,unknown,OLLIOULES BP
Carnoux En Provence Cedex,western_union,,unknown,CARNOUX EN PROVENCE BP
Saint Cyr Sur Mer,western_union,,unknown,SAINT CYR SUR MER BP
Les Pennes Mirabeau,western_union,,unknown,LES PENNES MIRABEAU LA GAVOTTE BP
Saint Victoret,western_union,,unknown,SAINT VICTORET BP
Sorgues,western_union,,unknown,SORGUES BP
Carqueiranne,western_union,,unknown,CARQUEIRANNE BP
Orange,western_union,,unknown,DEL CAPO
Le Beausset,western_union,,unknown,LE BEAUSSET BP
Pelissanne,western_union,,unknown,PELISSANNE BP
Morieres Les Avignon,western_union,,unknown,MORIERES LES AVIGNON BP
Le Pradet,western_union,,unknown,LE PRADET BP
Allauch Cedex,western_union,,unknown,ALLAUCH LOGIS NEUF BP
Velaux,western_union,,unknown,VELAUX BP
Toulon,western_union,,unknown,TOULON MOURILLON BP
Bollene,western_union,,unknown,BOLLENE BP
Septemes Les Vallons,western_union,,unknown,SEPTEMES LES VALLONS BP
Lancon Provence,western_union,,unknown,LANCON PROVENCE BP
Rognac,western_union,,unknown,ROGNAC BP
Piolenc,western_union,,unknown,PIOLENC BP
Allauch,western_union,,unknown,ALLAUCH VILLAGE BP
Le Pontet,western_union,,unknown,SAV SOLUTIONS 84
Montfavet,western_union,,unknown,COOL MARKET
Vedene,western_union,,unknown,VEDENE BP
La Valette Du Var,western_union,,unknown,LA VALETTE DU VAR PPAL BP
La Garde,western_union,,unknown,LA GARDE BP
Cabries,western_union,,unknown,CABRIES CALAS BP
Sollies Pont,western_union,,unknown,SOLLIES PONT BP
Aix En Provence,western_union,,unknown,AIX EN PROVENCE LA ROTONDE BP
Lambesc,western_union,,unknown,LAMBESC BP
Eguilles,western_union,,unknown,EGUILLES BP
La Bouilladisse,western_union,,unknown,LA BOUILLADISSE BP
Hyeres,western_union,,unknown,HYERES HOTEL DE VILLE BP
Cavaillon,western_union,,unknown,MK COM
Bouc Bel Air,western_union,,unknown,BOUC BEL AIR BP
Mallemort,western_union,,unknown,MALLEMORT BP
La Destrousse,western_union,,unknown,LA DESTROUSSE BP
Pernes Les Fontaines,western_union,,unknown,PERNES LES FONTAINES BP
Maubec,western_union,,unknown,MAUBEC LE COUSTELLET BP
Puyricard,western_union,,unknown,AIX EN PROVENCE PUYRICARD BP
Le Lavandou,western_union,,unknown,LE LAVANDOU BP
Jonquieres,western_union,,unknown,LES 2 A
Gardanne,western_union,,unknown,GARDANNE BP
Le Thor,western_union,,unknown,LE THOR BP
La Crau,western_union,,unknown,LA CRAU BP
Roquevaire,western_union,,unknown,ROQUEVAIRE BP
L Isle Sur La Sorgue,western_union,,unknown,L ISLE SUR LA SORGUE BP
La Londe Les Maures,western_union,,unknown,LA LONDE LES MAURES BP
Carpentras,western_union,,unknown,CARPENTRAS BP
Cuers,western_union,,unknown,CUERS BP
Venelles,western_union,,unknown,VENELLES BP
Valreas,western_union,,unknown,VALREAS BP
Cavalaire Sur Mer,western_union,,unknown,CAVALAIRE SUR MER BP
Rocbaron,western_union,,unknown,TABAC DU FRAY REDON
Aix  En Provence,western_union,,unknown,MOBYNOV
Monteux,western_union,,unknown,BILLOIN
Vaison La Romaine,western_union,,unknown,VAISON LA ROMAINE BP
Gareoult,western_union,,unknown,GAREOULT BP
Carnoules,western_union,,unknown,CAFE TABAC LE COLLET
Trets,western_union,,unknown,TRETS BP
Pertuis,western_union,,unknown,PERTUIS BP
St Maximin La Ste Baume,western_union,,unknown,SAINT MAXIMIN LA SAINTE BAUME BP
Le Luc,western_union,,unknown,LE LUC BP
Apt,western_union,,unknown,CENTRE MULTIMEDIA D APT
Brignoles,western_union,,unknown,BRIGNOLES BP
Besse Sur Issole,western_union,,unknown,LES ARENES
Cogolin,western_union,,unknown,COGOLIN BP
Lorgues,western_union,,unknown,LORGUES BP
Saint Aygulf,western_union,,unknown,SAINT AYGULF BP
Le Muy,western_union,,unknown,LA BOULE D OR
Frejus,western_union,,unknown,FREJUS PLAGE BP
Saint Raphael,western_union,,unknown,SAINT RAPHAEL BP
St Tropez,western_union,,unknown,SAINT TROPEZ BP
Saint Tropez,western_union,,unknown,MASTER CHANGE
Ste Maxime,western_union,,unknown,SAINTE MAXIME BP
Vidauban,western_union,,unknown,VIDAUBAN BP
Manosque,western_union,,unknown,MANOSQUE BP
Puget Sur Argens,western_union,,unknown,PUGET SUR ARGENS BP
Forcalquier,western_union,,unknown,FORCALQUIER BP
Cannes,western_union,,unknown,DISTRIBUTION CONCEPT
Cannes La Bocca,western_union,,unknown,CANNES RANGUIN BP
Mandelieu La Napoule,western_union,,unknown,MANDELIEU LA NAPOULE PRINCIPAL BP
Grasse,western_union,,unknown,DELICES DU MONDE CHEZ MARTHE
Antibes,western_union,,unknown,ANTIBES DE GAULLE BP
Le Cannet,western_union,,unknown,LE CANNET LES MIMOSAS BP
Le Golfe Juan,western_union,,unknown,LE GOLFE JUAN BP
Juan Les Pins,western_union,,unknown,JUAN LES PINS BP
Mouans Sartoux,western_union,,unknown,MOUANS SARTOUX BP
Biot,western_union,,unknown,BIOT SOPHIA BP
Fayence,western_union,,unknown,FAYENCE BP
Mougins,western_union,,unknown,MOUGINS BP
Draguignan,western_union,,unknown,DRAGUIGNAN CHABRAN BP
Valbonne,western_union,,unknown,VALBONNE PRINCIPAL BP
Peymeinade,western_union,,unknown,PEYMEINADE BP
Villeneuve Loubet,western_union,,unknown,VILLENEUVE LOUBET BP
Nice,western_union,,unknown,BUREAU DE CHANGE NICE GARE SNCF
Cagnes Sur Mer,western_union,,unknown,CAGNES SUR MER LITTORAL BP
Saint Laurent Du Var,western_union,,unknown,ST LAURENT DU VAR DE GAULLE PAL BP
Pegomas,western_union,,unknown,PEGOMAS BP
Vallauris,western_union,,unknown,VALLAURIS BP
Beaulieu Sur Mer,western_union,,unknown,BEAULIEU CHANGE INTERNATIONAL
Opio,western_union,,unknown,OPIO BP
Roquefort Les Pins,western_union,,unknown,ROQUEFORT LES PINS BP
Carros,western_union,,unknown,CARROS BP
Laragne Monteglin,western_union,,unknown,TABAC DE LA FONTAINE
La Trinite,western_union,,unknown,LA TRINITE BP
Menton,western_union,,unknown,MENTON BP
Sisteron,western_union,,unknown,SISTERON BP
Seranon,western_union,,unknown,BAR TABAC RELAIS DE VILLAUTE
Vence,western_union,,unknown,VENCE BP
Beausoleil,western_union,,unknown,CYBER CAFE
Chateauneuf Grasse,western_union,,unknown,CHATEAUNEUF BP
Roquebrune Cap Martin,western_union,,unknown,ROQUEBRUNE CAP MARTIN CARNOLES BP
Digne Les Bains,western_union,,unknown,DIGNE R P BP
St Martin Du Var,western_union,,unknown,SAINT MARTIN DU VAR BP
Saint Martin,western_union,,unknown,TABAC LOU BIAL
Briancon,western_union,,unknown,BRIANCON SAINTE CATHERINE BP
Gap,western_union,,unknown,GAP R P BP
