City,Place Name,Zipcode,Name
unknown,aldi_sud_au,,unknown,ALDI Adelaide
Adelaide ,ally_fashion_au,,unknown,City Cross
Parafield Airport,ally_fashion_au,,unknown,The District Out;et
Elizabeth,angus_and_coote_au,SH S123 Elizabeth S/Centre 50 Elizabeth Way Elizabeth SA 5112,unknown,Elizabeth
Oaklands Park,angus_and_coote_au,Shop 1018-1019 Westfield Shoppingtown 297 Diagonal Road Oaklands Park SA 5046,unknown,Marion
West Lakes,angus_and_coote_au,111 West Lakes Boulevard West Lakes SA 5021,unknown,Westlakes
Adelaide,apple,,unknown,Apple Rundle Place
Mile End,audi,58 Scotland Road Mile End 5031,unknown,Audi Solitaire Service
Hawthorn,audi,26 Belair Road Hawthorn 5062,unknown,Audi Solitaire
Keswick,audi,110 Richmond Road Keswick 5035,unknown,Specific Prestige
Adelaide,aurecongroup,Level 3 25 Grenfell Street AdelaideSA 5000,unknown,unknown
Whyalla,avis,,unknown,Avis Australia Whyalla Airport
Warrnambool,avis,,unknown,Avis Australia Warrnambool
Port Lincoln,avis,,unknown,Avis Australia Port Lincoln Airport
Port Augusta,avis,,unknown,Avis Australia Port Augusta
Olympic Dam,avis,,unknown,Avis Australia Olympic Dam Airport
Naracoorte,avis,,unknown,Avis Australia Naracoorte
Mount Gambier,avis,,unknown,Avis Australia Mount Gambier Airport
Hindmarsh,avis,,unknown,Avis Australia Hindmarsh
Coober Pedy,avis,,unknown,Avis Australia Coober Pedy
Ceduna,avis,,unknown,Avis Australia Ceduna Airport
Adelaide,avis,,unknown,Avis Australia Adelaide Airport
Clare,carpet_court_au,,unknown,Clare Carpet Court
Mount Barker,carpet_court_au,,unknown,Mount Barker Carpet Court
Naracoorte,carpet_court_au,,unknown,Naracoorte Carpet Court
Gepps Cross,carpet_court_au,,unknown,Gepps Carpet Court
Noarlunga Centre,carpet_court_au,,unknown,Mid Coast Carpet Court
Port Pirie,carpet_court_au,,unknown,Port Pirie Carpet Court
Victor Harbor,carpet_court_au,,unknown,Victor Carpet Court
Port Lincoln,carpet_court_au,,unknown,Nick's Carpet Court
Parafield,carpet_court_au,,unknown,Parafield Carpet Court
Nuriootpa,carpet_court_au,,unknown,Barossa Carpet Court
Murray Bridge,carpet_court_au,,unknown,Bridge Carpet Court
Melrose Park,carpet_court_au,,unknown,Carpet Style Carpet Court
Marleston,carpet_court_au,,unknown,Floors Plus Carpet Court
Kadina,carpet_court_au,,unknown,Kadina Carpet Court
Gilles Plains,carpet_court_au,,unknown,Holden Hill Carpet Court
Dulwich,carpet_court_au,,unknown,Hillside Carpet Court
Mount Gambier,dimmeys_au,,unknown,Mount Gambier
Renmark,dollar_curtains_and_blinds_au,2/238-242 Renmark Avenue Renmark 5341 SA,unknown,dollar curtains + blinds Renmark
Mount Gambier,dollar_curtains_and_blinds_au,68 Commercial Street West Mt Gambier 5290 SA,unknown,dollar curtains + blinds Mount Gambier
Wallaroo,drakes_au,,unknown,Cellarbrations Wallaroo
Gepps Cross,fantastic_furniture_au,Gepps Cross Home HQ 750 Main North Road Gepps Cross South Australia 5094,unknown,Gepps Cross
Mitchell Park,fantastic_furniture_au,941-945 Marion Road Mitchell Park South Australia 5043,unknown,Marion
Mile End,fantastic_furniture_au,Mile End Home Shopping Centre 121-150 Railway Terrace Mile End South Australia 5031,unknown,Mile End
Smithfield,fantastic_furniture_au,Munno Para Shopping Centre 600 Main North Road Smithfield South Australia 5114,unknown,Munno Para
Noarlunga,fantastic_furniture_au,Unit 5 Noarlunga Homemaker Centre. 7 Seaman Road Noarlunga South Australia 5168,unknown,Noarlunga
Adelaide ,forever_new,,unknown,Forever New at David Jones Marion
Adelaide,forever_new,,unknown,Forever New at David Jones Rundle Mall 
Gepps Cross ,forty_winks_au,,unknown,Forty Winks Gepps Cross
Mile End,forty_winks_au,,unknown,Forty Winks Mile End
Mt Gambier ,forty_winks_au,,unknown,Forty Winks Mt Gambier
Smithfield (Munno Para),forty_winks_au,,unknown,Forty Winks Munno Para
Noarlunga,forty_winks_au,,unknown,Forty Winks Noarlunga
Payneham,forty_winks_au,,unknown,Forty Winks Payneham
Hectorville,freedom_furniture,,unknown,Freedom - Glynde
Marion,freedom_furniture,,unknown,Freedom - Marion
Mile End,freedom_furniture,,unknown,Freedom - Mile End
Elizabeth,hairhouse_au,,unknown,Hairhouse Elizabeth
West Lakes,hairhouse_au,,unknown,Hairhouse West Lakes
Modbury,hairhouse_au,,unknown,Hairhouse Tea Tree Plaza
Oaklands Park,hairhouse_au,,unknown,Hairhouse Marion
Noarlunga Centre,hairhouse_au,,unknown,Hairhouse Colonnades
Mount Gambier,hairhouse_au,,unknown,Hairhouse Mount Gambier
Adelaide,hm,,unknown,Rundle Mall
Adelaide,jo_mercer_au,,unknown,Rundle Mall
unknown,kaisercraft_au,T05 22-24 Nobby Buckley Drive,unknown,Kaisercraft Parafield
Prospect South,kaisercraft_au,264 Main North Road Prospect South Australia 5082,unknown,Kaisercraft Prospect
St Agnes,kaisercraft_au,1244 North East Road St Agnes SA 5097,unknown,Kaisercraft St Agnes
Barmera,liberty_au,,unknown,unknown
Fairview Park,little_free_library,,unknown,Christina Tassell #4447 Fairview Park South Australia
Adelaide,little_free_library,,unknown,Kathleen Rossini #12512 Adelaide South Australia
Bowden,little_free_library,,unknown,Andre Stuyt #13703 Bowden South Australia
Hardwicke Bay,little_free_library,,unknown,Allen's Book Box #81331 Hardwicke Bay South Australia
Mile End,mercedes_benz,,unknown,B.E.A. Motors Pty. Ltd.
Adelaide,mercedes_benz,,unknown,Autohaus Pty Ltd
Mount Gambier,mercedes_benz,,unknown,Niplag Pty. Ltd. as trustee for The Carlin & Gazzard Trust
Port Lincoln,mercedes_benz,,unknown,Q Mechanical Services Pty Ltd
Malvern,mercedes_benz,,unknown,B.E.A. Motors Pty. Ltd.
Unley Park,mercedes_benz,,unknown,B.E.A. Motors Pty. Ltd.
Edwardstown,mercedes_benz,,unknown,RFW Holdings Pty Ltd as trustee for The Robert Wann Family Trust
BLACKWOOD,mitre_10_au,,unknown,BLACKWOOD - Banner Mitre 10
YORKETOWN,mitre_10_au,,unknown,YORKETOWN - Yorketown True Value Hardware
WHYALLA,mitre_10_au,,unknown,WHYALLA - Bianco Mitre 10
WAIKERIE,mitre_10_au,,unknown,WAIKERIE - Wills & Co Mitre 10
VIRGINIA,mitre_10_au,,unknown,VIRGINIA - Virginia Mitre 10
TUMBY BAY,mitre_10_au,,unknown,TUMBY BAY - Tumby Bay Mitre 10
TORRENSVILLE,mitre_10_au,,unknown,TORRENSVILLE - K&B Mitre 10 Trade Centre
STREAKY BAY,mitre_10_au,,unknown,STREAKY BAY - Beck's Mitre 10
STRATHALBYN,mitre_10_au,,unknown,STRATHALBYN - Strathalbyn Mitre 10
STIRLING,mitre_10_au,,unknown,STIRLING - Stirling Mitre 10
ROXBY DOWNS,mitre_10_au,,unknown,ROXBY DOWNS - Roxby Traders Mitre 10
ROBE,mitre_10_au,,unknown,ROBE - Robe Mitre 10
REYNELLA,mitre_10_au,,unknown,REYNELLA - Reynella Mitre 10
RENMARK,mitre_10_au,,unknown,RENMARK - Wills & Co Mitre 10
PORT PIRIE,mitre_10_au,,unknown,PORT PIRIE - Midstate Hardware Mitre 10
PORT LINCOLN,mitre_10_au,,unknown,PORT LINCOLN - Port Lincoln Mitre 10
PORT ELLIOT,mitre_10_au,,unknown,PORT ELLIOT - Timco Mitre 10
PORT AUGUSTA,mitre_10_au,,unknown,PORT AUGUSTA - Better Homes Supplies Mitre 10
NURIOOTPA,mitre_10_au,,unknown,NURIOOTPA - Barossa Mitre 10
NORWOOD,mitre_10_au,,unknown,NORWOOD - Banner Mitre 10
NORMANVILLE,mitre_10_au,,unknown,NORMANVILLE - Normanville Mitre 10
NARACOORTE,mitre_10_au,,unknown,NARACOORTE - K&B Mitre 10
MOUNT GAMBIER,mitre_10_au,,unknown,MOUNT GAMBIER - K&B Mitre 10
MOUNT BARKER,mitre_10_au,,unknown,MOUNT BARKER - Banner Mitre 10
MOONTA,mitre_10_au,,unknown,MOONTA - Shippys Thrifty-Link Hardware
MILLICENT,mitre_10_au,,unknown,MILLICENT - Banner Mitre 10
MCLAREN VALE,mitre_10_au,,unknown,MCLAREN VALE - McLaren Vale Mitre 10
MANNUM,mitre_10_au,,unknown,MANNUM - Mannum True Value Hardware
MALVERN,mitre_10_au,,unknown,MALVERN - Barrow & Bench Mitre 10
MAITLAND,mitre_10_au,,unknown,MAITLAND - Maitland True Value Hardware
LYNDOCH,mitre_10_au,,unknown,LYNDOCH - Lagana Brothers True Value Hardware
LAMEROO,mitre_10_au,,unknown,LAMEROO - Lameroo Home Hardware
KINGSCOTE,mitre_10_au,,unknown,KINGSCOTE - Linden Lea Mitre 10
KIDMAN PARK,mitre_10_au,,unknown,KIDMAN PARK - Findon Mitre 10
KEITH,mitre_10_au,,unknown,KEITH - Keith Mitre 10
KADINA,mitre_10_au,,unknown,KADINA - Kadina Mitre 10
JAMESTOWN,mitre_10_au,,unknown,JAMESTOWN - Worm's Mitre 10
HECTORVILLE,mitre_10_au,,unknown,HECTORVILLE - Glynde Mitre 10
GLENELG,mitre_10_au,,unknown,GLENELG - Banner Mitre 10
GAWLER,mitre_10_au,,unknown,GAWLER - Gawler Mitre 10
COOBER PEDY,mitre_10_au,,unknown,COOBER PEDY - Coober Pedy Home Hardware
CLEVE,mitre_10_au,,unknown,CLEVE - Cleve Mitre 10
CLARE,mitre_10_au,,unknown,CLARE - Pink's Mitre 10
BRIGHTON,mitre_10_au,,unknown,BRIGHTON - Brighton Mitre 10
BALHANNAH,mitre_10_au,,unknown,BALHANNAH - Balhannah Mitre 10
ALDINGA,mitre_10_au,,unknown,ALDINGA - Flinders Mitre 10
Mile End,national_tiles_au,,unknown,Mile End
Mt Gambier,national_tiles_au,,unknown,Mt Gambier
Nailsworth,national_tiles_au,,unknown,Nailsworth
Wingfield,national_tiles_au,,unknown,Wingfield DC
Adelaide,nike,,unknown,Nike Rundle Mall
West Lakes,novo_au,,unknown,Novo Westlakes
Modbury,novo_au,,unknown,Novo Tea Tree Plaza
Adelaide,novo_au,,unknown,Novo Rundle Mall
Oaklands Park,novo_au,,unknown,Novo Marion
Adelaide Airport,novo_au,,unknown,Novo Adelaide Harbour Town
Elizabeth,novo_au,,unknown,Novo Elizabeth
Parafield,novo_au,,unknown,Novo Parafield DFO
Hawthorn,orangetheory_fitness,,unknown,Mitcham
Port Augusta West,otr_au,,unknown,OTR Port Augusta West
Port Augusta,otr_au,,unknown,OTR Port Augusta
CEDUNA,otr_au,,unknown,OTR Ceduna Mozies
Ceduna,otr_au,,unknown,OTR Ceduna
Whyalla Stuart,otr_au,,unknown,OTR Whyalla McRitchie
Risdon Park,otr_au,,unknown,OTR Port Pirie South
Kadina,otr_au,,unknown,OTR Kadina
Clare,otr_au,,unknown,OTR Clare
Port Wakefield,otr_au,,unknown,OTR Port Wakefield
Port Lincoln,otr_au,,unknown,OTR Port Lincoln
Kapunda,otr_au,,unknown,OTR Kapunda
Two Wells,otr_au,,unknown,OTR Two Wells
Nuriootpa,otr_au,,unknown,OTR Nuriootpa
ADELAIDE,otr_au,,unknown,OTR Virginia
Angle Vale,otr_au,,unknown,OTR Angle Vale
Evanston Gardens,otr_au,,unknown,OTR Evanston Gardens
Evanston,otr_au,,unknown,OTR Evanston
Munno Para West,otr_au,,unknown,OTR Munno Para West
Smithfield,otr_au,,unknown,OTR Smithfield
Davoren Park,otr_au,,unknown,OTR Davoren Park
Elizabeth ,otr_au,,unknown,OTR Elizabeth Drive Thru
Elizabeth,otr_au,,unknown,OTR Elizabeth
Paralowie,otr_au,,unknown,OTR Paralowie
Bolivar,otr_au,,unknown,OTR Port Wakefield Road
Salisbury North,otr_au,,unknown,OTR Salisbury North
Hillbank,otr_au,,unknown,OTR Hillbank
Elizabeth South,otr_au,,unknown,OTR Elizabeth South
Salisbury,otr_au,,unknown,OTR Salisbury Park Terrace
Parafield Gardens,otr_au,,unknown,OTR Parafield Gardens
Salisbury Downs,otr_au,,unknown,OTR Salisbury Downs
Largs Bay,otr_au,,unknown,OTR Largs Bay Military Road
Peterhead,otr_au,,unknown,OTR Peterhead
Parafield,otr_au,,unknown,OTR Parafield
Mawson Lakes,otr_au,,unknown,OTR Mawson Lakes
Para Hills West,otr_au,,unknown,OTR Para Hills West
Dry Creek,otr_au,,unknown,OTR Dry Creek
Rosewater,otr_au,,unknown,OTR Rosewater
Golden Grove,otr_au,,unknown,OTR Golden Grove
Alberton,otr_au,,unknown,OTR Alberton
Para Hills,otr_au,,unknown,OTR Para Hills
Cavan,otr_au,,unknown,OTR Cavan Outbound Drive Thru
Pooraka,otr_au,,unknown,OTR Pooraka
Surrey Downs,otr_au,,unknown,OTR Surrey Downs
Angle Park,otr_au,,unknown,OTR Angle Park
Gepps Cross,otr_au,,unknown,OTR Gepps Cross
Woodville West,otr_au,,unknown,OTR Woodville West
Kilburn,otr_au,,unknown,OTR Kilburn
Woodville South,otr_au,,unknown,OTR Woodville South
Blair Athol,otr_au,,unknown,OTR Blair Athol
Modbury,otr_au,,unknown,OTR Modbury
Woodville Park ,otr_au,,unknown,OTR Woodville Park David Terrace
Woodville Park,otr_au,,unknown,OTR Woodville Park Drive Thru
Croydon Park,otr_au,,unknown,OTR Croydon Park
Holden Hill,otr_au,,unknown,OTR Holden Hill South Cnr Tarton Road
Seaton,otr_au,,unknown,OTR Seaton
Broadview,otr_au,,unknown,OTR Broadview
WEST CROYDON,otr_au,,unknown,OTR West Croydon
Ridleyton,otr_au,,unknown,OTR Ridleyton
Hillcrest,otr_au,,unknown,OTR Hillcrest
Greenacres,otr_au,,unknown,OTR Greenacres
Fulham Gardens ,otr_au,,unknown,OTR Fulham Gardens Drive Thru
Flinders Park,otr_au,,unknown,OTR Flinders Park
Prospect,otr_au,,unknown,OTR Prospect
BROMPTON,otr_au,,unknown,OTR Brompton
Dernancourt,otr_au,,unknown,OTR Dernancourt
Walkerville,otr_au,,unknown,OTR Walkerville
Thorngate,otr_au,,unknown,OTR Thorngate
Fulham,otr_au,,unknown,OTR Fulham
Newton,otr_au,,unknown,OTR Newton
West Beach,otr_au,,unknown,OTR Harbourtown Drive Thru
Underdale,otr_au,,unknown,OTR Underdale
Athelstone,otr_au,,unknown,OTR Athelstone
Mile End ,otr_au,,unknown,OTR Mile End Drive Thru
Evandale,otr_au,,unknown,OTR Evandale
Stepney,otr_au,,unknown,OTR Stepney
Adelaide,otr_au,,unknown,OTR Pulteney Street
Hilton,otr_au,,unknown,OTR Hilton
Tranmere,otr_au,,unknown,OTR Tranmere
Hackney,otr_au,,unknown,OTR Hackney
Kent Town,otr_au,,unknown,OTR Kent Town
Trinity Gardens,otr_au,,unknown,OTR Trinity Gardens
Norwood,otr_au,,unknown,OTR Norwood
Kensington,otr_au,,unknown,OTR Kensington
Kurralta Park,otr_au,,unknown,OTR Kurralta Park
Wayville,otr_au,,unknown,OTR Wayville
Unley,otr_au,,unknown,OTR Unley
Kensington Park,otr_au,,unknown,OTR Marryatville
Glandore ,otr_au,,unknown,OTR Glandore
Plympton,otr_au,,unknown,OTR Plympton
Erindale,otr_au,,unknown,OTR Erindale
Glenside,otr_au,,unknown,OTR Glenside
Hazelwood Park,otr_au,,unknown,OTR Hazelwood Park
Linden Park,otr_au,,unknown,OTR Linden Park
South Plympton ,otr_au,,unknown,OTR South Plympton Drive Thru
Glenelg East,otr_au,,unknown,OTR Glenelg East
Clarence Park,otr_au,,unknown,OTR Clarence Park
Glenunga,otr_au,,unknown,OTR Glenunga
Fullarton,otr_au,,unknown,OTR Fullarton
Kingswood,otr_au,,unknown,OTR Kingswood
GLENGOWRIE,otr_au,,unknown,OTR Glengowrie
Glen Osmond,otr_au,,unknown,OTR Glen Osmond
Clovelly Park,otr_au,,unknown,OTR Clovelly Park
Mitchell Park  ,otr_au,,unknown,OTR Mitchell Park
St Marys,otr_au,,unknown,OTR St Marys
Marion,otr_au,,unknown,OTR Marion
Brighton,otr_au,,unknown,OTR Brighton
Pasadena,otr_au,,unknown,OTR Pasadena
Belair ,otr_au,,unknown,OTR Belair
Seaview Downs,otr_au,,unknown,OTR Seaview Downs
Darlington,otr_au,,unknown,OTR Darlington
Blackwood,otr_au,,unknown,OTR Blackwood
Sheidow Park,otr_au,,unknown,OTR Sheidow Park
O'Halloran Hill,otr_au,,unknown,OTR O'Halloran Hill
Balhannah,otr_au,,unknown,OTR Balhannah
Aberfoyle Park,otr_au,,unknown,OTR Aberfoyle Park
Old Reynella,otr_au,,unknown,OTR Old Reynella
Christies Beach,otr_au,,unknown,OTR Christies Beach on Beach Road
Morphett Vale,otr_au,,unknown,OTR Morphett Vale Outbound
Morphett Vale ,otr_au,,unknown,OTR Morphett Vale Inbound
LITTLEHAMPTON,otr_au,,unknown,OTR Littlehampton
Old Noarlunga,otr_au,,unknown,OTR Old Noarlunga
Seaford,otr_au,,unknown,OTR Seaford
Mount Barker,otr_au,,unknown,OTR Mount Barker Adelaide Road
MOUNT BARKER,otr_au,,unknown,OTR Mount Barker Knott Street
Mannum,otr_au,,unknown,OTR Mannum
Aldinga,otr_au,,unknown,OTR Aldinga
Berri,otr_au,,unknown,OTR Berri
RENMARK,otr_au,,unknown,OTR Renmark
Murray Bridge,otr_au,,unknown,OTR Murray Bridge Swanport Road
Murray Bridge East,otr_au,,unknown,OTR Murray Bridge Eastside
Loxton,otr_au,,unknown,OTR Loxton Roundabout
Kingscote,otr_au,,unknown,OTR Kingscote
Victor Harbor,otr_au,,unknown,OTR Victor Harbor
Tailem Bend,otr_au,,unknown,OTR Murray View
Elwomple,otr_au,,unknown,OTR Motorsport Park
Pinnaroo,otr_au,,unknown,OTR Pinnaroo
BORDERTOWN,otr_au,,unknown,OTR Bordertown
Kingston SE,otr_au,,unknown,OTR Kingston SE
Naracoorte,otr_au,,unknown,OTR Naracoorte
MOUNT GAMBIER,otr_au,,unknown,OTR Mount Gambier
Mount Gambier,otr_au,,unknown,OTR Mount Gambier East
Adelaide,paddy_pallin_au,228 Rundle St Adelaide Kaurna Country SA 5000,unknown,Adelaide
Unley,rationale,118 King William Road Hyde Park SA 5034,unknown,RATIONALE Flagship Hyde Park
Streaky Bay,ray_white_au_nz,,unknown,Ray White Streaky Bay
Port Augusta,ray_white_au_nz,,unknown,Ray White Port Augusta
Kadina,ray_white_au_nz,,unknown,Ray White Yorke Peninsula
Moonta,ray_white_au_nz,,unknown,Ray White Yorke Peninsula - Moonta Branch
Clare,ray_white_au_nz,,unknown,Ray White Clare Valley
Ardrossan,ray_white_au_nz,,unknown,Ray White Ardrossan
Two Wells,ray_white_au_nz,,unknown,Ray White Two Wells
Yorketown,ray_white_au_nz,,unknown,Ray White Yorketown
Angle Vale,ray_white_au_nz,,unknown,Ray White Angle Vale
Gawler South,ray_white_au_nz,,unknown,Ray White Gawler
Gawler East,ray_white_au_nz,,unknown,Ray White Gawler East
Blakeview,ray_white_au_nz,,unknown,Ray White Craigmore
Lyndoch,ray_white_au_nz,,unknown,Ray White Barossa Valley
Paralowie,ray_white_au_nz,,unknown,Ray White Salisbury
Semaphore South,ray_white_au_nz,,unknown,Ray White Semaphore
Queenstown,ray_white_au_nz,,unknown,Ray White Largs Bay
Mawson Lakes,ray_white_au_nz,,unknown,Ray White Mawson Lakes
Para Hills,ray_white_au_nz,,unknown,Ray White Para Hills
Woodville,ray_white_au_nz,,unknown,Ray White Woodville
Grange,ray_white_au_nz,,unknown,Ray White Grange
Modbury,ray_white_au_nz,,unknown,Ray White Modbury
Tea Tree Gully,ray_white_au_nz,,unknown,Ray White Tea Tree Gully
Henley Beach,ray_white_au_nz,,unknown,Ray White Henley Beach
Findon,ray_white_au_nz,,unknown,Ray White Flinders Park
Hillcrest,ray_white_au_nz,,unknown,Ray White Hillcrest
Walkerville,ray_white_au_nz,,unknown,Ray White Walkerville
North Adelaide,ray_white_au_nz,,unknown,Ray White North Adelaide
Mile End,ray_white_au_nz,,unknown,Ray White West Torrens
Hectorville,ray_white_au_nz,,unknown,Ray White Campbelltown - Hectorville Location
Payneham,ray_white_au_nz,,unknown,Ray White St Peters
Adelaide,ray_white_au_nz,,unknown,Ray White Campbelltown
ADELAIDE,ray_white_au_nz,,unknown,Ray White Adelaide City
Glenelg,ray_white_au_nz,,unknown,Ray White Glenelg
Unley,ray_white_au_nz,,unknown,Ray White Unley
Dulwich,ray_white_au_nz,,unknown,Ray White Norwood
Daw Park,ray_white_au_nz,,unknown,Ray White Daw Park
Colonel Light Gardens,ray_white_au_nz,,unknown,Ray White Colonel Light Gardens
Flagstaff Hill,ray_white_au_nz,,unknown,Ray White Flagstaff Hill
Woodside,ray_white_au_nz,,unknown,Ray White Woodside
Morphett Vale,ray_white_au_nz,,unknown,Ray White Woodcroft
Seaford Meadows,ray_white_au_nz,,unknown,Ray White Seaford
Nairne,ray_white_au_nz,,unknown,Ray White Mount Barker - Nairne Location
Mount Barker,ray_white_au_nz,,unknown,Ray White Mount Barker
Renmark,ray_white_au_nz,,unknown,Ray White Riverland
Berri,ray_white_au_nz,,unknown,Ray White Riverland - Berri Location
Normanville,ray_white_au_nz,,unknown,Ray White Normanville
Strathalbyn,ray_white_au_nz,,unknown,Ray White Strathalbyn
Murray Bridge,ray_white_au_nz,,unknown,Ray White Murray Bridge
Victor Harbor,ray_white_au_nz,,unknown,Ray White Victor Harbor
Goolwa,ray_white_au_nz,,unknown,Ray White Goolwa
Bordertown,ray_white_au_nz,,unknown,Ray White Bordertown & District
Kingston Se,ray_white_au_nz,,unknown,Ray White Kingston
Mount Gambier,ray_white_au_nz,,unknown,Ray White Mt Gambier
Noarlunga Centre,retail_apparel_group,SP208A Colonnades,unknown,Johnny Bigg Colonnades
Oaklands Park,retail_apparel_group,Shop 1121 Westfield Marion 297 Diagonal Road,unknown,Johnny Bigg Marion
West Beach,retail_apparel_group,Shop T38 Harbourtown 727 Tapleys Hill Road,unknown,Johnny Bigg Harbourtown Adelaide
West Lakes,retail_apparel_group,SHOP 329 Westfield West Lakes,unknown,Johnny Bigg West Lakes
Parafield Airport,retail_apparel_group,Shop T17 District Outlet Centre,unknown,Johnny Bigg DFO Parafield
Modbury,retail_apparel_group,Shop 104 Westfield Tea Tree Plaza 976 North East Road,unknown,Johnny Bigg Tea Tree Plaza
Elizabeth,retail_apparel_group,Shop S024 Elizabeth Shopping Centre 50 Elizabeth Way,unknown,Johnny Bigg Elizabeth
Oaklands Park,retail_apparel_group,Shop 1123 Westfield Marion 297 Diagonal Road,unknown,yd. Marion
Adelaide Airport,retail_apparel_group,Shop T21Y Harbourtown Shopping Centre 727 Tapleys Hill Road,unknown,"yd. Harbour Town Outlet, SA"
West Lakes,retail_apparel_group,Shop T139 Westfield West Lakes 111 West Lakes Boulevarde,unknown,yd. West Lakes
Noarlunga Centre,retail_apparel_group,SP160 Colonnades Cnr Beach Road & Goldsmith Drive ,unknown,Tarocash Colonnades
Oaklands Park,retail_apparel_group,Shop 1111/2 Westfield Marion 297 Diagonal Rd,unknown,Tarocash Marion
Adelaide Airport,retail_apparel_group,Shop T21Y Harbour Town 727 Tapleys Hill Road,unknown,Tarocash Harbour Town Adelaide
West Lakes,retail_apparel_group,Shop 120/21 Westfield West lakes 111 West Lakes Boulevard,unknown,Tarocash Westlakes
Adelaide,retail_apparel_group,Shop 17/18 Renaissance Centre 127 Rundle Mall,unknown,yd. Rundle Mall
Parafield SA,retail_apparel_group,Shop T37C District Outlet Centre 22/24 Nobby Buckley Dr,unknown,yd. Parafield District Outlet
Modbury,retail_apparel_group,Shop 86 Westfield Tea Tree Plaza 976 North East Road,unknown,yd. Tea Tree Plaza
Parafield,retail_apparel_group,Shop T34 District Outlet Centre Main North Road Parafield Airport SA 5106,unknown,Tarocash Parafield District Outlet
Modbury,retail_apparel_group,Shop 166 Westfield Tea Tree Plaza 976 North East Road,unknown,Tarocash Tea Tree Plaza
Elizabeth,retail_apparel_group,Elizabeth City Centre Shop S116 50 Elizabeth Way,unknown,Tarocash Elizabeth
Noarlunga Centre,retail_apparel_group,Shop MM107 Centro 54 Beach Road Noaralunga Ctr,unknown,Connor Colonnades
Oaklands Park,retail_apparel_group,Westfield Marion Shop 1023/297 Diagonal Road,unknown,Connor Marion
West Beach,retail_apparel_group,Shop T28 Harbourtown West Beach 727 Tapleys Hill Road,unknown,Connor Harbourtown Adelaide Airport
Elizabeth,retail_apparel_group,Shop S022 Elizabeth Shopping Centre 50 Elizabeth Way,unknown,yd. Elizabeth
West Lakes,retail_apparel_group,Shop 222 Westfield Westlakes 111 West Lakes Boulevard,unknown,Connor Westlakes
Kilkenny,retail_apparel_group,Shop SP059 &SP060 Armada 470 Torrens Road,unknown,Connor Arndale
Adelaide,retail_apparel_group,Shop 45 Regent Arcade 101-109 Rundle Mall,unknown,Connor Rundle Mall
Parafield,retail_apparel_group,Shop T19 District Outlet Centre Parafield Airport,unknown,Connor Parafield Outlet DFO
Modbury,retail_apparel_group,Shop 153A Westfield Tea Tree Plaza 976 North East Road,unknown,Connor Tea Tree Plaza
Elizabeth,retail_apparel_group,Shop 033 Elizabeth Shopping Centre 50 Elizabeth Way,unknown,Connor Elizabeth
Smithfield,retail_apparel_group,Shop 40-41 Munno Para Shopping Centre 600 Main North Road,unknown,Connor Munno Para
Adelaide Airport,retail_apparel_group,Shop T39 Harbour Town Adelaide 727 Tapleys Hill Road,unknown,Rockwear DFO Harbourtown (SA)
22/24 Nobby Buckley Dr,retail_apparel_group,Shop T37B District Outlet,unknown,Rockwear DFO Parafield
Elizabeth,retail_apparel_group,Shop S039 Elizabeth City Centre 50 Elizabeth Way,unknown,Rockwear Elizabeth
Adelaide,sheike_au,,unknown,Rundle Mall
Mile End,smart,,unknown,B.E.A. Motors Pty. Ltd.
"Aston Hills, Mount Barker",snap_fitness,103/485 Heysen Bvd,unknown,Aston Hills
Munno Para,snap_fitness,Level 1 / 256 Curtis Rd,unknown,Munno Para
Adelaide,snap_fitness,100 Pirie Street,unknown,Adelaide CBD
Northgate,snap_fitness,Shop 8 Fosters Road,unknown,Northgate
HIlton,snap_fitness,121 Sir Donald Bradman Dr,unknown,Hilton
Murray Bridge,snap_fitness,Murray Bridge Shopping Centre,unknown,Murray Bridge
Adelaide,snap_fitness,Shop 22 Clovercrest Shopping Centre 429 Montague Road,unknown,Modbury
Whyalla,snap_fitness,34 Patterson Street,unknown,Whyalla
Whyalla,spotlight,118 Mcdouall Stuart Ave Whyalla Norrie SA 5608 Australia,unknown,Spotlight Whyalla
Norwood Payneham St Peters,spotlight,214 - 216 Portrush Road Trinity Gardens SA 5068 Australia,unknown,Spotlight Trinity Gardens
Adelaide,spotlight,2 Seaman Road Noarlunga Centre SA 5168 Australia,unknown,Spotlight Noarlunga
Playford,spotlight,Main North Road Corner George McCullum Road Munno Para SA 5115 Australia,unknown,Spotlight Munno Para
Mount Gambier,spotlight,Corner Sturt & Compton Streets Mount Gambier SA 5290 Australia,unknown,Spotlight Mt Gambier
Mount Barker,spotlight,6 Dutton Road Mount Barker SA 5251 Australia,unknown,Spotlight Mt Barker
Mitcham,spotlight,Corner South & Kegworth Roads Melrose Park SA 5039 Australia,unknown,Spotlight Melrose Park
Port Adelaide Enfield,spotlight,750 Main North Road Gepps Cross SA 5094 Australia,unknown,Spotlight Gepps Cross
Tea Tree Gully,spotlight,429 Montague Road Modbury SA 5092 Australia,unknown,Spotlight Clovercrest
Charles Sturt,spotlight,978 Port Road Albert Park SA 5014 Australia,unknown,Spotlight Albert Park
Oaklands P,thebodyshop,,unknown,POP-UP 4
Sa,thebodyshop,,unknown,Colonnades
Modbury Sa,thebodyshop,,unknown,Modbury Tea Tree Plaza
Elizabeth,thebodyshop,,unknown,Elizabeth
West Lakes,thebodyshop,,unknown,Westlakes
Marion Sa,thebodyshop,,unknown,Marion
Adelaide C,thebodyshop,,unknown,Adelaide Central
Burnside,tommy_hilfiger_au_nz,Shop 127 Burnside Village 447 Portrush Road Glenside SA 5065,unknown,BURNSIDE
Holdfast Bay,tommy_hilfiger_au_nz,Shop T102-105 Harbour Town Adelaide 727 Tapleys Hill Road West Beach SA 5024,unknown,ADELAIDE HARBOUR TOWN
Wingfield,total_tools_au,,unknown,Total Tools Wingfield
Windsor Gardens,total_tools_au,,unknown,Total Tools Windsor Gardens
Thebarton,total_tools_au,,unknown,Total Tools Thebarton
Seaford Meadows,total_tools_au,,unknown,Total Tools Seaford
Port Lincoln,total_tools_au,,unknown,Total Tools Port Lincoln
Mount Gambier,total_tools_au,,unknown,Total Tools Mount Gambier
Totness,total_tools_au,,unknown,Total Tools Mount Barker
Lonsdale,total_tools_au,,unknown,Total Tools Lonsdale
Elizabeth,total_tools_au,,unknown,Total Tools Elizabeth 
PORT LINCOLN,visa,,unknown,unknown
VICTOR HARBOR,visa,,unknown,unknown
SEAFORD,visa,,unknown,unknown
MOUNT GAMBIER,visa,,unknown,unknown
NOARLUNGA CENTRE,visa,,unknown,unknown
KADINA,visa,,unknown,unknown
OAKLANDS PARK,visa,,unknown,unknown
GLENELG,visa,,unknown,unknown
PARK HOLME,visa,,unknown,unknown
WEST LAKES,visa,,unknown,unknown
EDWARDSTOWN,visa,,unknown,unknown
TORRENSVILLE,visa,,unknown,unknown
PORT ADELAIDE,visa,,unknown,unknown
ROSEWATER,visa,,unknown,unknown
UNLEY,visa,,unknown,unknown
KILKENNY,visa,,unknown,unknown
ADELAIDE,visa,,unknown,unknown
KILBURN,visa,,unknown,unknown
GLENSIDE,visa,,unknown,unknown
NORWOOD,visa,,unknown,unknown
PROSPECT,visa,,unknown,unknown
FIRLE,visa,,unknown,unknown
CAMPBELLTOWN,visa,,unknown,unknown
MAWSON LAKES,visa,,unknown,unknown
INGLE FARM,visa,,unknown,unknown
PARALOWIE,visa,,unknown,unknown
MOUNT BARKER,visa,,unknown,unknown
SALISBURY DOWNS,visa,,unknown,unknown
MODBURY,visa,,unknown,unknown
SALISBURY,visa,,unknown,unknown
GOLDEN GROVE,visa,,unknown,unknown
ELIZABETH SOUTH,visa,,unknown,unknown
ELIZABETH,visa,,unknown,unknown
SMITHFIELD,visa,,unknown,unknown
NARACOORTE,visa,,unknown,unknown
GAWLER,visa,,unknown,unknown
WHYALLA,visa,,unknown,unknown
MURRAY BRIDGE,visa,,unknown,unknown
PORT PIRIE,visa,,unknown,unknown
NURIOOTPA,visa,,unknown,unknown
BORDERTOWN,visa,,unknown,unknown
PORT AUGUSTA,visa,,unknown,unknown
BERRI,visa,,unknown,unknown
