City,Place Name,Zipcode,Name
Arnay-le-Duc,aldi_nord_fr,,unknown,ALDI Arnay-le-Duc
Champagnole,aldi_nord_fr,,unknown,ALDI Champagnole
Auxonne,aldi_nord_fr,,unknown,ALDI Auxonne
Saint-Fargeau,aldi_nord_fr,,unknown,ALDI Saint-Fargeau
Gueugnon,aldi_nord_fr,,unknown,ALDI Gueugnon
Bourbon-Lancy,aldi_nord_fr,,unknown,ALDI Bourbon-Lancy
L'Isle-sur-le-Doubs,aldi_nord_fr,,unknown,ALDI L'Isle-sur-le-Doubs
Les Rousses,aldi_nord_fr,,unknown,ALDI Les Rousses
Chagny,aldi_nord_fr,,unknown,ALDI Chagny
Sens,aldi_nord_fr,,unknown,ALDI Sens
Vesoul,aldi_nord_fr,,unknown,ALDI Vesoul
Paray-le-Monial,aldi_nord_fr,,unknown,ALDI Paray-le-Monial
Fontaine-lès-Dijon,aldi_nord_fr,,unknown,ALDI Fontaine-lès-Dijon
Audincourt,aldi_nord_fr,,unknown,ALDI Audincourt
Chéroy,aldi_nord_fr,,unknown,ALDI Chéroy
Pontarlier,aldi_nord_fr,,unknown,ALDI Pontarlier
Champagney,aldi_nord_fr,,unknown,ALDI Champagney
Jussey,aldi_nord_fr,,unknown,ALDI Jussey
Belfort,aldi_nord_fr,,unknown,ALDI Belfort
Montceau-les-Mines,aldi_nord_fr,,unknown,ALDI Montceau-les-Mines
Béthoncourt,aldi_nord_fr,,unknown,ALDI Béthoncourt
Marcigny,aldi_nord_fr,,unknown,ALDI Marcigny
Chenôve,aldi_nord_fr,,unknown,ALDI Chenôve
Is-sur-Tille,aldi_nord_fr,,unknown,ALDI Is-sur-Tille
Maîche,aldi_nord_fr,,unknown,ALDI Maîche
Saint-Florentin,aldi_nord_fr,,unknown,ALDI Saint-Florentin
Cosne-Cours-sur-Loire,aldi_nord_fr,,unknown,ALDI Cosne-Cours-sur-Loire
Seurre,aldi_nord_fr,,unknown,ALDI Seurre
École-Valentin,aldi_nord_fr,,unknown,ALDI École-Valentin
Pirey,aldi_nord_fr,,unknown,ALDI Pirey
Saint-Denis-lès-Sens,aldi_nord_fr,,unknown,ALDI Saint-Denis-lès-Sens
Chalon-sur-Saône,aldi_nord_fr,,unknown,ALDI Chalon-sur-Saône
Autun,aldi_nord_fr,,unknown,ALDI Autun
Montbard,aldi_nord_fr,,unknown,ALDI Montbard
Saône,aldi_nord_fr,,unknown,ALDI Saône
Joigny,aldi_nord_fr,,unknown,ALDI Joigny
Montbéliard,aldi_nord_fr,,unknown,ALDI Montbéliard
Saulieu,aldi_nord_fr,,unknown,ALDI Saulieu
Ornans,aldi_nord_fr,,unknown,ALDI Ornans
Louhans,aldi_nord_fr,,unknown,ALDI Louhans
Offemont,aldi_nord_fr,,unknown,ALDI Offemont
Montmorot,aldi_nord_fr,,unknown,ALDI Montmorot
Genlis,aldi_nord_fr,,unknown,ALDI Genlis
La Clayette,aldi_nord_fr,,unknown,ALDI La Clayette
Lure,aldi_nord_fr,,unknown,ALDI Lure
Tonnerre,aldi_nord_fr,,unknown,ALDI Tonnerre
Auxerre,aldi_nord_fr,,unknown,ALDI Auxerre
Tournus,aldi_nord_fr,,unknown,ALDI Tournus
Digoin,aldi_nord_fr,,unknown,ALDI Digoin
Varennes-lès-Mâcon,aldi_nord_fr,,unknown,ALDI Varennes-lès-Mâcon
Choisey,aldi_nord_fr,,unknown,ALDI Choisey
Varennes-Vauzelles,aldi_nord_fr,,unknown,ALDI Varennes-Vauzelles
Corbenay,aldi_nord_fr,,unknown,ALDI Corbenay
Quetigny,aldi_nord_fr,,unknown,ALDI Quetigny
Clairvaux-les-Lacs,aldi_nord_fr,,unknown,ALDI Clairvaux-les-Lacs
Dijon,aldi_nord_fr,,unknown,ALDI Dijon
Gray,aldi_nord_fr,,unknown,ALDI Gray
Mâcon,aldi_nord_fr,,unknown,ALDI Macon
Le Creusot,aldi_nord_fr,,unknown,ALDI Le Creusot
La Charité-sur-Loire,aldi_nord_fr,,unknown,ALDI La Charité-sur-Loire
Beaune,aldi_nord_fr,,unknown,ALDI Beaune
Avallon,aldi_nord_fr,,unknown,ALDI Avallon
Arc-lès-Gray,aldi_nord_fr,,unknown,ALDI Arc-lès-Gray
Delle,aldi_nord_fr,,unknown,ALDI Delle
Sochaux,aldi_nord_fr,,unknown,ALDI Sochaux
Besançon,aldi_nord_fr,,unknown,ALDI Besançon
Seloncourt,aldi_nord_fr,,unknown,ALDI Seloncourt
Semur-en-Auxois,aldi_nord_fr,,unknown,ALDI Semur-en-Auxois
Garchizy,aldi_nord_fr,,unknown,ALDI Garchizy
Esprels,aldi_nord_fr,,unknown,ALDI Esprels
Luxeuil-les-Bains,aldi_nord_fr,,unknown,ALDI Luxeuil-les-Bains
Les Fins,aldi_nord_fr,,unknown,ALDI Les Fins
Châtillon-sur-Seine,aldi_nord_fr,,unknown,ALDI Châtillon-sur-Seine
Arbois,aldi_nord_fr,,unknown,ALDI Arbois
Corbigny,aldi_nord_fr,,unknown,ALDI Corbigny
Châtenoy-le-Royal,aldi_nord_fr,,unknown,ALDI Châtenoy-le-Royal
Nuits-Saint-Georges,aldi_nord_fr,,unknown,ALDI Nuits-Saint-Georges
Charolles,aldi_nord_fr,,unknown,ALDI Charolles
Clamecy,aldi_nord_fr,,unknown,ALDI Clamecy
Migennes,aldi_nord_fr,,unknown,ALDI Migennes
Monéteau,aldi_nord_fr,,unknown,ALDI Monéteau
Ronchamp,aldi_nord_fr,,unknown,ALDI Ronchamp
Balanod,aldi_nord_fr,,unknown,ALDI Balanod - Saint-Amour
Audincourt,grand_optical,,unknown,Opticien AUDINCOURT Générale d'Optique
Auxerre,grand_optical,,unknown,Opticien AUXERRE Générale d'Optique
Avallon,grand_optical,,unknown,Opticien AVALLON Générale d'Optique
Beaune,grand_optical,,unknown,Opticien BEAUNE Générale d'Optique
Belfort,grand_optical,,unknown,Opticien BELFORT Générale d'Optique
Besançon,grand_optical,,unknown,Opticien BESANCON Générale d'Optique
Bessoncourt,grand_optical,,unknown,Opticien BELFORT BESSONCOURT Générale d'Optique
Pontarlier,grand_optical,,unknown,Opticien PONTARLIER Générale d'Optique
Montbéliard,grand_optical,,unknown,Opticien MONTBELIARD Générale d'Optique
Chalezeule,grand_optical,,unknown,Opticien BESANCON CHALEZEULE Générale d'Optique
Châtenoy-le-Royal,grand_optical,,unknown,Opticien CHALON SUR SAONE Générale d'Optique
Quetigny,grand_optical,,unknown,Opticien QUETIGNY Générale d'Optique
Chalon-sur-Saône,grand_optical,,unknown,Opticien et Audioprothésiste CHALON SUD Générale d'Optique
Chenôve,grand_optical,,unknown,Opticien CHENOVE Générale d'Optique
Sens,grand_optical,,unknown,Opticien Sens GrandOptical
Lure,grand_optical,,unknown,Opticien LURE Générale d'Optique
Dole,grand_optical,,unknown,Opticien DOLE Générale d'Optique
Mâcon,grand_optical,,unknown,Opticien MACON Générale d'Optique
Crêches-sur-Saône,grand_optical,,unknown,Opticien Crêches-Sur-Saône GrandOptical
École-Valentin,grand_optical,,unknown,Opticien BESANCON-VALENTIN Générale d'Optique
Tournus,grand_optical,,unknown,Opticien TOURNUS Générale d'Optique
Varennes-Vauzelles,grand_optical,,unknown,Opticien NEVERS Générale d'Optique
Pusey,grand_optical,,unknown,Opticien PUSEY VESOUL Générale d'Optique
Louhans,grand_optical,,unknown,Opticien LOUHANS Générale d'Optique
Torcy,grand_optical,,unknown,Opticien LE CREUSOT Générale d'Optique
Paray-le-Monial,grand_optical,,unknown,Opticien PARAY LE MONIAL Générale d'Optique
Saint-Denis-lès-Sens,grand_optical,,unknown,Opticien Saint Denis Les Sens Générale d'Optique
Autun,grand_optical,,unknown,Opticien AUTUN Générale d'Optique
Lons-le-Saunier,grand_optical,,unknown,Opticien Lons-le-Saunier GrandOptical
Aiserey,korian_fr,,unknown,Korian Home de l'Oucherotte
Beaune,korian_fr,,unknown,Korian Clos des Vignes
Chalon-sur-Saône,korian_fr,,unknown,Korian Bel'Saône
Dijon,korian_fr,,unknown,Korian Les Cassissines
Montbéliard,korian_fr,,unknown,Korian Le Doubs Rivage
Thise,korian_fr,,unknown,Résidence Vill'Alizé
Vaivre-et-Montoille,korian_fr,,unknown,Korian Le Lac
PONTARLIER,mercedes_benz,,unknown,CASSANI - DUBOIS
NUITS-ST-GEORGES,mercedes_benz,,unknown,GARAGE AUBIN
SAINT-LOUP-DE-VARENNES,mercedes_benz,,unknown,ETOILE 71
CHATENOY-LE-ROYAL,mercedes_benz,,unknown,AUBIN AUTOMOBILES
COURLAOUX,mercedes_benz,,unknown,SOCIETE DU VEHICULE INDUSTRIEL
CHENÔVE,mercedes_benz,,unknown,ETOILE 21
NEVERS,mercedes_benz,,unknown,ETOILE 58
ECOLE-VALENTIN,mercedes_benz,,unknown,ETOILE 25
DENNEY,mercedes_benz,,unknown,ETOILE 90 SERVICES
SANCÉ,mercedes_benz,,unknown,ETOILE 71
MESSIA-SUR-SORNE,mercedes_benz,,unknown,ETOILE 01
VESOUL,mercedes_benz,,unknown,ETOILE 70 SERVICES
PERRIGNY,mercedes_benz,,unknown,ETOILE 89
SENS,mercedes_benz,,unknown,ETOILE 89
Dijon,ricoh_europe,,unknown,Agence Dijon
Les Auxons,ricoh_europe,,unknown,Agence Les Auxons
