City,Place Name,Zipcode,Name
Mitchell,99_bikes_au,,unknown,Mitchell
Phillip,99_bikes_au,,unknown,Phillip
Fyshwick,99_bikes_au,,unknown,Fyshwick
Canberra,adidas,,unknown,adidas Outlet Store Canberra
Canberra,alamo,,unknown,Canberra Airport
Belconnen,ally_fashion_au,,unknown,Belconnen
Fyshwick,ally_fashion_au,,unknown,Canberra DFO
Gungahlin,ally_fashion_au,,unknown,Gungahlin
Greenway ,ally_fashion_au,,unknown,Tuggeranong 
Belconnen,amcal_au,Shop 1 Level 2/20 Benjamin Way Belconnen ACT 2617,unknown,Amcal+ Pharmacy Belconnen Mall
Phillip,amcal_au,Phillip Medical Centre 33 Colbee Ct Phillip ACT 2606 Australia,unknown,Amcal Pharmacy Colbee Court
Greenway,anytime_fitness,,unknown,Anytime Fitness
Macquarie,anytime_fitness,,unknown,Anytime Fitness
Chisholm,anytime_fitness,,unknown,Anytime Fitness
Lanyon,anytime_fitness,,unknown,Anytime Fitness
Weston,anytime_fitness,,unknown,Anytime Fitness
Charnwood,anytime_fitness,,unknown,Anytime Fitness
Gungahlin,anytime_fitness,,unknown,Anytime Fitness
Fyshwick,anytime_fitness,,unknown,Anytime Fitness
Mitchell,anytime_fitness,,unknown,Anytime Fitness
Canberra City,anytime_fitness,,unknown,Anytime Fitness
Phillip,anytime_fitness,,unknown,Anytime Fitness
Stellar,anytime_fitness,,unknown,Anytime Fitness
Dickson,anytime_fitness,,unknown,Anytime Fitness
Kingston,anytime_fitness,,unknown,Anytime Fitness
Casey,anytime_fitness,,unknown,Anytime Fitness
Fyshwick,aquila_au,,unknown,Canberra Outlet
MICHELAGO,australia_post_au,,unknown,unknown
THARWA,australia_post_au,,unknown,THARWA LPO
BANKS,australia_post_au,,unknown,unknown
CONDER,australia_post_au,,unknown,unknown
GORDON,australia_post_au,,unknown,unknown
THEODORE,australia_post_au,,unknown,unknown
CALWELL,australia_post_au,,unknown,CALWELL LPO
ISABELLA PLAINS,australia_post_au,,unknown,unknown
RICHARDSON,australia_post_au,,unknown,unknown
GREENWAY,australia_post_au,,unknown,TUGGERANONG POST SHOP
MONASH,australia_post_au,,unknown,unknown
GOWRIE,australia_post_au,,unknown,unknown
CHISHOLM,australia_post_au,,unknown,unknown
DUNLOP,australia_post_au,,unknown,unknown
MACGREGOR,australia_post_au,,unknown,unknown
OXLEY,australia_post_au,,unknown,unknown
WANNIASSA,australia_post_au,,unknown,unknown
FADDEN,australia_post_au,,unknown,unknown
KAMBAH,australia_post_au,,unknown,unknown
HUME,australia_post_au,,unknown,unknown
JERRABOMBERRA,australia_post_au,,unknown,unknown
HOLT,australia_post_au,,unknown,unknown
FARRER,australia_post_au,,unknown,unknown
TORRENS,australia_post_au,,unknown,unknown
ISACCS,australia_post_au,,unknown,unknown
FISHER,australia_post_au,,unknown,unknown
MAWSON,australia_post_au,,unknown,unknown
CHAPMAN,australia_post_au,,unknown,unknown
PEARCE,australia_post_au,,unknown,unknown
CHARNWOOD,australia_post_au,,unknown,unknown
PHILLIP,australia_post_au,,unknown,Woden Parcel Locker
QUEANBEYAN,australia_post_au,,unknown,unknown
WARAMANGA,australia_post_au,,unknown,WARAMANGA LPO
STIRLING,australia_post_au,,unknown,unknown
CHIFLEY,australia_post_au,,unknown,unknown
LATHAM,australia_post_au,,unknown,unknown
RIVETT,australia_post_au,,unknown,unknown
OMALLEY,australia_post_au,,unknown,unknown
WESTON,australia_post_au,,unknown,unknown
HIGGINS,australia_post_au,,unknown,unknown
GARRAN,australia_post_au,,unknown,unknown
HALL,australia_post_au,,unknown,HALL LPO
MELBA,australia_post_au,,unknown,unknown
FLOREY,australia_post_au,,unknown,unknown
SPENCE,australia_post_au,,unknown,unknown
WODEN,australia_post_au,,unknown,unknown
DUFFY,australia_post_au,,unknown,DUFFY LPO
HOLDER,australia_post_au,,unknown,unknown
LYONS,australia_post_au,,unknown,unknown
SCULLIN,australia_post_au,,unknown,unknown
PAGE,australia_post_au,,unknown,unknown
RED HILL,australia_post_au,,unknown,unknown
NARRABUNDAH,australia_post_au,,unknown,unknown
HAWKER,australia_post_au,,unknown,HAWKER LPO
EVATT,australia_post_au,,unknown,unknown
CURTIN,australia_post_au,,unknown,unknown
HUGHES,australia_post_au,,unknown,unknown
NICHOLLS,australia_post_au,,unknown,unknown
WEETANGERA,australia_post_au,,unknown,unknown
FYSHWICK,australia_post_au,,unknown,unknown
COOMBS,australia_post_au,,unknown,unknown
GRIFFITH,australia_post_au,,unknown,MANUKA POST SHOP
DEAKIN,australia_post_au,,unknown,unknown
CASEY,australia_post_au,,unknown,Casey Market Town Parcel Lockers
BELCONNEN,australia_post_au,,unknown,unknown
DENMAN PROSPECT,australia_post_au,,unknown,Denman Prospect Parcel Locker
MCKELLAR,australia_post_au,,unknown,unknown
FORREST,australia_post_au,,unknown,unknown
MANUKA,australia_post_au,,unknown,unknown
DEAKIN WEST,australia_post_au,,unknown,unknown
MACQUARIE,australia_post_au,,unknown,unknown
KINGSTON,australia_post_au,,unknown,KINGSTON POST SHOP
YARRALUMLA,australia_post_au,,unknown,unknown
NGUNNAWAL,australia_post_au,,unknown,unknown
GIRALANG,australia_post_au,,unknown,unknown
COOK,australia_post_au,,unknown,unknown
BARTON,australia_post_au,,unknown,unknown
CAPITAL HILL,australia_post_au,,unknown,unknown
CANBERRA AIRPORT,australia_post_au,,unknown,unknown
BRUCE,australia_post_au,,unknown,unknown
CRACE,australia_post_au,,unknown,Crace Parcel Locker
PARKES,australia_post_au,,unknown,unknown
CAMPBELL,australia_post_au,,unknown,unknown
AMAROO,australia_post_au,,unknown,unknown
KALEEN,australia_post_au,,unknown,unknown
BONNER,australia_post_au,,unknown,unknown
REID,australia_post_au,,unknown,unknown
PALMESTON,australia_post_au,,unknown,unknown
CANBERRA,australia_post_au,,unknown,Canberra General Post Office Pcl Lkrs
ACTON,australia_post_au,,unknown,unknown
FORDE,australia_post_au,,unknown,unknown
BRADDON,australia_post_au,,unknown,unknown
TURNER,australia_post_au,,unknown,unknown
AINSLIE,australia_post_au,,unknown,unknown
GUNGAHLIN,australia_post_au,,unknown,unknown
O'CONNOR,australia_post_au,,unknown,O'CONNOR LPO
O`CONNOR,australia_post_au,,unknown,unknown
DICKSON,australia_post_au,,unknown,Dickson Parcel Locker
LYNEHAM,australia_post_au,,unknown,LYNEHAM LPO
MITCHELL,australia_post_au,,unknown,unknown
FRANKLIN,australia_post_au,,unknown,unknown
DOWNER,australia_post_au,,unknown,unknown
HACKETT,australia_post_au,,unknown,unknown
WATSON,australia_post_au,,unknown,WATSON LPO
WAMBOIN,australia_post_au,,unknown,unknown
JERVIS BAY,australia_post_au,,unknown,JERVIS BAY LPO
Belconnen,baby_bunting,Shop 186 Level 3 Westfield Belconnen Shopping Centre Belconnen ACT,unknown,Belconnen
Fyshwick,baby_bunting,Shop 1 30 Iron Knob Street Fyshwick ACT,unknown,Fyshwick
Fyshwick,bags_to_go_au,,unknown,Fyshwick
Tuggeranong,bakers_delight,,unknown,Bakers Delight Tuggeranong
Gungahlin,bakers_delight,,unknown,Bakers Delight Gungahlin Marketplace
Macquarie,bakers_delight,,unknown,Bakers Delight Jamison
Manuka,bakers_delight,,unknown,Bakers Delight Manuka
Conder,bakers_delight,,unknown,Bakers Delight Lanyon
Canberra,bakers_delight,,unknown,Bakers Delight Canberra
Dickson,bakers_delight,,unknown,Bakers Delight Dickson
Woden Valley,bakers_delight,,unknown,Bakers Delight Woden Plaza
Weston,bakers_delight,,unknown,Bakers Delight Cooleman Court
Belconnen,bakers_delight,,unknown,Bakers Delight Belconnen
Belconnen,barbeques_galore_au,,unknown,Belconnen
Majura Park,barbeques_galore_au,,unknown,Majura Park
Belconnen,battery_world_au,,unknown,Battery World Belconnen
Gunghalin,battery_world_au,,unknown,Battery World Gungahlin
Phillip,battery_world_au,,unknown,Battery World South Canberra
Fyshwick,bedshed_au,,unknown,Bedshed Fyshwick
Belconnen,best_and_less_au,Benjamin Way Belconnen Australian Capital Territory 2617,unknown,Belconnen
Weston Creek,best_and_less_au,Cooleman Court Shopping Centre Brierly Street Weston Creek Australian Capital Territory 2611,unknown,Cooleman
Gungahlin,best_and_less_au,The G 46-50 Hibberson St Gungahlin Australian Capital Territory 2912,unknown,Gungahlin
Phillip,best_and_less_au,Shop 002a Keltie Street Phillip Australian Capital Territory 2606,unknown,Woden
Belconnen,betts_au,,unknown,BETTS BELCONNEN
Phillip,bmw_group,,unknown,Canberra Motorrad
unknown,bottlemart_au,,unknown,Jiparu Cellars
NICHOLLS,bp,,unknown,BP NICHOLLS
MACQUARIE,bp,,unknown,BP Jamison
CHISHOLM,bp,,unknown,BP CHISHOLM
PHILLIP,bp,,unknown,BP PHILLIP
FYSHWICK,bp,,unknown,BP FYSHWICK
KINGSTON,bp,,unknown,BP KINGSTON (ACT)
BRADDON,bp,,unknown,BP BRADDON
WATSON,bp,,unknown,BP WATSON
Belconnen,bridgestone_select,,unknown,Bridgestone Select Belconnen
Hume,bridgestone_select,,unknown,Bridgestone Service Centre Hume
Fyshwick,bridgestone_select,,unknown,Bridgestone Service Centre Fyshwick
Tuggeranong,bridgestone_select,,unknown,Bridgestone Select Tuggeranong
Phillip,bridgestone_select,,unknown,Bridgestone Select Phillip
Mitchell,bridgestone_select,,unknown,Bridgestone Select Mitchell
FYSHWICK,burson_auto_parts_au,UNIT 2 119-121 WOLLONGONG ROAD FYSHWICK ACT 2609 Australia,unknown,FYSHWICK
MITCHELL,burson_auto_parts_au,50 HOSKINS STREET MITCHELL ACT 2911 Australia,unknown,MITCHELL
TUGGERANONG,burson_auto_parts_au,UNIT 2 310 ANKETELL STREET TUGGERANONG ACT 2900 Australia,unknown,TUGGERANONG
Fyshwick,calvin_klein_au,Shop 198 337 Canberra Ave Fyshwick ACT 2609,unknown,Canberra Outlet Centre
Manuka,carla_zampatti,,unknown,Manuka Boutique
GUNGAHLIN,cellarbrations_au,,unknown,CELLARBRATIONS AT GUNGAHLIN
NICHOLLS,cellarbrations_au,,unknown,CELLARBRATIONS AT GOLD CREEK
BARTON,cellarbrations_au,,unknown,CELLARBRATIONS AT BARTON
BELCONNEN,cellarbrations_au,,unknown,CELLARBRATIONS AT BELCONNEN
CURTIN,cellarbrations_au,,unknown,CELLARBRATIONS AT STATESMAN HOTEL
CHISHOLM,cellarbrations_au,,unknown,CELLARBRATIONS AT CHISHOLM
WANNIASSA,cellarbrations_au,,unknown,CELLARBRATIONS AT ERINDALE
CONDER,cellarbrations_au,,unknown,CELLARBRATIONS AT LANYON CORKS LIQUOR
unknown,choices_flooring_au,23-41 Lysaght Street Mitchell ACT 2911,unknown,Mitchell
unknown,choices_flooring_au,Unit 2 4 Wiluna Street Fyshwick ACT 2609,unknown,Fyshwick
unknown,choices_flooring_au,Cnr Lathlain and Cohen Streets Belconnen ACT 2617,unknown,Belconnen
Belconnen,city_beach_au,City Beach Westfield Belconnen Shopping Centre Shop 123/124A Benjamin Way,unknown,Belconnen
Charnwood,coles_au,,unknown,Coles Express Charnwood
Hawker,coles_au,,unknown,Coles Express Hawker
Belconnen,coles_au,,unknown,Belconnen
Tuggeranong,coles_au,,unknown,Tuggeranong
Amaroo,coles_au,,unknown,Coles Amaroo
Macquarie,coles_au,,unknown,Jamison
Greenway,coles_au,,unknown,Coles Express Tuggeranong
Wanniassa,coles_au,,unknown,Coles Wanniassa
Phillip,coles_au,,unknown,Woden
Gungahlin,coles_au,,unknown,Gungahlin
Chisholm,coles_au,,unknown,Coles Chisholm
Curtin,coles_au,,unknown,Coles Curtin
Kaleen Plaza,coles_au,,unknown,Coles Kaleen
Kaleen,coles_au,,unknown,Kaleen
Deakin,coles_au,,unknown,Coles Express Deakin
Manuka,coles_au,,unknown,Manuka
Dickson,coles_au,,unknown,Dickson
Fyshwick,coles_au,,unknown,Coles Express Fyshwick Wiluna
Forrest,coles_au,,unknown,Manuka
Griffith,coles_au,,unknown,Coles Express Manuka
Canberra City,coles_au,,unknown,Coles Canberra Civic
Braddon,coles_au,,unknown,Braddon
Civic,coles_au,,unknown,Canberra Civic
Belconnen,colette_by_colette_hayman_au,,unknown,Belconnen
Tuggeranong,commonwealth_bank_au,,unknown,Tuggeranong
Woden,commonwealth_bank_au,,unknown,Woden
Belconnen,commonwealth_bank_au,,unknown,Belconnen
Manuka,commonwealth_bank_au,,unknown,Manuka
Acton,commonwealth_bank_au,,unknown,Austrlian National Uni
Canberra,commonwealth_bank_au,,unknown,Canberra City
Dickson,commonwealth_bank_au,,unknown,Dickson
Gungahlin,commonwealth_bank_au,,unknown,Gungahlin
Mawson,commonwealth_bank_au,,unknown,Southlands Shp Centre
Conder,crust_au,4/17 Sidney Nolan Street Conder ACT 2906,unknown,Conder
Belconnen,crust_au,68 - 70 Emu Bank Belconnen ACT 2617,unknown,Belconnen
 Charnwood ACT ,crust_au,Shop 2 6 Charnwood Place  Charnwood ACT  ACT 2615,unknown,Charnwood
Gungahlin ,crust_au,Shop A The Market Place Gungahlin Place West Gungahlin  ACT 2912,unknown,Gungahlin
Kingston,crust_au,21 Kennedy St Kingston ACT 2604,unknown,Kingston ACT
 Wanniassa,crust_au,Shop 9B / 20 Gartside Street  Wanniassa ACT 2903,unknown,Erindale
Weston,crust_au,2-4 Liardet Street Weston ACT 2611,unknown,Weston
Braddon,crust_au,28 Mort Street Braddon ACT 2612,unknown,Braddon
Canberra City,cue,Shop AF23 Level 1 148 Bunda St,unknown,Canberra Centre
Phillip,cue,Shop 55 Level 2 Westfield Keltie St,unknown,Woden Westfield
Canberra,dangerfield,,unknown,DANGERFIELD ACT - CANBERRA
Fyshwick,domayne_au,,unknown,Domayne Fyshwick
Fyshwick,doors_plus_au,174 Gladstone Street,unknown,Fyshwick
Fyshwick,drummond_golf_au,,unknown,Fyshwick (Canberra) Drummond Golf
Gungahlin,dusk_au,,unknown,dusk Gungahlin
Canberra,dusk_au,,unknown,dusk Canberra
Woden,dusk_au,,unknown,dusk Woden
Belconnen,dusk_au,,unknown,dusk Belconnen
Tuggeranong,dusk_au,,unknown,dusk Tuggeranong
Fyshwick,early_settler,,unknown,Fyshwick
Fyshwick,eq_saddlery_au,,unknown,Canberra
Canberra,ernst_young,121 Marcus Clarke Street,unknown,EY
Phillip (ACT),exxonmobil,,unknown,7-Eleven Phillip
Karabar,exxonmobil,,unknown,7-Eleven Karabar
Casey (ACT),exxonmobil,,unknown,7-Eleven Casey
Wanniassa (ACT),exxonmobil,,unknown,7-Eleven Erindale
Spence (ACT),exxonmobil,,unknown,7-Eleven Spence
Melba (ACT),exxonmobil,,unknown,7-Eleven Melba
Mawson (ACT),exxonmobil,,unknown,7-Eleven Mawson
Holt (ACT),exxonmobil,,unknown,7-Eleven Holt
Giralang (ACT),exxonmobil,,unknown,7-Eleven Giralang
Fyshwick (ACT),exxonmobil,,unknown,7-Eleven Fyshwick
Braddon (ACT),exxonmobil,,unknown,7-Eleven Braddon
Canberra,fitness_first_au,,unknown,Canberra
Deakin,fitness_first_au,,unknown,Deakin
Belconnen,flight_centre_au,,unknown,Flight Centre Belconnen
Woden,flight_centre_au,,unknown,Flight Centre Woden
Canberra,flight_centre_au,,unknown,Flight Centre Canberra Centre
Gungahlin,flight_centre_au,,unknown,Flight Centre Gungahlin
Fyshwick,floorworld_au,,unknown,Fyshwick Floorworld
Canberra ,floorworld_au,,unknown,Floorworld Canberra
Mitchell,floorworld_au,,unknown,Mitchell Floorworld
Fyshwick,focus_on_furniture_au,,unknown,Canberra
Fyshwick,forcast_au,,unknown,Forcast Fyshwick Outlet
Canberra,forever_new,,unknown,Forever New at David Jones Canberrra
Canberra,glassons,Shop EF18/19 148 Bunda St Canberra ACT 2601,unknown,Canberra
Belconnen,greencross_au,,unknown,Belconnen
Tuggeranong,greencross_au,,unknown,Tuggeranong
Majura Park,greencross_au,,unknown,Majura Park
Weston,greencross_au,,unknown,Weston
Phillip,greencross_au,,unknown,Woden
Calwell,greencross_au,,unknown,Greencross Vets Tuggeranong - All Creatures
Gungahlin,greencross_au,,unknown,Gungahlin
BELCONNEN,grilld_au,,unknown,Grill'd Belconnen
CANBERRA,grilld_au,,unknown,Grill'd Canberra Centre
GUNGAHLIN,grilld_au,,unknown,Grill'd Gungahlin
GRIFFITH,grilld_au,,unknown,Grill'd Manuka
PHILLIP,grilld_au,,unknown,Grill'd Woden
Canberra City,guzmany_gomez,,unknown,Canberra Centre
Belconnen,guzmany_gomez,,unknown,Westfield Belconnen
Gungahlin,guzmany_gomez,,unknown,Gungahlin
Canberra,hugo_boss,,unknown,BOSS Store
Queanbeyan,hungry_jacks,,unknown,Queanbeyan
Belconnen,hungry_jacks,,unknown,Belconnen
Fyshwick,hungry_jacks,,unknown,Fyshwick
Gungahlin,hungry_jacks,,unknown,Gungahlin
Kambah,hungry_jacks,,unknown,Kambah
Conder,hungry_jacks,,unknown,Conder
Fyshwick,jbhifi,,unknown,Fyshwick HOME
Belconnen,jbhifi,,unknown,Belconnen - Westfield
Canberra,jbhifi,,unknown,City - Canberra
Tuggeranong,jbhifi,,unknown,Tuggeranong HOME
Phillip,jbhifi,,unknown,Woden - Westfield
Canberra,jo_mercer_au,,unknown,Canberra Centre
Fyshwick,jo_mercer_au,,unknown,Canberra Outlet Centre
Belconnen,just_cuts,,unknown,Belconnen
Fyshwick,just_cuts,,unknown,Fyshwick
Majura Park,just_cuts,,unknown,Majura Park
Griffith,just_cuts,,unknown,Manuka
Wanniassa,just_cuts,,unknown,Erindale
Weston Creek,just_cuts,,unknown,Cooleman Court-Weston Creek
Canberra City,just_cuts,,unknown,Canberra Centre
Gungahlin,just_cuts,,unknown,Gungahlin
Woden,just_cuts,,unknown,Woden
Belconnen,just_group,Shp 135 W'field Belconnen 18 Benjamin Way Belconnen ACT 2617 Australia,unknown,Smiggle Belconnen
Belconnen,just_group,Shp 80 W'field Belconnen 18 Benjamin Way Belconnen ACT 2617 Australia,unknown,Portmans Belconnen
Belconnen,just_group,Shp 51 W'field Belconnen 18 Benjamin Way Belconnen ACT 2617 Australia,unknown,Just Jeans Belconnen
Belconnen,just_group,Shp 57 W'field Belconnen 18 Benjamin Way Belconnen ACT 2617 Australia,unknown,Jacqui E Belconnen
Belconnen,just_group,Shp 26 W'field Belconnen 18 Benjamin Way Belconnen ACT 2617 Australia,unknown,Jay Jays Belconnen
Canberra,just_group,Shop Af03Canberra Centre 148 Bunda Street Canberra ACT 2601 Australia,unknown,Peter Alexander Canberra
Canberra,just_group,Shop Dg34 Canberra Centre 148 Bunda Street Canberra ACT 2601 Australia,unknown,Smiggle Canberra
Canberra,just_group,Shop Af14 Canberra Centre 148 Bunda St Canberra ACT 2600 Australia,unknown,Portmans Canberra
Canberra,just_group,Shop Ef14 Canberra Ctre 148 Bunda Street Canberra ACT 2600 Australia,unknown,Dotti Canberra
Canberra,just_group,Shop Ef15 Canberra Centre 148 Bunda Street Canberra ACT 2600 Australia,unknown,Just Jeans Canberra
Canberra,just_group,Shop Df05-07 Canberra Ctr 148 Bunda Street Canberra ACT 2600 Australia,unknown,Jacqui E Canberra
Fyshwick,just_group,Shop T165a Canberra Dfo 337 Canberra Avenue Canberra Dfo Fyshwick ACT 2609 Australia,unknown,Peter Alexander Canberra Dfo
Fyshwick,just_group,Shop T108a Canberra Dfo 337 Canberra Ave Canberra Dfo Fyshwick ACT 2609 Australia,unknown,Smiggle Canberra Dfo
Fyshwick,just_group,Shop T175a Canberra Dfo 337 Canberra Ave Canberra Dfo Fyshwick ACT 2609 Australia,unknown,Portmans Canberra Dfo
Fyshwick,just_group,Shop T144 Canberra Dfo 337 Canberra Ave Canberra Dfo Fyshwick ACT 2609 Australia,unknown,Just Jeans Canberra Dfo
Fyshwick,just_group,Shop T172 Canberra Dfo 337 Canberra Ave Canberra Dfo Fyshwick ACT 2609 Australia,unknown,Jacqui E Canberra Dfo
Fyshwick,just_group,Shop T152 Canberra Dfo 337 Canberra Ave Canberra Dfo Fyshwick ACT 2609 Australia,unknown,Jay Jays Canberra Dfo
Woden,just_group,Shop 34A Westfield Woden Keltie Street Woden ACT 2606 Australia,unknown,Peter Alexander Woden
Woden,just_group,Shop Lg 33 Woden Plaza Keltie St Woden ACT 2606 Australia,unknown,Dotti Woden
Woden,just_group,Shop L25/26 Woden Plaza. Keltie Street Woden ACT 2606 Australia,unknown,Just Jeans Woden
Woden,just_group,Shop Gd18Woden Plaza S/C Furzer Street Woden ACT 2606 Australia,unknown,Jacqui E Woden
Woden,just_group,Shop  70AWoden Plaza S/C Keltie Street Woden ACT 2606 Australia,unknown,Jay Jays Woden
FYSHWICK,kennards_self_storage_au,,unknown,Kennards Self Storage Fyshwick
Belconnen,kidstuff_au,,unknown,Belconnen
Phillip,kidstuff_au,,unknown,Woden
Tuggeranong,lincraft_au,,unknown,Tuggeranong
Woden,lincraft_au,,unknown,Woden
CANBERRA CITY,lj_hooker_au_nz,,unknown,LJ Hooker Canberra City
GUNGAHLIN,lj_hooker_au_nz,,unknown,LJ Hooker Gungahlin
DICKSON,lj_hooker_au_nz,,unknown,LJ Hooker Dickson
KALEEN,lj_hooker_au_nz,,unknown,LJ Hooker Kaleen
HOLT,lj_hooker_au_nz,,unknown,LJ Hooker Kippax
MANUKA,lj_hooker_au_nz,,unknown,LJ Hooker Manuka
WESTON CREEK,lj_hooker_au_nz,,unknown,LJ Hooker Woden | Weston
BELCONNEN,lj_hooker_au_nz,,unknown,LJ Hooker Belconnen
Canberra City,lovisa,,unknown,Lovisa
Philip,lovisa,,unknown,Lovisa
"Greenway,",lovisa,,unknown,Lovisa
Belconnen,lovisa,,unknown,Lovisa
Phillip,marketplace_fresh_au,Keltie St Phillip ACT 2606 Australia,unknown,MarketPlace Fresh Woden (ACT)
Majura,mcdonalds_qstore,,unknown,MAJURA PARK
Holt,mcdonalds_qstore,,unknown,KIPPAX
Lyneham,mcdonalds_qstore,,unknown,MITCHELL ACT
Tuggeranong,mcdonalds_qstore,,unknown,TUGGERANONG ACT
Nicholls,mcdonalds_qstore,,unknown,GOLD CREEK
Erindale,mcdonalds_qstore,,unknown,ERINDALE ACT
Conder,mcdonalds_qstore,,unknown,CONDER ACT
Gungahlin,mcdonalds_qstore,,unknown,GUNGAHLIN ACT
Canberra,mcdonalds_qstore,,unknown,CANBERRA CITY ACT
"Weston Creek, Canberra",mcdonalds_qstore,,unknown,Molonglo Valley ACT
Phillip,mcdonalds_qstore,,unknown,Phillip ACT
Canberra City,m_j_bale_au,,unknown,Canberra Centre ACT
Fyshwick,m_j_bale_au,,unknown,DFO Canberra ACT
Canberra,nandos,,unknown,CANBERRA CENTRE
Canberra Airport,national,,unknown,Canberra Airport
BELCONNEN,nissan_europe,,unknown,National Capital Motors
PHILLIP,nissan_europe,,unknown,Lennock Motors
Phillip,novo_au,,unknown,Novo Woden
Belconnen,novo_au,,unknown,Novo Belconnen
unknown,nsw_ambulance_au,,unknown,GREENWAY AMBULANCE STATION
unknown,nsw_rural_fire_service_au,,unknown,ACT RFS SOUTHERN
unknown,nsw_state_emergency_service_au,,unknown,ACT ESA RIVERS UNIT
Fyshwick,nutrition_warehouse_au,,unknown,Fyshwick
Gungahlin,nutrition_warehouse_au,,unknown,Gungahlin
Tuggeranong,nutrition_warehouse_au,,unknown,Tuggeranong
Belconnen,officeworks_au,,unknown,Belconnen Officeworks
Braddon,officeworks_au,,unknown,Braddon Officeworks
Greenway,officeworks_au,,unknown,Tuggeranong Officeworks
Fyshwick,officeworks_au,,unknown,Fyshwick Officeworks
Phillip,oporto_au,,unknown,Phillip DTR
Weston,oporto_au,,unknown,Weston DTR
Civic,oporto_au,,unknown,Civic
Tuggeranong,oporto_au,,unknown,Tuggeranong
Dickson,oporto_au,,unknown,Dickson
Fyshwick,oporto_au,,unknown,Canberra DFO
Gungahlin,oporto_au,,unknown,Gungahlin
Canberra,oporto_au,,unknown,Canberra Centre
Belconnen,oporto_au,,unknown,Belconnen DTR
Majura,oporto_au,,unknown,Majura Park
"Belconnen, Canberra",oporto_au,,unknown,Belconnen
Belconnen,petstock_au,,unknown,Petstock Belconnen
Gungahlin,petstock_au,,unknown,Best Friends Gungahlin
Tuggeranong,petstock_au,,unknown,Best Friends Tuggeranong
Fyshwick,petstock_au,,unknown,Petstock Fyshwick
Hume,petstock_au,,unknown,Petstock Country Brindabella
Phillip,pharmasave_au,67 2 Keltie Street,unknown,PharmaSave Woden
Majura Park,pillow_talk_au,,unknown,Canberra
Phillip,pillow_talk_au,,unknown,Woden
Canberra,price_attack_au,,unknown,Canberra Civic
Gungahlin,price_attack_au,,unknown,Gungahlin
Woden,qbd_books_au,,unknown,QBD Books - Woden
Canberra City,qbd_books_au,,unknown,QBD Books - Canberra Centre
Belconnen,qbd_books_au,,unknown,QBD Books - Belconnen
Fyshwick,rsea_safety_au,,unknown,RSEA Safety Fyshwick
MITCHELL,rsea_safety_au,,unknown,RSEA Safety Mitchell
Belconnen,scooter_hut_au,,unknown,Scooter Hut Canberra
Karabar,seven_eleven_au,,unknown,Karabar
Casey (ACT),seven_eleven_au,,unknown,Casey
Braddon (ACT),seven_eleven_au,,unknown,Braddon
Fyshwick (ACT),seven_eleven_au,,unknown,Fyshwick
Giralang (ACT),seven_eleven_au,,unknown,Giralang
Holt (ACT),seven_eleven_au,,unknown,Holt
Mawson (ACT),seven_eleven_au,,unknown,Mawson
Melba (ACT),seven_eleven_au,,unknown,Melba
Spence (ACT),seven_eleven_au,,unknown,Spence
Wanniassa (ACT),seven_eleven_au,,unknown,Erindale
Phillip (ACT),seven_eleven_au,,unknown,Phillip
Canberra,shaver_shop,,unknown,Canberra
Fyshwick,shaver_shop,,unknown,Canberra Outlet Centre
Woden,shaver_shop,,unknown,Woden
CHARNWOOD,shell,,unknown,SHELL COLES EXPRESS CHARNWOOD
GUNGAHLIN,shell,,unknown,SHELL COLES EXPRESS GUNGAHLIN
HAWKER,shell,,unknown,SHELL COLES EXPRESS HAWKER
BELCONNEN,shell,,unknown,SHELL COLES EXPRESS BELCONNEN
DICKSON,shell,,unknown,SHELL COLES EXPRESS DICKSON
CURTIN,shell,,unknown,SHELL COLES EXPRESS CURTIN
DEAKIN,shell,,unknown,SHELL COLES EXPRESS DEAKIN
PHILLIP,shell,,unknown,SHELL COLES EXPRESS PHILLIP
GRIFFITH,shell,,unknown,SHELL COLES EXPRESS MANUKA
WANNIASSA,shell,,unknown,SHELL COLES EXPRESS WANNIASSA
FYSHWICK,shell,,unknown,SHELL COLES EXPRESS FYSHWICK CAPITAL
BRADDON,shell,,unknown,SHELL COLES EXPRESS BRADDON
GREENWAY,shell,,unknown,SHELL COLES EXPRESS TUGGERANONG
unknown,skoda,,unknown,Tony Farrugia Bodyworks
Fyshwick,spa_world_au_nz,,unknown,Spa World ACT Canberra
Greenway,specsavers,,unknown,Tuggeranong
Weston Creek,specsavers,,unknown,Weston Creek
Phillip,specsavers,,unknown,Woden Westfield
Belconnen,specsavers,,unknown,Belconnen Westfield
Canberra,specsavers,,unknown,Canberra Centre
Gungahlin,specsavers,,unknown,Gungahlin
Belconnen,spendless_au,,unknown,Belconnen
Woden,spendless_au,,unknown,Woden
Greenway,spendless_au,,unknown,Tuggeranong
Civic Square,sportscraft,,unknown,David Jones Canberra Centre
Woden,sportscraft,,unknown,Woden
Phillip,sportsgirl_au,,unknown,WODEN
Greenway,sportsgirl_au,,unknown,TUGGERANONG
Belconnen,sportsgirl_au,,unknown,BELCONNEN
Fyshwick,sunglass_hut_1,,unknown,Sunglass Hut Canberra Outlet Centre
Canberra,sunglass_hut_1,,unknown,Sunglass Hut Canberra Centre
Belconnen,sunglass_hut_1,,unknown,Sunglass Hut Belconnen
Canberra,superdry,,unknown,Superdry  Canberra
Tuggeranong,sussan_au,,unknown,Tuggeranong
Woden,sussan_au,,unknown,Woden
Belconnen,sussan_au,,unknown,Belconnen
Phillip,suzanne_grae_au,,unknown,Woden
Belconnen,suzanne_grae_au,,unknown,Belconnen
Tuggeranong,suzanne_grae_au,,unknown,Tuggeranong
Fyshwick,sydney_tools_au,,unknown,Fyshwick
Mitchell,sydney_tools_au,,unknown,Mitchell
Tuggeranong,telstra_au,,unknown,Tuggeranong
Woden,telstra_au,,unknown,Woden
Belconnen,telstra_au,,unknown,Belconnen
Canberra,telstra_au,,unknown,Canberra
Gungahlin,telstra_au,,unknown,Gungahlin
Fyshwick,tentworld_au,,unknown,Canberra - Fyshwick
Garran,terry_white_chemmart_au,,unknown,TerryWhite Chemmart Garran
Kambah,terry_white_chemmart_au,,unknown,TerryWhite Chemmart Kambah
Ainslie,terry_white_chemmart_au,,unknown,TerryWhite Chemmart Compounding Ainslie
Belconnen,terry_white_chemmart_au,,unknown,TerryWhite Chemmart Belconnen
unknown,the_cheesecake_shop,47 Nettlefold Street Belconnen ACT 2617,unknown,Belconnen (ACT)
unknown,the_cheesecake_shop,1/5 Badham Street Dickson ACT 2602,unknown,Dickson (ACT)
unknown,the_cheesecake_shop,Shop4/5 Hibberson St Gungahlin ACT 2912,unknown,Gungahlin (ACT)
unknown,the_cheesecake_shop,3/13-19 Botany Street Phillip ACT 2606,unknown,Phillip (ACT)
unknown,the_cheesecake_shop,1/38 Gartside Street Erindale ACT 2903,unknown,Erindale (ACT)
Belconnen,the_coffee_club_au,Kiosk K313 Westfield Belconnen Benjamin Way Belconnen ACT Australia 2617,unknown,TCC - Belconnen
Civic,the_coffee_club_au,Shop CF38 Canberra Centre 148 Bunda St Civic ACT Australia 2601,unknown,TCC - Canberra Centre
Fyshwick,the_coffee_club_au,Shop 530 DFO Canberra 337 Canberra Ave Fyshwick ACT Australia 2609,unknown,TCC - DFO Canberra ACT
Gungahlin,the_coffee_club_au,Shop 21 Gungahlin Marketplace 33 Hibberson St Gungahlin ACT Australia 2912,unknown,TCC - Gungahlin
Holt,the_coffee_club_au,Shop 32 Kippax Fair Hardwick Crescent Holt ACT Australia 2615,unknown,TCC - Kippax Fair
Canberra Airport,the_coffee_club_au,Shop 22 16-24 Spitfire Ave Canberra Airport ACT Australia 2609,unknown,TCC - Majura
Tuggeranong,the_coffee_club_au,K0009 South.Point Shopping Centre  Anketell & Reed Streets  Tuggeranong ACT Australia 2900,unknown,TCC - Tuggeranong
Woden,the_coffee_club_au,Westfield Woden 034 Keltie St Woden ACT Australia 2606,unknown,TCC - Woden Plaza
Fyshwick,the_good_guys_au,,unknown,The Good Guys Fyshwick
Belconnen,the_good_guys_au,,unknown,The Good Guys Belconnen
Tuggeranong,the_good_guys_au,,unknown,The Good Guys Tuggeranong
Canberra City,the_north_face_au_nz,,unknown,Canberra
Fyshwick,toyworld_au,,unknown,Toyworld Fyshwick
Belconnen,toyworld_au,,unknown,Toyworld Belconnen
Mitchell,tradelink_au,62 Brooks St Mitchell ACT 2911,unknown,Mitchell
Fyshwick,tradelink_au,66 Barrier Street Fyshwick ACT 2609,unknown,Fyshwick
Hume,tradelink_au,Building 3 34 - 42 Sheppard St Hume ACT 2620,unknown,Hume
Phillip,tradelink_au,9-11 Dundas Court Phillip ACT 2606,unknown,Phillip
Phillip,travelex,Shop G04/5  Westfield Shopping Town 8 Keltie St Phillip 2606,unknown,"Westfields, Woden"
Belconnen,travelex,helloworld  Shop 147 Westfield Shopping Town Benjamin Way Belconnen 2617,unknown,"Westfields, Belconnen (inside Helloworld)"
Belconnen,tyrepower_au,,unknown,ACT Tyrepower
Greenway,tyrepower_au,,unknown,Tyrepower Tuggeranong
BELCONNEN,ultra_tune_au,,unknown,Ultra Tune Belconnen
FYSHWICK,ultra_tune_au,,unknown,Ultra Tune Fyshwick
PHILLIP,ultra_tune_au,,unknown,Ultra Tune Phillip
GREENWAY,ultra_tune_au,,unknown,Ultra Tune Tuggeranong
BANKS,visa,,unknown,unknown
CONDER,visa,,unknown,unknown
GREENWAY,visa,,unknown,unknown
TUGGERANONG,visa,,unknown,unknown
KAMBAH,visa,,unknown,unknown
CALWELL,visa,,unknown,unknown
WANNIASSA,visa,,unknown,unknown
STIRLING,visa,,unknown,unknown
DUFFY,visa,,unknown,unknown
CHISHOLM,visa,,unknown,unknown
WESTON,visa,,unknown,unknown
GILMORE,visa,,unknown,unknown
MAWSON,visa,,unknown,unknown
PHILLIP,visa,,unknown,unknown
WODEN,visa,,unknown,unknown
GARRAN,visa,,unknown,unknown
CURTIN,visa,,unknown,unknown
RED HILL,visa,,unknown,unknown
HOLT,visa,,unknown,unknown
YARRALUMLA,visa,,unknown,unknown
DEAKIN,visa,,unknown,unknown
MANUKA,visa,,unknown,unknown
HAWKER,visa,,unknown,unknown
GRIFFITH,visa,,unknown,unknown
KINGSTON,visa,,unknown,unknown
FORREST,visa,,unknown,unknown
BARTON,visa,,unknown,unknown
MACQUARIE,visa,,unknown,unknown
FYSHWICK,visa,,unknown,unknown
YARRALUMIA,visa,,unknown,unknown
SYMONSTON,visa,,unknown,unknown
FYSHWICH,visa,,unknown,unknown
BELCONNEN,visa,,unknown,unknown
PARKES,visa,,unknown,unknown
ACTON,visa,,unknown,unknown
BRUCE,visa,,unknown,unknown
FLOREY,visa,,unknown,unknown
CITY,visa,,unknown,unknown
CHARNWOOD,visa,,unknown,unknown
KARABAR,visa,,unknown,unknown
CANBERRA,visa,,unknown,unknown
REID,visa,,unknown,unknown
CANBERRA CITY,visa,,unknown,unknown
CIVIC,visa,,unknown,unknown
MELBA,visa,,unknown,unknown
BRADDON,visa,,unknown,unknown
O'CONNOR,visa,,unknown,unknown
QUEANBEYAN,visa,,unknown,unknown
KALEEN,visa,,unknown,unknown
SPENCE,visa,,unknown,unknown
AINSLIE,visa,,unknown,unknown
EVATT,visa,,unknown,unknown
WATSON,visa,,unknown,unknown
DICKSON,visa,,unknown,unknown
GIRALANG,visa,,unknown,unknown
CANBERRA AIRPORT,visa,,unknown,unknown
LYNEHAM,visa,,unknown,unknown
NICHOLLS,visa,,unknown,unknown
CRACE,visa,,unknown,unknown
MITCHELL,visa,,unknown,unknown
CASEY,visa,,unknown,unknown
GUNGAHLIN,visa,,unknown,unknown
NGUNNAWAL,visa,,unknown,unknown
AMAROO,visa,,unknown,unknown
Deakin,western_union,,unknown,AUSTRALIA POST
Yarralumla,western_union,,unknown,AUSTRALIA POST
Conder,western_union,,unknown,AUSTRALIA POST
Kaleen,western_union,,unknown,AUSTRALIA POST
Garran,western_union,,unknown,AUSTRALIA POST
Calwell,western_union,,unknown,AUSTRALIA POST
O'connor,western_union,,unknown,AUSTRALIA POST
Lyneham,western_union,,unknown,AUSTRALIA POST
Canberra,western_union,,unknown,AUSTRALIA POST
Capital Hill,western_union,,unknown,AUSTRALIA POST
Red Hill,western_union,,unknown,AUSTRALIA POST
Braddon,western_union,,unknown,AUSTRALIA POST
Manuka,western_union,,unknown,AUSTRALIA POST
Gungahlin,western_union,,unknown,AUSTRALIA POST
Dickson,western_union,,unknown,AUSTRALIA POST
Kingston,western_union,,unknown,AUSTRALIA POST
Mitchell,western_union,,unknown,AUSTRALIA POST
Narrabundah,western_union,,unknown,AUSTRALIA POST
Watson,western_union,,unknown,AUSTRALIA POST
Campbell,western_union,,unknown,AUSTRALIA POST
Fyshwick,western_union,,unknown,AUSTRALIA POST
Rivett,western_union,,unknown,AUSTRALIA POST
Hawker,western_union,,unknown,AUSTRALIA POST
Weston,western_union,,unknown,AUSTRALIA POST
Kambah,western_union,,unknown,AUSTRALIA POST
Waramanga,western_union,,unknown,AUSTRALIA POST
Belconnen,western_union,,unknown,AUSTRALIA POST
Greenway,western_union,,unknown,AUSTRALIA POST
Macquarie,western_union,,unknown,AUSTRALIA POST
Hall,western_union,,unknown,AUSTRALIA POST
Curtin,western_union,,unknown,AUSTRALIA POST
Phillip,western_union,,unknown,AUSTRALIA POST
Mawson,western_union,,unknown,AUSTRALIA POST
Holt,western_union,,unknown,AUSTRALIA POST
