City,Place Name,Zipcode,Name
Saint-Priest,aldi_nord_fr,,unknown,ALDI Saint-Priest
Tournon-sur-Rhône,aldi_nord_fr,,unknown,ALDI Tournon-sur-Rhône
Montluçon,aldi_nord_fr,,unknown,ALDI Montluçon
Saint-Marcel-lès-Valence,aldi_nord_fr,,unknown,ALDI Saint-Marcel-lès-Valence
Villars-les-Dombes,aldi_nord_fr,,unknown,ALDI Villars-les-Dombes
Échirolles,aldi_nord_fr,,unknown,ALDI Échirolles
La Verpillière,aldi_nord_fr,,unknown,ALDI La Verpillière
Saint-Genis-Laval,aldi_nord_fr,,unknown,ALDI Saint-Genis-Laval
Mably,aldi_nord_fr,,unknown,ALDI Mably
Clermont-Ferrand,aldi_nord_fr,,unknown,ALDI Clermont-Ferrand
Péronnas,aldi_nord_fr,,unknown,ALDI Péronnas
Saint-Genis-Pouilly,aldi_nord_fr,,unknown,ALDI Saint-Genis-Pouilly
Pierrelatte,aldi_nord_fr,,unknown,ALDI Pierrelatte
Sainte-Foy-lès-Lyon,aldi_nord_fr,,unknown,ALDI Sainte-Foy-lès-Lyon
Valserhône,aldi_nord_fr,,unknown,ALDI Valserhône
Saint-Jean-de-Bournay,aldi_nord_fr,,unknown,ALDI Saint-Jean-de-Bournay
Ménétrol,aldi_nord_fr,,unknown,ALDI Ménétrol
Montbrison,aldi_nord_fr,,unknown,ALDI Montbrison
Anse,aldi_nord_fr,,unknown,ALDI Anse
Aurillac,aldi_nord_fr,,unknown,ALDI Aurillac
L'Horme,aldi_nord_fr,,unknown,ALDI L'Horme
Yzeure,aldi_nord_fr,,unknown,ALDI Yzeure
Ugine,aldi_nord_fr,,unknown,ALDI Ugine
Décines-Charpieu,aldi_nord_fr,,unknown,ALDI Décines-Charpieu
Oyonnax,aldi_nord_fr,,unknown,ALDI Oyonnax
Sainte-Agathe-la-Bouteresse,aldi_nord_fr,,unknown,ALDI Sainte-Agathe-la-Bouteresse
Yssingeaux,aldi_nord_fr,,unknown,ALDI Yssingeaux
Albertville,aldi_nord_fr,,unknown,ALDI Albertville
Vichy,aldi_nord_fr,,unknown,ALDI Vichy
Saint-Péray,aldi_nord_fr,,unknown,ALDI Saint-Péray
Malicorne,aldi_nord_fr,,unknown,ALDI Malicorne
La Mulatière,aldi_nord_fr,,unknown,ALDI La Mulatière
Scionzier,aldi_nord_fr,,unknown,ALDI Scionzier
Mions,aldi_nord_fr,,unknown,ALDI Mions
Mauriac,aldi_nord_fr,,unknown,ALDI Mauriac
Civrieux-d'Azergues,aldi_nord_fr,,unknown,ALDI Civrieux-d'Azergues
Davézieux,aldi_nord_fr,,unknown,ALDI Davézieux
Mozac,aldi_nord_fr,,unknown,ALDI Mozac
Sorbiers,aldi_nord_fr,,unknown,ALDI Sorbiers
Villefranche-sur-Saône,aldi_nord_fr,,unknown,ALDI Villefranche-sur-Saône
Villerest,aldi_nord_fr,,unknown,ALDI Villerest
Beaumont,aldi_nord_fr,,unknown,ALDI Beaumont
Saint-Egrève,aldi_nord_fr,,unknown,ALDI Saint-Egrève
Belley,aldi_nord_fr,,unknown,ALDI Belley
La Croix-de-la-Rochette,aldi_nord_fr,,unknown,ALDI La Croix-de-la-Rochette
Lyon,aldi_nord_fr,,unknown,ALDI Lyon
Margencel,aldi_nord_fr,,unknown,ALDI Margencel
Annemasse,aldi_nord_fr,,unknown,ALDI Annemasse
Valence,aldi_nord_fr,,unknown,ALDI Valence
Perreux,aldi_nord_fr,,unknown,ALDI Perreux
Saint-Flour,aldi_nord_fr,,unknown,ALDI Saint-Flour
Pierre-Bénite,aldi_nord_fr,,unknown,ALDI Pierre-Bénite
Montélimar,aldi_nord_fr,,unknown,ALDI Montélimar
Saint-Maurice-de-Beynost,aldi_nord_fr,,unknown,ALDI Saint-Maurice-de-Beynost
Sévrier,aldi_nord_fr,,unknown,ALDI Sévrier
Rillieux-la-Pape,aldi_nord_fr,,unknown,ALDI Rillieux-la-Pape
Saint-Priest-en-Jarez,aldi_nord_fr,,unknown,ALDI Saint-Priest-en-Jarez
Vienne,aldi_nord_fr,,unknown,ALDI Vienne
Brioude,aldi_nord_fr,,unknown,ALDI Brioude
Roche-la-Molière,aldi_nord_fr,,unknown,ALDI Roche-la-Molière
Chambéry,aldi_nord_fr,,unknown,ALDI Chambéry
Saint-Bonnet-de-Mure,aldi_nord_fr,,unknown,ALDI Saint-Bonnet-de-Mure
Thizy-les-Bourgs,aldi_nord_fr,,unknown,ALDI Thizy-les-Bourgs
Massieux,aldi_nord_fr,,unknown,ALDI Massieux
Gerzat,aldi_nord_fr,,unknown,ALDI Gerzat
Laveyron,aldi_nord_fr,,unknown,ALDI Laveyron
Bourbon-l'Archambault,aldi_nord_fr,,unknown,ALDI Bourbon-l'Archambault
Aubenas,aldi_nord_fr,,unknown,ALDI Aubenas
Saint-Fons,aldi_nord_fr,,unknown,ALDI Saint-Fons
Annecy,aldi_nord_fr,,unknown,ALDI Annecy
La Motte-Servolex,aldi_nord_fr,,unknown,ALDI La Motte-Servolex
Givors,aldi_nord_fr,,unknown,ALDI Givors
Aoste,aldi_nord_fr,,unknown,ALDI Aoste
Viriat,aldi_nord_fr,,unknown,ALDI Viriat
Charlieu,aldi_nord_fr,,unknown,ALDI Charlieu
Gannat,aldi_nord_fr,,unknown,ALDI Gannat
Ambert,aldi_nord_fr,,unknown,ALDI Ambert
Rives,aldi_nord_fr,,unknown,ALDI Rives
La Tour-du-Pin,aldi_nord_fr,,unknown,ALDI La Tour-du-Pin
Rumilly,aldi_nord_fr,,unknown,ALDI Rumilly
Lapalisse,aldi_nord_fr,,unknown,ALDI Lapalisse
Dagneux,aldi_nord_fr,,unknown,ALDI Dagneux
Moulins,aldi_nord_fr,,unknown,ALDI Moulins
Vaulx-en-Velin,aldi_nord_fr,,unknown,ALDI Vaulx-en-Velin
Sainte-Sigolène,aldi_nord_fr,,unknown,ALDI Sainte-Sigolène
Saint-Étienne,aldi_nord_fr,,unknown,ALDI Saint-Étienne
Pont-du-Château,aldi_nord_fr,,unknown,ALDI Pont-du-Château
Vic-le-Comte,aldi_nord_fr,,unknown,ALDI Vic-le-Comte
Chatte,aldi_nord_fr,,unknown,ALDI Chatte
Meximieux,aldi_nord_fr,,unknown,ALDI Meximieux
Crest,aldi_nord_fr,,unknown,ALDI Crest
Riom,aldi_nord_fr,,unknown,ALDI Riom
Sainte-Florine,aldi_nord_fr,,unknown,ALDI Sainte-Florine
Brives-Charensac,aldi_nord_fr,,unknown,ALDI Brives-Charensac
Thiers,aldi_nord_fr,,unknown,ALDI Thiers
Monistrol-sur-Loire,aldi_nord_fr,,unknown,ALDI Monistrol-sur-Loire
Chonas-l'Amballan,aldi_nord_fr,,unknown,ALDI Chonas-l'Amballan
Estrablin,aldi_nord_fr,,unknown,ALDI Estrablin
Saint-Étienne-de-Maurs,aldi_nord_fr,,unknown,ALDI Saint-Étienne-de-Maurs
Saint-Just-Saint-Rambert,aldi_nord_fr,,unknown,ALDI Saint-Just-Saint-Rambert
Pont-de-Chéruy,aldi_nord_fr,,unknown,ALDI Pont-de-Chéruy
Bellerive-sur-Allier,aldi_nord_fr,,unknown,ALDI Bellerive-sur-Allier
Issoire,aldi_nord_fr,,unknown,ALDI Issoire
Romans-sur-Isère,aldi_nord_fr,,unknown,ALDI Romans-sur-Isère
Saint-Maurice-l'Exil,aldi_nord_fr,,unknown,ALDI Saint-Maurice-l'Exil
Villeurbanne,aldi_nord_fr,,unknown,ALDI Villeurbanne
Avermes,aldi_nord_fr,,unknown,ALDI Avermes
Sallanches,aldi_nord_fr,,unknown,ALDI Sallanches
Feurs,aldi_nord_fr,,unknown,ALDI Feurs
Plateau d'Hauteville,aldi_nord_fr,,unknown,ALDI
Unieux,aldi_nord_fr,,unknown,ALDI Unieux
Saint-Chamond,aldi_nord_fr,,unknown,ALDI Saint-Chamond
Domérat,aldi_nord_fr,,unknown,ALDI Domérat
Susville,aldi_nord_fr,,unknown,ALDI Susville
Villeurbanne,anytime_fitness,,unknown,Anytime Fitness
Vichy,grand_optical,,unknown,Opticien VICHY Générale d'Optique
Andrézieux-Bouthéon,grand_optical,,unknown,Opticien ANDREZIEUX Générale d'Optique
Annemasse,grand_optical,,unknown,Opticien ANNEMASSE Générale d'Optique
Annecy,grand_optical,,unknown,Opticien ANNECY BROGNY Générale d'Optique
Anthy-sur-Léman,grand_optical,,unknown,Opticien THONON LES BAINS Générale d'Optique
Aubiere,grand_optical,,unknown,Opticien AUBIERE Générale d'Optique
Aubenas,grand_optical,,unknown,Opticien AUBENAS Générale d'Optique
Gilly-sur-Isère,grand_optical,,unknown,Opticien ALBERTVILLE Générale d'Optique
Belley,grand_optical,,unknown,Opticien BELLEY Générale d'Optique
Beynost,grand_optical,,unknown,Opticien BEYNOST Générale d'Optique
Meximieux,grand_optical,,unknown,Opticien MEXIMIEUX Générale d'Optique
Meyzieu,grand_optical,,unknown,Opticien MEYZIEU Générale d'Optique
Bourg-en-Bresse,grand_optical,,unknown,Opticien BOURG EN BRESSE 2 Générale d'Optique
Bourg-lès-Valence,grand_optical,,unknown,Opticien BOURG LES VALENCE Générale d'Optique
Bourgoin-Jallieu,grand_optical,,unknown,Opticien BOURGOIN JALLIEU Générale d'Optique
Montbrison,grand_optical,,unknown,Opticien MONTBRISON Générale d'Optique
Montélimar,grand_optical,,unknown,Opticien MONTELIMAR 2 Générale d'Optique
Montluçon,grand_optical,,unknown,Opticien MONTLUCON 2 Générale d'Optique
Caluire-et-Cuire,grand_optical,,unknown,Opticien LYON CALUIRE Générale d'Optique
Grenoble,grand_optical,,unknown,Opticien GRENOBLE GRANDE PLACE Générale d'Optique
Guilherand-Granges,grand_optical,,unknown,Opticien Guilherand-Granges Générale d'Optique
Riom,grand_optical,,unknown,Opticien RIOM Générale d'Optique
Issoire,grand_optical,,unknown,Opticien ISSOIRE Générale d'Optique
Riorges,grand_optical,,unknown,Opticien RIORGES Générale d'Optique
Mably,grand_optical,,unknown,Opticien ROANNE Générale d'Optique
L'Isle-d'Abeau,grand_optical,,unknown,Opticien L'ISLE D'ABEAU Générale d'Optique
Arbent,grand_optical,,unknown,Opticien OYONNAX Générale d'Optique
La Ricamarie,grand_optical,,unknown,Opticien ST ETIENNE LA RICAMARIE Générale d'Optique
Saint-Étienne,grand_optical,,unknown,Opticien Saint Etienne Monthieu Générale d'Optique
Sallanches,grand_optical,,unknown,Opticien SALLANCHES Générale d'Optique
Pierre-Bénite,grand_optical,,unknown,Opticien PIERRE BENITE Générale d'Optique
Salaise-sur-Sanne,grand_optical,,unknown,Opticien SALAISE SUR SANNE Générale d'Optique
Clermont-Ferrand,grand_optical,,unknown,Opticien CLERMONT NEYRAT Générale d'Optique
Scionzier,grand_optical,,unknown,Opticien CLUSES Générale d'Optique
Craponne,grand_optical,,unknown,Opticien CRAPONNE Générale d'Optique
Seynod,grand_optical,,unknown,Opticien ANNECY SEYNOD Générale d'Optique
Epagny Metz-Tessy,grand_optical,,unknown,Opticien ANNECY EPAGNY Générale d'Optique
Le Pont-de-Beauvoisin,grand_optical,,unknown,Opticien LE PONT DE BEAUVOISIN Générale d'Optique
Lempdes,grand_optical,,unknown,Opticien LEMPDES Générale d'Optique
Saint-Alban-Leysse,grand_optical,,unknown,Opticien ST ALBAN LEYSSE Générale d'Optique
Chambéry,grand_optical,,unknown,Opticien Chambery Chamnord Générale d'Optique
Crolles,grand_optical,,unknown,Opticien CROLLES Générale d'Optique
Davézieux,grand_optical,,unknown,Opticien DAVEZIEUX Générale d'Optique
Limonest,grand_optical,,unknown,Opticien LYON LIMONEST Générale d'Optique
Saint-Egrève,grand_optical,,unknown,Opticien GRENOBLE ST EGREVE Générale d'Optique
Loriol-sur-Drôme,grand_optical,,unknown,Opticien LORIOL Générale d'Optique
Saint-Georges,grand_optical,,unknown,Opticien SAINT FLOUR Générale d'Optique
Lyon,grand_optical,,unknown,Opticien Lyon Part Dieu GrandOptical
Domérat,grand_optical,,unknown,Opticien MONTLUÇON Générale d'Optique
Saint-Jean-de-Soudain,grand_optical,,unknown,Opticien LA TOUR DU PIN Générale d'Optique
Drumettaz-Clarafond,grand_optical,,unknown,Opticien AIX LES BAINS Générale d'Optique
Saint-Martin-d'Hères,grand_optical,,unknown,Opticien ST MARTIN D'HERES Générale d'Optique
Échirolles,grand_optical,,unknown,Opticien ECHIROLLES Générale d'Optique
Saint-Priest,grand_optical,,unknown,Opticien LYON ST PRIEST Générale d'Optique
Feurs,grand_optical,,unknown,Opticien FEURS Générale d'Optique
Firminy,grand_optical,,unknown,Opticien FIRMINY Générale d'Optique
Saint-Paul-lès-Romans,grand_optical,,unknown,Opticien SAINT PAUL LES ROMANS Générale d'Optique
Givors,grand_optical,,unknown,Opticien GIVORS Générale d'Optique
Thoiry,grand_optical,,unknown,Opticien VAL THOIRY Générale d'Optique
Tignieu-Jameyzieu,grand_optical,,unknown,Opticien TIGNIEU JAMEYZIEU Générale d'Optique
Valence,grand_optical,,unknown,Opticien VALENCE LES COULEURES Générale d'Optique
Vaulx-en-Velin,grand_optical,,unknown,Opticien VAULX EN VELIN Générale d'Optique
Vienne,grand_optical,,unknown,Opticien VIENNE Générale d'Optique
Villars,grand_optical,,unknown,Opticien VILLARS Générale d'Optique
Villefranche-sur-Saône,grand_optical,,unknown,Opticien VILLEFRANCHE SUR SAONE Générale d'Optique
Villeurbanne,grand_optical,,unknown,Opticien VILLEURBANNE Générale d'Optique
Viriat,grand_optical,,unknown,Opticien BOURG EN BRESSE Générale d'Optique
Voiron,grand_optical,,unknown,Opticien VOIRON Générale d'Optique
Ambert,grand_optical,,unknown,Opticien AMBERT Générale d'Optique
Belleville-en-Beaujolais,grand_optical,,unknown,Opticien Belleville Générale d'Optique
Chaponnay,grand_optical,,unknown,Opticien CHAPONNAY Générale d'Optique
Chatte,grand_optical,,unknown,Opticien SAINT MARCELLIN Générale d'Optique
Civrieux-d'Azergues,grand_optical,,unknown,Opticien CIVRIEUX D'AZERGUES Générale d'Optique
Saint-Chamond,grand_optical,,unknown,Opticien SAINT CHAMOND Générale d'Optique
Vénissieux,grand_optical,,unknown,Opticien LYON PARILLY Générale d'Optique
Tournon-sur-Rhône,grand_optical,,unknown,Opticien Tournon Sur Rhône Générale d'Optique
Pierrelatte,grand_optical,,unknown,Opticien PIERRELATTE Générale d'Optique
Etrembières,grand_optical,,unknown,Opticien ETREMBIERES Générale d'Optique
Charlieu,grand_optical,,unknown,Opticien Charlieu GrandOptical
Renaison,grand_optical,,unknown,Opticien Renaison GrandOptical
Pont-du-Château,grand_optical,,unknown,Opticien Pont du Château GrandOptical
Thonon-les-Bains,grand_optical,,unknown,Opticien GrandOptical Thonon les bains
Bourg-en-Bresse,korian_fr,,unknown,Korian Jardin de Brou
Bourg-Saint-Andéol,korian_fr,,unknown,Korian La Bastide
Chambéry,korian_fr,,unknown,Korian Fontaine St Martin
Charols,korian_fr,,unknown,Korian Drôme Provençale
Clermont-Ferrand,korian_fr,,unknown,Korian L'Oradou
Curtafond,korian_fr,,unknown,Korian Home de Cortefredone
Fontaines-Saint-Martin,korian_fr,,unknown,Korian La Fontanière
Grenoble,korian_fr,,unknown,Korian L'Isle Verte
Grézieu-la-Varenne,korian_fr,,unknown,Korian Jardins d'Hestia
Jardin,korian_fr,,unknown,Korian Villa Ortis
Lyon,korian_fr,,unknown,Korian Les Annabelles
Oullins,korian_fr,,unknown,Korian Claude Bernard
Passy,korian_fr,,unknown,Korian Les Myrtilles
Pollionnay,korian_fr,,unknown,Korian Les Aurélias
Roanne,korian_fr,,unknown,Korian Villa D'Albon
Saint-Etienne,korian_fr,,unknown,Korian L'Astrée
Saint-Fons,korian_fr,,unknown,Korian Hameau de la Source
Saint-priest-en-jarez,korian_fr,,unknown,Korian La Mounardière
Thonon-les-Bains,korian_fr,,unknown,Korian L'Esconda
Valence,korian_fr,,unknown,Korian Villa Thaïs
Vernaison,korian_fr,,unknown,Korian Saint-François
Villars-les-Dombes,korian_fr,,unknown,Korian Les Fauvettes
Etrembières,lovisa,,unknown,Lovisa
Lyon,lovisa,,unknown,Lovisa
Chambery,lovisa,,unknown,Lovisa
ROANNE,mercedes_benz,,unknown,ETOILE AUTOMOBILE - J. RAVON
SILLINGY,mercedes_benz,,unknown,E-MB 74
SAINT-ETIENNE,mercedes_benz,,unknown,ETOILE AUTOMOBILE - J. RAVON
TOURNON-FRONTENEX,mercedes_benz,,unknown,ETOILE 38
SAINT-CYR-SUR-MENTHON,mercedes_benz,,unknown,GARAGE CHRISTIAN
RILLIEUX LA PAPE,mercedes_benz,,unknown,GARAGE DU BOCAGE
AYSE,mercedes_benz,,unknown,SVI 74
CERCIE,mercedes_benz,,unknown,GARAGE MURAT
VOUGY,mercedes_benz,,unknown,SO.GE.MO.
ST-PRIEST,mercedes_benz,,unknown,GARAGE DE GENAS
GONCELIN,mercedes_benz,,unknown,GARAGE MONCENIX PERE ET FILS
CHAPONOST,mercedes_benz,,unknown,GARAGE DU BOCAGE II
AUBENAS,mercedes_benz,,unknown,ETOILE DU RHÔNE
ANTHY-SUR-LEMAN,mercedes_benz,,unknown,E-MB LEMAN
GENAS,mercedes_benz,,unknown,Daimler Truck France S.A.S.U.
SAINT-MARTIN-DU-FRÊNE,mercedes_benz,,unknown,SOCIETE DU VEHICULE INDUSTRIEL
BOURGOIN-JALLIEU,mercedes_benz,,unknown,ETOILE DU DAUPHINÉ
CLUSES,mercedes_benz,,unknown,E-MB 74
GIERES,mercedes_benz,,unknown,ETOILE 38
FONTANIL-CORNILLON,mercedes_benz,,unknown,ETOILE 38
ROMANS-SUR-ISERE,mercedes_benz,,unknown,ETOILE DU RHÔNE
CUSSET,mercedes_benz,,unknown,SEVI 63
ARNAS,mercedes_benz,,unknown,SOCIETE DU VEHICULE INDUSTRIEL
AUBIERE,mercedes_benz,,unknown,SEVI 63
BELLERIVE-SUR-ALLIER,mercedes_benz,,unknown,CENTRE ETOILE AUTOMOBILES
MONTLUÇON,mercedes_benz,,unknown,CENTRE ETOILE AUTOMOBILES
AVERMES,mercedes_benz,,unknown,CENTRE ETOILE AUTOMOBILES
SAINT-GERMAIN-LAPRADE,mercedes_benz,,unknown,GARAGE JF FRAISSE
MONTELIMAR,mercedes_benz,,unknown,ETOILE DU RHÔNE
VIRIAT,mercedes_benz,,unknown,SOCIETE DU VEHICULE INDUSTRIEL
LA MOTTE-SERVOLEX,mercedes_benz,,unknown,E-MB 73
VILLARS,mercedes_benz,,unknown,GARAGE JF FRAISSE
VALENCE,mercedes_benz,,unknown,ETOILE DU RHÔNE
CHAMBERY,mercedes_benz,,unknown,SAVOISIENNE DU VEHICULE INDUSTRIEL 73
ARGONAY,mercedes_benz,,unknown,SVI 74
AURILLAC,mercedes_benz,,unknown,EURO DISTRIBUTION
VILLE LA GRAND,mercedes_benz,,unknown,E-MB LEMAN
BOURG-EN-BRESSE,mercedes_benz,,unknown,ETOILE 01
SEYSSUEL,mercedes_benz,,unknown,ETOILE 69
VILLEFRANCHE-SUR-SAÔNE,mercedes_benz,,unknown,ETOILE 69
SAINT-FONS,mercedes_benz,,unknown,ETOILE 69
LYON,mercedes_benz,,unknown,ETOILE 69
SAINT-EGREVE,mercedes_benz,,unknown,DAUPHINE POIDS LOURDS
NIVOLAS-VERMELLE,mercedes_benz,,unknown,DAUPHINE POIDS LOURDS
Lyon,nike,,unknown,Nike Store Lyon Part Dieu (Partnered)
Clermont-Ferrand Cedex 2,ricoh_europe,,unknown,Agence Clermont-Ferrand Cedex 2
Francin,ricoh_europe,,unknown,Agence Francin
Saint Priest,ricoh_europe,,unknown,Agence Saint Priest
ROANNE,ricoh_europe,,unknown,PARTENAIRE IMAGE LASER COULEUR
Clermont Ferrand,vans,,unknown,Vans Clermont
Lyon,vans,,unknown,Vans Lyon
Annecy,vans,,unknown,Vans Annecy
