City,Place Name,Zipcode,Name
Pamiers,aldi_nord_fr,,unknown,ALDI Pamiers
Castres,aldi_nord_fr,,unknown,ALDI Castres
Saint-Gilles,aldi_nord_fr,,unknown,ALDI Saint-Gilles
Toulouse,aldi_nord_fr,,unknown,ALDI Toulouse
Saint-Alban,aldi_nord_fr,,unknown,ALDI Saint-Alban
Montauban,aldi_nord_fr,,unknown,ALDI Montauban
Bagnols-sur-Cèze,aldi_nord_fr,,unknown,ALDI Bagnols-sur-Cèze
Plaisance-du-Touch,aldi_nord_fr,,unknown,ALDI Plaisance-du-Touch
Castelnau-le-Lez,aldi_nord_fr,,unknown,ALDI Castelnau-le-Lez
Narbonne,aldi_nord_fr,,unknown,ALDI Narbonne
Ganges,aldi_nord_fr,,unknown,ALDI Ganges
Saint-Martin-de-Valgalgues,aldi_nord_fr,,unknown,ALDI Saint-Martin-de-Valgalgues
Carcassonne,aldi_nord_fr,,unknown,ALDI Carcassonne
Juvignac,aldi_nord_fr,,unknown,ALDI Juvignac
Decazeville,aldi_nord_fr,,unknown,ALDI Decazeville
Albi,aldi_nord_fr,,unknown,ALDI Albi
Lavaur,aldi_nord_fr,,unknown,ALDI Lavaur
Figeac,aldi_nord_fr,,unknown,ALDI Figeac
Caissargues,aldi_nord_fr,,unknown,ALDI Caissargues
Gourdon,aldi_nord_fr,,unknown,ALDI Gourdon
Perpignan,aldi_nord_fr,,unknown,ALDI Perpignan
Cabestany,aldi_nord_fr,,unknown,ALDI Cabestany
Vias,aldi_nord_fr,,unknown,ALDI Vias
Colomiers,aldi_nord_fr,,unknown,ALDI Colomiers
Villefranche-de-Lauragais,aldi_nord_fr,,unknown,ALDI Villefranche-de-Lauragais
Carbonne,aldi_nord_fr,,unknown,ALDI Carbonne
Saint-Jean-de-Védas,aldi_nord_fr,,unknown,ALDI Saint-Jean-de-Védas
Rivesaltes,aldi_nord_fr,,unknown,ALDI Rivesaltes
Uzès,aldi_nord_fr,,unknown,ALDI Uzes
Séméac,aldi_nord_fr,,unknown,ALDI Séméac
Vestric-et-Candiac,aldi_nord_fr,,unknown,ALDI Vestric-et-Candiac
Gourdan-Polignan,aldi_nord_fr,,unknown,ALDI Gourdan-Polignan
Gimont,aldi_nord_fr,,unknown,ALDI Gimont
Cazouls-lès-Béziers,aldi_nord_fr,,unknown,ALDI Cazouls-lès-Béziers
Aussillon,aldi_nord_fr,,unknown,ALDI Aussillon
Saint-Estève,aldi_nord_fr,,unknown,ALDI Saint-Estève
Beaucaire,aldi_nord_fr,,unknown,ALDI Beaucaire
Balma,aldi_nord_fr,,unknown,ALDI Balma
Pavie,aldi_nord_fr,,unknown,ALDI Pavie
Muret,aldi_nord_fr,,unknown,ALDI Muret
Magalas,aldi_nord_fr,,unknown,ALDI Magalas
Lattes,aldi_nord_fr,,unknown,ALDI Lattes
Ayzac-Ost,aldi_nord_fr,,unknown,ALDI Ayzac-Ost
Auterive,aldi_nord_fr,,unknown,ALDI Auterive
Tarascon-sur-Ariège,aldi_nord_fr,,unknown,ALDI Tarascon-sur-Ariège
Cahors,aldi_nord_fr,,unknown,ALDI Cahors
Clermont-l'Hérault,aldi_nord_fr,,unknown,ALDI Clermont-l'Hérault
Launaguet,aldi_nord_fr,,unknown,ALDI Launaguet
Luc-la-Primaube,aldi_nord_fr,,unknown,ALDI Luc-la-Primaube
Gagnac-sur-Garonne,aldi_nord_fr,,unknown,ALDI Gagnac-sur-Garonne
Ramonville-Saint-Agne,aldi_nord_fr,,unknown,ALDI Ramonville-Saint-Agne
Rieumes,aldi_nord_fr,,unknown,ALDI Rieumes
Souillac,aldi_nord_fr,,unknown,ALDI Souillac
Nîmes,aldi_nord_fr,,unknown,ALDI Nîmes
Montpellier,aldi_nord_fr,,unknown,ALDI Montpellier
Colombiers,aldi_nord_fr,,unknown,ALDI Colombiers
Nogaro,aldi_nord_fr,,unknown,ALDI Nogaro
Sérignan,aldi_nord_fr,,unknown,ALDI Sérignan
Bagnères-de-Bigorre,aldi_nord_fr,,unknown,ALDI Bagnères-de-Bigorre
Lodève,aldi_nord_fr,,unknown,ALDI Lodève
Castries,aldi_nord_fr,,unknown,ALDI Castries
Villefranche-de-Rouergue,aldi_nord_fr,,unknown,ALDI Villefranche-de-Rouergue
Alès,aldi_nord_fr,,unknown,ALDI Alès
Balaruc-le-Vieux,aldi_nord_fr,,unknown,ALDI Balaruc-le-Vieux
Ille-sur-Têt,aldi_nord_fr,,unknown,ALDI Ille-sur-Têt
Saint-Laurent-de-la-Salanque,aldi_nord_fr,,unknown,ALDI Saint-Laurent-de-la-Salanque
Blaye-les-Mines,aldi_nord_fr,,unknown,ALDI Blaye-les-Mines
Elne,aldi_nord_fr,,unknown,ALDI Elne
Perpignan Porte Espagne,aldi_nord_fr,,unknown,ALDI Perpignan Porte Espagne
Port-la-Nouvelle,aldi_nord_fr,,unknown,ALDI Port-la-Nouvelle
Lombez,aldi_nord_fr,,unknown,ALDI Lombez
Marseillan,aldi_nord_fr,,unknown,ALDI Marseillan
Bouillargues,aldi_nord_fr,,unknown,ALDI Bouillargues
Labarthe-sur-Lèze,aldi_nord_fr,,unknown,ALDI Labarthe-sur-Lèze
Lunel,aldi_nord_fr,,unknown,ALDI Lunel
Foix,aldi_nord_fr,,unknown,ALDI Foix
Castelnaudary,aldi_nord_fr,,unknown,ALDI Castelnaudary
Argelès-sur-Mer,aldi_nord_fr,,unknown,ALDI Argelès-sur-Mer
Lézignan-Corbières,aldi_nord_fr,,unknown,ALDI Lézignan-Corbières
Martres-Tolosane,aldi_nord_fr,,unknown,ALDI Cazères
Lavelanet,aldi_nord_fr,,unknown,ALDI Lavelanet
Cugnaux,aldi_nord_fr,,unknown,ALDI Cugnaux
Mende,aldi_nord_fr,,unknown,ALDI Mende
Ségoufielle,aldi_nord_fr,,unknown,ALDI Ségoufielle
Aimargues,aldi_nord_fr,,unknown,ALDI Aimargues
Landorthe,aldi_nord_fr,,unknown,ALDI Landorthe
Cornebarrieu,aldi_nord_fr,,unknown,ALDI Cornebarrieu
Villemur-sur-Tarn,aldi_nord_fr,,unknown,ALDI Villemur-sur-Tarn
Saint-Lizier,aldi_nord_fr,,unknown,ALDI Saint-Lizier
Saint-Aunès,aldi_nord_fr,,unknown,ALDI Saint-Aunès
Mirepoix,aldi_nord_fr,,unknown,ALDI Mirepoix
Vernet,aldi_nord_fr,,unknown,ALDI Vernet
Nègrepelisse,aldi_nord_fr,,unknown,ALDI Nègrepelisse
Saint-Sulpice-la-Pointe,aldi_nord_fr,,unknown,ALDI Saint-Sulpice-la-Pointe
Grenade,aldi_nord_fr,,unknown,ALDI Grenade
Boulogne-sur-Gesse,aldi_nord_fr,,unknown,ALDI Boulogne-sur-Gesse
Saint-Affrique,aldi_nord_fr,,unknown,ALDI Saint-Affrique
Odos,aldi_nord_fr,,unknown,ALDI Odos
Saint-Laurent-les-Tours,aldi_nord_fr,,unknown,ALDI Saint-Laurent-les-Tours
Gignac,aldi_nord_fr,,unknown,ALDI Gignac
Anduze,aldi_nord_fr,,unknown,ALDI Anduze
Lannemezan,aldi_nord_fr,,unknown,ALDI Lannemezan
Montady,aldi_nord_fr,,unknown,ALDI Montady
Tarbes,aldi_nord_fr,,unknown,ALDI Tarbes
Gaillac,aldi_nord_fr,,unknown,ALDI Gaillac
Revel,aldi_nord_fr,,unknown,ALDI Revel
Pézenas,aldi_nord_fr,,unknown,ALDI Pézenas
Amélie-les-Bains-Palalda,aldi_nord_fr,,unknown,ALDI Amélie-les-Bains-Palalda
Bourg-Madame,aldi_nord_fr,,unknown,ALDI Bourg-Madame
Saint-Marcel-sur-Aude,aldi_nord_fr,,unknown,ALDI Saint-Marcel-sur-Aude
Le Sequestre,aldi_nord_fr,,unknown,ALDI Le Sequestre
Marvejols,aldi_nord_fr,,unknown,ALDI Marvejols
Béziers,aldi_nord_fr,,unknown,ALDI Béziers
Frontignan,aldi_nord_fr,,unknown,ALDI Frontignan
Fleurance,aldi_nord_fr,,unknown,ALDI Fleurance
Moissac,aldi_nord_fr,,unknown,ALDI Moissac
Graulhet,aldi_nord_fr,,unknown,ALDI Graulhet
Quillan,aldi_nord_fr,,unknown,ALDI Quillan
Agde,grand_optical,,unknown,Opticien AGDE Générale d'Optique
Alès,grand_optical,,unknown,Opticien ALES Générale d'Optique
Argelès-sur-Mer,grand_optical,,unknown,Opticien ARGELES Générale d'Optique
Auch,grand_optical,,unknown,Opticien AUCH Générale d'Optique
Castres,grand_optical,,unknown,Opticien CASTRES Générale d'Optique
Béziers,grand_optical,,unknown,Opticien BEZIERS Générale d'Optique
Millau,grand_optical,,unknown,Opticien MILLAU Générale d'Optique
Montauban,grand_optical,,unknown,Opticien MONTAUBAN Générale d'Optique
Bout-du-Pont-de-Larn,grand_optical,,unknown,Opticien MAZAMET Générale d'Optique
Portet-sur-Garonne,grand_optical,,unknown,Opticien PORTET SUR GARONNE 2 Générale d'Optique
Cabestany,grand_optical,,unknown,Opticien CABESTANY Générale d'Optique
Montpellier,grand_optical,,unknown,Opticien MONTPELLIER SABINES Générale d'Optique
Capdenac,grand_optical,,unknown,Opticien FIGEAC Générale d'Optique
Ibos,grand_optical,,unknown,Opticien TARBES Générale d'Optique
Nimes,grand_optical,,unknown,Opticien NIMES SUD Générale d'Optique
Juvignac,grand_optical,,unknown,Opticien JUVIGNAC Générale d'Optique
L'Isle-Jourdain,grand_optical,,unknown,Opticien L'ISLE JOURDAIN Générale d'Optique
Roques,grand_optical,,unknown,Opticien TOULOUSE ROQUES Générale d'Optique
Rouffiac-Tolosan,grand_optical,,unknown,Opticien ROUFFIAC Générale d'Optique
Pérols,grand_optical,,unknown,Opticien MONTPELLIER PEROLS Générale d'Optique
Claira,grand_optical,,unknown,Opticien PERPIGNAN CLAIRA Générale d'Optique
Perpignan,grand_optical,,unknown,Opticien Perpignan GrandOptical
Labège,grand_optical,,unknown,Opticien TOULOUSE LABEGE Générale d'Optique
Clapiers,grand_optical,,unknown,Opticien JACOU Générale d'Optique
Lannemezan,grand_optical,,unknown,Opticien LANNEMEZAN Générale d'Optique
Lattes,grand_optical,,unknown,Opticien MONTPELLIER LATTES Générale d'Optique
Colomiers,grand_optical,,unknown,Opticien COLOMIERS Générale d'Optique
Le Montat,grand_optical,,unknown,Opticien CAHORS Générale d'Optique
Les Angles,grand_optical,,unknown,Opticien AVIGNON LES ANGLES Générale d'Optique
Saint-Jean-de-Védas,grand_optical,,unknown,Opticien SAINT JEAN DE VEDAS Générale d'Optique
Saint-Jean-du-Falga,grand_optical,,unknown,Opticien PAMIERS Générale d'Optique
Fenouillet,grand_optical,,unknown,Opticien FENOUILLET Générale d'Optique
Saint-Orens-de-Gameville,grand_optical,,unknown,Opticien TOULOUSE ST ORENS Générale d'Optique
Gaillac,grand_optical,,unknown,Opticien GAILLAC Générale d'Optique
Toulouse,grand_optical,,unknown,Opticien Toulouse Centre GrandOptical
Villefranche-de-Rouergue,grand_optical,,unknown,Opticien VILLEFRANCHE DE ROUERGUE Générale d'Optique
Carcassonne,grand_optical,,unknown,Opticien CARCASSONNE Générale d'Optique
Lescure-d'Albigeois,grand_optical,,unknown,Opticien Albi Lescure GrandOptical
Nîmes,grand_optical,,unknown,Opticien NIMES Générale d'Optique
Graulhet,grand_optical,,unknown,Opticien GRAULHET Générale d'Optique
Cazères,grand_optical,,unknown,Opticien CAZERES Générale d'Optique
Castelsarrasin,grand_optical,,unknown,Opticien CASTELSARRASIN Générale d'Optique
Lavaur,grand_optical,,unknown,Opticien LAVAUR Générale d'Optique
Landorthe,grand_optical,,unknown,Opticien SAINT GAUDENS Générale d'Optique
Lunel,grand_optical,,unknown,Opticien LUNEL Générale d'Optique
Uzès,grand_optical,,unknown,Opticien UZES Générale d'Optique
Pollestres,grand_optical,,unknown,Opticien POLLESTRES Générale d'Optique
Albi,grand_optical,,unknown,Opticien ALBI SEQUESTRE Générale d'Optique
Bretenoux,grand_optical,,unknown,Opticien BRETENOUX Générale d'Optique
Blagnac,grand_optical,,unknown,Opticien BLAGNAC Générale d'Optique
Sébazac-Concourès,grand_optical,,unknown,Opticien RODEZ Générale d'Optique
Lézignan-Corbières,grand_optical,,unknown,Opticien LEZIGNAN CORBIERES Générale d'Optique
Marguerittes,grand_optical,,unknown,Opticien Marguerittes Générale d'Optique
Clermont-l'Hérault,grand_optical,,unknown,Opticien Clermont L'Hérault Générale d'Optique
Saint-Aunès,grand_optical,,unknown,Opticien SAINT-AUNES Générale d'Optique
Narbonne,grand_optical,,unknown,Opticien Narbonne Générale d'Optique
Saint-Gilles,grand_optical,,unknown,Opticien SAINT-GILLES Générale d'Optique
Auterive,grand_optical,,unknown,Opticien AUTERIVE Générale d'Optique
Baziège,korian_fr,,unknown,Korian Villa Lauragais
Béziers,korian_fr,,unknown,Korian Lo Solelh
Bram,korian_fr,,unknown,Korian Frontenac
Cahuzac,korian_fr,,unknown,Korian Maison d'Émilienne
Carcassonne,korian_fr,,unknown,Korian Le Bastion
Castelnau-de-Lévis,korian_fr,,unknown,Korian Les Blés d'Or
Castéra-Verduzan,korian_fr,,unknown,Korian Villa Castéra
Cazaubon,korian_fr,,unknown,Korian Le Clos de l'Uby
Gigean,korian_fr,,unknown,Korian La Colombe
Lherm,korian_fr,,unknown,Korian La Chêneraie
Lunel,korian_fr,,unknown,Korian Les Meunières
L'Union,korian_fr,,unknown,Korian Grand Maison
Mazères,korian_fr,,unknown,Korian Gaston de Foix
Montpellier,korian_fr,,unknown,Korian La Pompignane
Narbonne,korian_fr,,unknown,Korian Les Pins Verts
Nîmes,korian_fr,,unknown,Korian Mas de Lauze
Perpignan,korian_fr,,unknown,Korian Catalogne
Pin-Balma,korian_fr,,unknown,Korian La Seillonne
Rouffiac-Tolosan,korian_fr,,unknown,Korian La Chênaie
Saint-Gély-du-Fesc,korian_fr,,unknown,Korian Les Gardioles
Saint-Sulpice-sur-Lèze,korian_fr,,unknown,Korian Coteaux de la Lèze
Sérignan,korian_fr,,unknown,Korian Les Tamaris
Tarbes,korian_fr,,unknown,Korian Le Carmel
Toulouse,korian_fr,,unknown,Korian La Côte Pavée
CARCASSONNE,mercedes_benz,,unknown,LG CARCASSONNE AUTOMOBILES
MONTAUBAN,mercedes_benz,,unknown,HAMECHER MONTAUBAN
ALES,mercedes_benz,,unknown,LG ALES AUTOMOBILES
TARBES,mercedes_benz,,unknown,JAMBOREE
ALBI,mercedes_benz,,unknown,LG ALBI AUTOMOBILES
ONET LE CHATEAU,mercedes_benz,,unknown,HAMECHER RODEZ
PORTET-SUR-GARONNE,mercedes_benz,,unknown,HAMECHER TOULOUSE VI
MARSSAC-SUR-TARN,mercedes_benz,,unknown,HAMECHER TOULOUSE VI
LA PRIMAUBE,mercedes_benz,,unknown,ETOILE DES GRANDS CAUSSES
MILLAU,mercedes_benz,,unknown,ETOILE SERVICE
CAHORS,mercedes_benz,,unknown,HAMECHER TOULOUSE VI
CASTRES,mercedes_benz,,unknown,LG CASTRES AUTOMOBILES
NARBONNE,mercedes_benz,,unknown,LG NARBONNE AUTOMOBILES
MURET,mercedes_benz,,unknown,LG MURET AUTOMOBILES
IBOS,mercedes_benz,,unknown,STE PYRENEENNE DE VEHICULES INDUSTRIELS
PAMIERS,mercedes_benz,,unknown,SAS LG PAMIERS AUTOMOBILES
ESTANCARBON,mercedes_benz,,unknown,HAMECHER TOULOUSE VI
NÎMES,mercedes_benz,,unknown,HAMECHER MONTPELLIER
CASTELNAU-LE-LEZ,mercedes_benz,,unknown,SOCIETE DE DISTRIBUTION ET DE REPARATION AUTOMOBILE
PERPIGNAN,mercedes_benz,,unknown,MONOPOLE AUTOMOBILES
Villeneuve-lès-Béziers,mercedes_benz,,unknown,LG BEZIERS AUTOMOBILES
FENOUILLET,mercedes_benz,,unknown,HAMECHER TOULOUSE VI
MIREVAL,mercedes_benz,,unknown,HAMECHER MONTPELLIER
AUCH,mercedes_benz,,unknown,GARAGE DARTUS
MARGUERITTES,mercedes_benz,,unknown,GARAGE H. FROMENT
TOULOUSE,mercedes_benz,,unknown,LG TOULOUSE AUTOMOBILES
SETE,mercedes_benz,,unknown,SOCIETE DE DISTRIBUTION ET DE REPARATION AUTOMOBILE
Labège,ricoh_europe,,unknown,Agence Labège
Montpellier,ricoh_europe,,unknown,Agency Montpellier
FOURQUES,ricoh_europe,,unknown,PARTENAIRE CAP SOLUTIONS
CARCASSONNE,smart,,unknown,LG CARCASSONNE AUTOMOBILES
Montpellier,the_north_face_eu,,unknown,The North Face Montpellier
ST LAURENT DE CERDANS,visa,,unknown,unknown
PRATS DE MOLLO,visa,,unknown,unknown
UR,visa,,unknown,unknown
SAILLAGOUSE,visa,,unknown,unknown
ARLES-SUR-TECH,visa,,unknown,unknown
EGAT,visa,,unknown,unknown
AMELIE LES BAINS PALALDA,visa,,unknown,unknown
FONT ROMEU ODEILLO VIA,visa,,unknown,unknown
CERET,visa,,unknown,unknown
MAUREILLAS LAS ILLAS,visa,,unknown,unknown
PRADES,visa,,unknown,unknown
BANYULS SUR MER,visa,,unknown,unknown
VERNET-LES-BAINS,visa,,unknown,unknown
LE BOULOU,visa,,unknown,unknown
PORT VENDRES,visa,,unknown,unknown
COLLIOURE,visa,,unknown,unknown
LES ANGLES,visa,,unknown,unknown
SAINT GENIS DES FONTAINES,visa,,unknown,unknown
ARGELES SUR MER,visa,,unknown,unknown
POLLESTRES,visa,,unknown,unknown
BANYULS DELS ASPRES,visa,,unknown,unknown
PALAU DEL VIDRE,visa,,unknown,unknown
FORMIGUERES,visa,,unknown,unknown
ELNE,visa,,unknown,unknown
BAGES,visa,,unknown,unknown
LLUPIA,visa,,unknown,unknown
PONTEILLA,visa,,unknown,unknown
SAINT CYPRIEN,visa,,unknown,unknown
THUIR,visa,,unknown,unknown
VINCA,visa,,unknown,unknown
SAINT CYPRIEN PLAGE,visa,,unknown,unknown
VILLENEUVE DE LA RAHO,visa,,unknown,unknown
CANOHES,visa,,unknown,unknown
ILLE SUR TET,visa,,unknown,unknown
SALEILLES,visa,,unknown,unknown
TOULOUGES,visa,,unknown,unknown
ST NAZAIRE,visa,,unknown,unknown
ST FELIU D AVALL,visa,,unknown,unknown
LE SOLER,visa,,unknown,unknown
CABESTANY,visa,,unknown,unknown
MILLAS,visa,,unknown,unknown
PERPIGNAN,visa,,unknown,unknown
CANET,visa,,unknown,unknown
CANET EN ROUSSILLON,visa,,unknown,unknown
PEYRAGUDES,visa,,unknown,unknown
SAINT ESTEVE,visa,,unknown,unknown
BAGNERES DE LUCHON,visa,,unknown,unknown
VILLELONGUE DE LA SALANQUE,visa,,unknown,unknown
BOMPAS,visa,,unknown,unknown
SAINTE MARIE LA MER,visa,,unknown,unknown
PIA,visa,,unknown,unknown
BOURISP,visa,,unknown,unknown
RIVESALTES,visa,,unknown,unknown
ESTAGEL,visa,,unknown,unknown
AXAT,visa,,unknown,unknown
BELCAIRE,visa,,unknown,unknown
SAINT LAURENT DE LA SALANQUE,visa,,unknown,unknown
TARASCON SUR ARIEGE,visa,,unknown,unknown
TARASCON ARIEGE,visa,,unknown,unknown
SAINT PAUL DE FENOUILLET,visa,,unknown,unknown
LUZ SAINT SAUVEUR,visa,,unknown,unknown
ESQUIEZE SERE,visa,,unknown,unknown
LE BARCARES,visa,,unknown,unknown
TAUTAVEL,visa,,unknown,unknown
CAUTERETS,visa,,unknown,unknown
BAREGES,visa,,unknown,unknown
ARREAU,visa,,unknown,unknown
SALSES LE CHATEAU,visa,,unknown,unknown
QUILLAN,visa,,unknown,unknown
ARRENS,visa,,unknown,unknown
TUCHAN,visa,,unknown,unknown
LAVELANET,visa,,unknown,unknown
ESPERAZA,visa,,unknown,unknown
FOIX,visa,,unknown,unknown
LEUCATE,visa,,unknown,unknown
SAINT GIRONS,visa,,unknown,unknown
LAROQUE D OLMES,visa,,unknown,unknown
BEDOUS,visa,,unknown,unknown
SAINT LIZIER,visa,,unknown,unknown
CHALABRE,visa,,unknown,unknown
ASPET,visa,,unknown,unknown
LA BASTIDE DE SEROU,visa,,unknown,unknown
ALET LES BAINS,visa,,unknown,unknown
LA PALME,visa,,unknown,unknown
GOURDAN POLIGNAN,visa,,unknown,unknown
BAGNERES DE BIGORRE,visa,,unknown,unknown
BAGNERES DE BIG,visa,,unknown,unknown
DURBAN CORBIERES,visa,,unknown,unknown
VARILHES,visa,,unknown,unknown
LOUVIE JUZON,visa,,unknown,unknown
LOURDES CENTRE,visa,,unknown,unknown
LOURDES,visa,,unknown,unknown
LE MAS D AZIL,visa,,unknown,unknown
VERNIOLLE,visa,,unknown,unknown
PORT LA NOUVELLE,visa,,unknown,unknown
LOURDES NORD,visa,,unknown,unknown
LIMOUX,visa,,unknown,unknown
LANNEMEZAN,visa,,unknown,unknown
ARUDY,visa,,unknown,unknown
SALIES DU SALAT,visa,,unknown,unknown
SIGEAN,visa,,unknown,unknown
ST GAUDENS,visa,,unknown,unknown
SAINT GAUDENS,visa,,unknown,unknown
MIREPOIX,visa,,unknown,unknown
PAMIERS,visa,,unknown,unknown
ARAMITS,visa,,unknown,unknown
LAGRASSE,visa,,unknown,unknown
SERVIES EN VAL,visa,,unknown,unknown
ST LAURENT DE LA CABRERISSE,visa,,unknown,unknown
BELVEZE DU RAZES,visa,,unknown,unknown
DAUMAZAN SUR ARIZE,visa,,unknown,unknown
COARRAZE,visa,,unknown,unknown
SAINT JEAN PIED DE PORT,visa,,unknown,unknown
NAY,visa,,unknown,unknown
OLORON SAINT MARIE,visa,,unknown,unknown
TOURNAY,visa,,unknown,unknown
HORGUES,visa,,unknown,unknown
LE FOSSAT,visa,,unknown,unknown
GRUISSAN,visa,,unknown,unknown
SAINT ETIENNE DE BAIGORRY,visa,,unknown,unknown
JUILLAN,visa,,unknown,unknown
MARTRES TOLOSANE,visa,,unknown,unknown
LALOUBERE,visa,,unknown,unknown
CAZERES,visa,,unknown,unknown
TARBES,visa,,unknown,unknown
GAN,visa,,unknown,unknown
MONTESQUIEU,visa,,unknown,unknown
SEMEAC,visa,,unknown,unknown
AURIGNAC,visa,,unknown,unknown
BELPECH,visa,,unknown,unknown
IBOS,visa,,unknown,unknown
MONTREAL,visa,,unknown,unknown
AUREILHAN,visa,,unknown,unknown
CARCASSONNE,visa,,unknown,unknown
GER,visa,,unknown,unknown
SAVERDUN,visa,,unknown,unknown
LEZIGNAN CORBIERES,visa,,unknown,unknown
BORDERES SUR ECHEZ,visa,,unknown,unknown
NARBONNE,visa,,unknown,unknown
NARBONE,visa,,unknown,unknown
TREBES,visa,,unknown,unknown
SOUMOULOU,visa,,unknown,unknown
LEZIGNAN CORB,visa,,unknown,unknown
RIEUX VOLVESTRE,visa,,unknown,unknown
MAZERES,visa,,unknown,unknown
BRAM,visa,,unknown,unknown
MAZERES LEZONS,visa,,unknown,unknown
GELOS,visa,,unknown,unknown
LEZAT SUR LEZE,visa,,unknown,unknown
JURANCON,visa,,unknown,unknown
LE FOUSSERET,visa,,unknown,unknown
BIZANOS,visa,,unknown,unknown
BOULOGNE,visa,,unknown,unknown
PAU,visa,,unknown,unknown
IDRON,visa,,unknown,unknown
BILLERE,visa,,unknown,unknown
CARBONNE,visa,,unknown,unknown
LA REDORTE,visa,,unknown,unknown
FLEURY D AUDE,visa,,unknown,unknown
TRIE SUR BAISE,visa,,unknown,unknown
CUXAC D AUDE,visa,,unknown,unknown
LONS,visa,,unknown,unknown
LESCAR,visa,,unknown,unknown
CINTEGABELLE,visa,,unknown,unknown
SALLELES D AUDE,visa,,unknown,unknown
OLONZAC,visa,,unknown,unknown
GINESTAS,visa,,unknown,unknown
SAINT SULPICE SUR LEZE,visa,,unknown,unknown
VALRAS PLAGE,visa,,unknown,unknown
MORLAAS,visa,,unknown,unknown
PEYRIAC MINERVOIS,visa,,unknown,unknown
CASTELNAUDARY,visa,,unknown,unknown
ESPELETTE,visa,,unknown,unknown
SERRES-CASTET,visa,,unknown,unknown
LESPIGNAN,visa,,unknown,unknown
ITXASSOU,visa,,unknown,unknown
AUTERIVE,visa,,unknown,unknown
URRUGNE,visa,,unknown,unknown
SAINT PEE SUR NIVELLE,visa,,unknown,unknown
NISSAN LEZ ENSERUNE,visa,,unknown,unknown
SERIGNAN,visa,,unknown,unknown
HENDAYE,visa,,unknown,unknown
NAILLOUX,visa,,unknown,unknown
CAUNES MINERVOIS,visa,,unknown,unknown
VIC EN BIGORRE,visa,,unknown,unknown
ISLE EN DODON,visa,,unknown,unknown
RABASTENS DE BIGORRE,visa,,unknown,unknown
LE CAP D AGDE,visa,,unknown,unknown
URRUGNE KECHILOA,visa,,unknown,unknown
ARTIX,visa,,unknown,unknown
LE COLOMBIERS,visa,,unknown,unknown
PORTIRAGNES,visa,,unknown,unknown
SAUVETERRE,visa,,unknown,unknown
LAVERNOSE,visa,,unknown,unknown
AGDE,visa,,unknown,unknown
SAINT JEAN DE LUZ,visa,,unknown,unknown
CAPESTANG,visa,,unknown,unknown
CIBOURE,visa,,unknown,unknown
USTARITZ,visa,,unknown,unknown
VILLENEUVE LES BEZIERS,visa,,unknown,unknown
LACQ,visa,,unknown,unknown
VIAS,visa,,unknown,unknown
RIEUMES,visa,,unknown,unknown
VILLEFRANCHE,visa,,unknown,unknown
MIELAN,visa,,unknown,unknown
BEZIERS,visa,,unknown,unknown
MAUBOURGUET,visa,,unknown,unknown
SEVIGNACQ,visa,,unknown,unknown
LA BASTIDE CLAIRENCE,visa,,unknown,unknown
VENERQUE,visa,,unknown,unknown
PUISSERGUIER,visa,,unknown,unknown
MARAUSSAN,visa,,unknown,unknown
BIDART,visa,,unknown,unknown
ARTHEZ DE BEARN,visa,,unknown,unknown
BESSAN,visa,,unknown,unknown
LABARTHE SUR LEZE,visa,,unknown,unknown
MARSEILLAN,visa,,unknown,unknown
THEZE,visa,,unknown,unknown
MONTGISCARD,visa,,unknown,unknown
LOMBEZ,visa,,unknown,unknown
MURET,visa,,unknown,unknown
SALIES DE BEARN,visa,,unknown,unknown
BAZIEGE,visa,,unknown,unknown
CAZOULS,visa,,unknown,unknown
COURSAN,visa,,unknown,unknown
SOREZE,visa,,unknown,unknown
FLORENSAC,visa,,unknown,unknown
REVEL,visa,,unknown,unknown
ORTHEZ,visa,,unknown,unknown
SAINT PIERRE IRUBE,visa,,unknown,unknown
SAMATAN,visa,,unknown,unknown
MONTBLANC,visa,,unknown,unknown
POMEROLS,visa,,unknown,unknown
ST CHINIAN,visa,,unknown,unknown
BAYONNE,visa,,unknown,unknown
SEYSSES,visa,,unknown,unknown
THEZAN LES BEZIERS,visa,,unknown,unknown
MIRANDE,visa,,unknown,unknown
ANGLET,visa,,unknown,unknown
SETE,visa,,unknown,unknown
SERVIAN,visa,,unknown,unknown
LACROIX FALGARDE,visa,,unknown,unknown
MURVIELS BEZIERS,visa,,unknown,unknown
ST AMANS SOULT,visa,,unknown,unknown
CESSENON SUR ORB,visa,,unknown,unknown
CASTANET TOLOSAN,visa,,unknown,unknown
CASTANET,visa,,unknown,unknown
ESCALQUENS,visa,,unknown,unknown
LABASTIDE ROUAIROUX,visa,,unknown,unknown
MAZAMET,visa,,unknown,unknown
PORTET SUR GARONNE,visa,,unknown,unknown
VILLENEUVE TOLOSANE,visa,,unknown,unknown
MARSEILLE,visa,,unknown,unknown
CUGNAUX,visa,,unknown,unknown
MEZE,visa,,unknown,unknown
FONSORBES,visa,,unknown,unknown
AUSSILLON,visa,,unknown,unknown
ST PONS,visa,,unknown,unknown
PEZENAS,visa,,unknown,unknown
MAGALAS,visa,,unknown,unknown
BALARUC,visa,,unknown,unknown
LABEGE,visa,,unknown,unknown
BOUZIGUES,visa,,unknown,unknown
OLARGUES,visa,,unknown,unknown
SAINT ORENS DE GAMEVILLE,visa,,unknown,unknown
VILLEVEYRAC,visa,,unknown,unknown
RAMONVILLE,visa,,unknown,unknown
SAINT ORENS,visa,,unknown,unknown
TOULOUSE,visa,,unknown,unknown
FRONTIGNAN,visa,,unknown,unknown
PLAISANCE DU TOUCH,visa,,unknown,unknown
LABRUGUIERE,visa,,unknown,unknown
LANTA,visa,,unknown,unknown
BALARUC LE VIEUX,visa,,unknown,unknown
TOURNEFEUILLE,visa,,unknown,unknown
MONTAGNAC,visa,,unknown,unknown
LA SALVETAT ST GILLES,visa,,unknown,unknown
SOUAL,visa,,unknown,unknown
PLAISANCE,visa,,unknown,unknown
QUINT FONSEGRIVES,visa,,unknown,unknown
PUYLAURENS,visa,,unknown,unknown
SAINT LYS,visa,,unknown,unknown
FONSEGRIVES,visa,,unknown,unknown
POUSSAN,visa,,unknown,unknown
LEGUEVIN,visa,,unknown,unknown
PAVIE AUCH SUD,visa,,unknown,unknown
GIGEAN,visa,,unknown,unknown
PIBRAC,visa,,unknown,unknown
VIC LA GARDIOLE,visa,,unknown,unknown
ANGLES,visa,,unknown,unknown
ISLE JOURDAIN,visa,,unknown,unknown
CASTRES,visa,,unknown,unknown
COLOMIERS,visa,,unknown,unknown
BALMA,visa,,unknown,unknown
SAIX,visa,,unknown,unknown
GIMONT,visa,,unknown,unknown
BLAGNAC,visa,,unknown,unknown
AUCH,visa,,unknown,unknown
PAULHAN,visa,,unknown,unknown
RISCLE,visa,,unknown,unknown
L'UNION,visa,,unknown,unknown
LA SALVETAT SUR AGOUT,visa,,unknown,unknown
CORNEBARRIEU,visa,,unknown,unknown
VILLENEUVE MAGUELONE,visa,,unknown,unknown
PALAVAS LES FLOTS,visa,,unknown,unknown
PALAVAS,visa,,unknown,unknown
VILLENEUVE LES MAGUELONE,visa,,unknown,unknown
LE GRAU DU ROI,visa,,unknown,unknown
L UNION,visa,,unknown,unknown
COURNONSEC,visa,,unknown,unknown
LEVIGNAC,visa,,unknown,unknown
LAMALOU,visa,,unknown,unknown
AUCAMVILLE,visa,,unknown,unknown
LAMALOU LES BAINS,visa,,unknown,unknown
AUSSONNE,visa,,unknown,unknown
COURNONTERRAL,visa,,unknown,unknown
FABREGUES,visa,,unknown,unknown
VERFEIL,visa,,unknown,unknown
ST PAUL CAP DE JOUX,visa,,unknown,unknown
BEAUZELLE,visa,,unknown,unknown
BRASSAC,visa,,unknown,unknown
MONDONVILLE,visa,,unknown,unknown
CARNON,visa,,unknown,unknown
ROUFFIAC,visa,,unknown,unknown
LATTES CEDEX,visa,,unknown,unknown
FENOUILLET,visa,,unknown,unknown
PEROLS,visa,,unknown,unknown
BEDARIEUX,visa,,unknown,unknown
LATTES,visa,,unknown,unknown
LACROUZETTE,visa,,unknown,unknown
ST JEAN DE VEDAS,visa,,unknown,unknown
CASTELGINEST,visa,,unknown,unknown
LA GRANDE MOTTE,visa,,unknown,unknown
ROQUECOURBE,visa,,unknown,unknown
PIGNAN,visa,,unknown,unknown
CANET D HERAULT,visa,,unknown,unknown
PECHBONNIEU,visa,,unknown,unknown
MONTPELLIER,visa,,unknown,unknown
LAVAUR,visa,,unknown,unknown
AIGUES MORTES,visa,,unknown,unknown
COLOGNE,visa,,unknown,unknown
CLERMONT L HERAULT,visa,,unknown,unknown
CLERMONT L'HERAULT,visa,,unknown,unknown
CADOURS,visa,,unknown,unknown
MONTASTRUC,visa,,unknown,unknown
BRUGUIERES,visa,,unknown,unknown
JUVIGNAC,visa,,unknown,unknown
LAUTREC,visa,,unknown,unknown
SAINT JORY,visa,,unknown,unknown
NOGARO,visa,,unknown,unknown
MURAT SUR VEBRE,visa,,unknown,unknown
MAUGUIO,visa,,unknown,unknown
GIGNAC,visa,,unknown,unknown
ST ANDRE DE SANGONIS,visa,,unknown,unknown
CASTELNAU LE LEZ,visa,,unknown,unknown
MONTREDON LABESSONIE,visa,,unknown,unknown
LACAUNE,visa,,unknown,unknown
MERVILLE,visa,,unknown,unknown
GRABELS,visa,,unknown,unknown
LE BOUSQUET D ORB,visa,,unknown,unknown
LE CRES,visa,,unknown,unknown
BRIATEXTE,visa,,unknown,unknown
GRAULHET,visa,,unknown,unknown
ST SULPICE DU TARN,visa,,unknown,unknown
GRENADE,visa,,unknown,unknown
ST LAURENT D AIGOUZE,visa,,unknown,unknown
CASTELNAU,visa,,unknown,unknown
SAINT SULPICE,visa,,unknown,unknown
BOULOC,visa,,unknown,unknown
JACOU,visa,,unknown,unknown
VENDARGUES,visa,,unknown,unknown
ANIANE,visa,,unknown,unknown
BAILLARGUES,visa,,unknown,unknown
MONTFERRIER,visa,,unknown,unknown
ST GELY DU FESC,visa,,unknown,unknown
ST BRES,visa,,unknown,unknown
SAINT PIERRE DE TRIVISY,visa,,unknown,unknown
CASTRIES,visa,,unknown,unknown
REALMONT,visa,,unknown,unknown
MARSILLARGUES,visa,,unknown,unknown
LODEVE,visa,,unknown,unknown
LUNEL,visa,,unknown,unknown
CASTELNAU D ESTREFOND,visa,,unknown,unknown
BESSIERES,visa,,unknown,unknown
RABASTENS,visa,,unknown,unknown
GRISOLLES,visa,,unknown,unknown
AIMARGUES,visa,,unknown,unknown
SAINT GILLES,visa,,unknown,unknown
FLEURANCE,visa,,unknown,unknown
VAUVERT,visa,,unknown,unknown
ST GILLES,visa,,unknown,unknown
FRONTON,visa,,unknown,unknown
EAUZE,visa,,unknown,unknown
VERDUN SUR GARONNE,visa,,unknown,unknown
GALLARGUES LE MONTUEUX,visa,,unknown,unknown
LISLE SUR TARN,visa,,unknown,unknown
VALENCE SUR BAISE,visa,,unknown,unknown
VILLEMUR,visa,,unknown,unknown
GONDRIN,visa,,unknown,unknown
FOURQUES,visa,,unknown,unknown
BEAUVOISIN,visa,,unknown,unknown
BEAUMONT DE LOMAGNE,visa,,unknown,unknown
AIGUES VIVES,visa,,unknown,unknown
SAINT CLAR,visa,,unknown,unknown
GENERAC,visa,,unknown,unknown
ST MATHIEU TREVIERS,visa,,unknown,unknown
CAMARES,visa,,unknown,unknown
VERGEZE,visa,,unknown,unknown
MAS GRENIER,visa,,unknown,unknown
SAINT MARTIN DE LONDRES,visa,,unknown,unknown
VILLEBRUMIER,visa,,unknown,unknown
GAILLAC,visa,,unknown,unknown
SALVAGNAC,visa,,unknown,unknown
SOMMIERES,visa,,unknown,unknown
PUYGOUZON,visa,,unknown,unknown
CAZAUBON,visa,,unknown,unknown
LABASTIDE ST PIERRE,visa,,unknown,unknown
LECTOURE,visa,,unknown,unknown
ALBAN,visa,,unknown,unknown
SAINT SERNIN SUR RANCE,visa,,unknown,unknown
VILLEFRANCHE D ALBIGEOIS,visa,,unknown,unknown
CALVISSON,visa,,unknown,unknown
GARONS,visa,,unknown,unknown
BELLEGARDE,visa,,unknown,unknown
MILHAUD,visa,,unknown,unknown
MARSSAC,visa,,unknown,unknown
CONDOM,visa,,unknown,unknown
ALBI,visa,,unknown,unknown
LAVIT DE LOMAGNE,visa,,unknown,unknown
SAINT NAUPHARY,visa,,unknown,unknown
CAISSARGUES,visa,,unknown,unknown
MONTECH,visa,,unknown,unknown
BOUILLARGUES,visa,,unknown,unknown
NIMES,visa,,unknown,unknown
BRESSOLS,visa,,unknown,unknown
SENAS,visa,,unknown,unknown
CAVEIRAC,visa,,unknown,unknown
CADENET,visa,,unknown,unknown
MONCLAR DE QUERCY,visa,,unknown,unknown
SAINT JUERY,visa,,unknown,unknown
LESCURE D'ALBIGEOIS,visa,,unknown,unknown
MANDUEL,visa,,unknown,unknown
BEAUCAIRE,visa,,unknown,unknown
CAHUZAC SUR VERE,visa,,unknown,unknown
MONTAUBAN,visa,,unknown,unknown
MONTBETON,visa,,unknown,unknown
SAINT AFFRIQUE,visa,,unknown,unknown
MARGUERITTES,visa,,unknown,unknown
CASTELSARRASIN,visa,,unknown,unknown
QUISSAC,visa,,unknown,unknown
GANGES,visa,,unknown,unknown
MONTFRIN,visa,,unknown,unknown
ST ETIENNE DE TULMONT,visa,,unknown,unknown
VALENCE D ALBI,visa,,unknown,unknown
SAINT NICOLAS DE LA GRAVE,visa,,unknown,unknown
POULX,visa,,unknown,unknown
LA CALMETTE,visa,,unknown,unknown
ARAMON,visa,,unknown,unknown
REQUISTA,visa,,unknown,unknown
LE VIGAN,visa,,unknown,unknown
CARMAUX,visa,,unknown,unknown
NEGREPELISSE,visa,,unknown,unknown
CORDES SUR CIEL,visa,,unknown,unknown
MAUBEC,visa,,unknown,unknown
ST GENIES DE MALGOIRES,visa,,unknown,unknown
ALBIAS,visa,,unknown,unknown
MOISSAC,visa,,unknown,unknown
VALENCE D AGEN,visa,,unknown,unknown
VALENCE D'AGEN,visa,,unknown,unknown
GOLFECH,visa,,unknown,unknown
NANT,visa,,unknown,unknown
REMOULINS,visa,,unknown,unknown
LAFRANCAISE,visa,,unknown,unknown
LEDIGNAN,visa,,unknown,unknown
TANUS,visa,,unknown,unknown
UZES,visa,,unknown,unknown
VILLEFRANCHE DE PANAT,visa,,unknown,unknown
VILLENEUVE LES AVIGNON,visa,,unknown,unknown
LAGUEPIE,visa,,unknown,unknown
LASALLE,visa,,unknown,unknown
ST ANTONIN NOBLE VAL,visa,,unknown,unknown
CAUSSADE,visa,,unknown,unknown
MILLAU,visa,,unknown,unknown
MIRANDOL BOURGNOUNAC,visa,,unknown,unknown
ANDUZE,visa,,unknown,unknown
MONTARENS,visa,,unknown,unknown
VEZENOBRES,visa,,unknown,unknown
MOLIERES,visa,,unknown,unknown
ST QUENTIN LA POTERIE,visa,,unknown,unknown
CASSAGNES BEGONHES,visa,,unknown,unknown
ST CHRISTOL LES ALES INTER,visa,,unknown,unknown
ST CHRISTOL LES ALES,visa,,unknown,unknown
CAZES MONDENARD,visa,,unknown,unknown
ST JEAN DU GARD,visa,,unknown,unknown
NAUCELLE,visa,,unknown,unknown
SALLES CURAN,visa,,unknown,unknown
NAJAC,visa,,unknown,unknown
ALES,visa,,unknown,unknown
MONTPEZAT DE QUERCY,visa,,unknown,unknown
ROQUEMAURE,visa,,unknown,unknown
LA SALVETAT PEYRALES,visa,,unknown,unknown
CAYLUS,visa,,unknown,unknown
LAUZERTE,visa,,unknown,unknown
LA FOUILLADE,visa,,unknown,unknown
BOURG DE VISA,visa,,unknown,unknown
ARVIEU,visa,,unknown,unknown
LE ROZIER,visa,,unknown,unknown
CASTELNAU MONTRATIER,visa,,unknown,unknown
MEYRUEIS,visa,,unknown,unknown
CAPTIEUX,visa,,unknown,unknown
LAUDUN L ARDOISE,visa,,unknown,unknown
ST MARTIN VALGALGUES,visa,,unknown,unknown
SALINDRES,visa,,unknown,unknown
BARAQUEVILLE,visa,,unknown,unknown
BAGNOLS,visa,,unknown,unknown
BAGNOLS SUR CEZE,visa,,unknown,unknown
ALLEGRE LES FUMADES,visa,,unknown,unknown
MONTAIGU DE QUERCY,visa,,unknown,unknown
PONT DE SALARS,visa,,unknown,unknown
RIEUPEYROUX,visa,,unknown,unknown
MONTCUQ,visa,,unknown,unknown
BAGNOL SUR CEZE,visa,,unknown,unknown
LA GRAND COMBE,visa,,unknown,unknown
LALBENQUE,visa,,unknown,unknown
LA PRIMAUBE,visa,,unknown,unknown
VILLEFRANCHE ROUERGUE,visa,,unknown,unknown
VILLEFRANCHE DE ROUERGUE,visa,,unknown,unknown
GOUDARGUES,visa,,unknown,unknown
LE MASSEGROS,visa,,unknown,unknown
VILLENEUVE SUR LOT,visa,,unknown,unknown
ST AMBROIX,visa,,unknown,unknown
RODEZ,visa,,unknown,unknown
LIMOGNE,visa,,unknown,unknown
ONET LE CHATEAU,visa,,unknown,unknown
CAHORS,visa,,unknown,unknown
BESSEGES,visa,,unknown,unknown
PONT ST ESPRIT,visa,,unknown,unknown
FLORAC,visa,,unknown,unknown
LAISSAC,visa,,unknown,unknown
SEBAZAC,visa,,unknown,unknown
RIGNAC,visa,,unknown,unknown
CAHORS LARROUMET,visa,,unknown,unknown
ST ENIMIE,visa,,unknown,unknown
LANUEJOULS,visa,,unknown,unknown
VILLENEUVE D AVEYRON,visa,,unknown,unknown
BARJAC,visa,,unknown,unknown
PRADINES,visa,,unknown,unknown
GENOLHAC,visa,,unknown,unknown
LE PONT DE MONTVERT,visa,,unknown,unknown
LUZECH,visa,,unknown,unknown
MERCUES,visa,,unknown,unknown
PUY L EVEQUE,visa,,unknown,unknown
PRAYSSAC,visa,,unknown,unknown
CAJARC,visa,,unknown,unknown
MARCILLAC,visa,,unknown,unknown
MONTBAZENS,visa,,unknown,unknown
LA CANOURGUE,visa,,unknown,unknown
SEVERAC,visa,,unknown,unknown
BOZOULS,visa,,unknown,unknown
SAINT GENIEZ D'OLT,visa,,unknown,unknown
SAINT GENIEZ,visa,,unknown,unknown
CHANAC,visa,,unknown,unknown
CRANSAC,visa,,unknown,unknown
CATUS,visa,,unknown,unknown
VILLEFORT,visa,,unknown,unknown
SAINT COME D'OLT,visa,,unknown,unknown
FIRMI,visa,,unknown,unknown
ESPALION,visa,,unknown,unknown
DECAZEVILLE,visa,,unknown,unknown
ST GERMAIN DU BEL AIR,visa,,unknown,unknown
LE BLEYMARD,visa,,unknown,unknown
CAPDENAC GARE,visa,,unknown,unknown
MENDE,visa,,unknown,unknown
FIGEAC,visa,,unknown,unknown
MARVEJOLS,visa,,unknown,unknown
CONQUES,visa,,unknown,unknown
CAZALS,visa,,unknown,unknown
CŒUR DE CAUSSE,visa,,unknown,unknown
SALVIAC,visa,,unknown,unknown
ENTRAYGUES,visa,,unknown,unknown
BAGNAC SUR CELE,visa,,unknown,unknown
RIEUTORT DE RANDON,visa,,unknown,unknown
NASBINALS,visa,,unknown,unknown
ST AMANS DES COTS,visa,,unknown,unknown
GOURDON,visa,,unknown,unknown
LAGUIOLE,visa,,unknown,unknown
LACAPELLE MARIVAL,visa,,unknown,unknown
GRAMAT,visa,,unknown,unknown
AUMONT AUBRAC,visa,,unknown,unknown
VALS LES BAINS,visa,,unknown,unknown
LATRONQUIERE,visa,,unknown,unknown
ALVIGNAC,visa,,unknown,unknown
LANGOGNE,visa,,unknown,unknown
SAINTE GENEVIEVE / ARGENCE,visa,,unknown,unknown
ST ALBAN,visa,,unknown,unknown
SAINT CERE,visa,,unknown,unknown
GRANDRIEU,visa,,unknown,unknown
ST CHELY D APCHER,visa,,unknown,unknown
MUR DE BARREZ,visa,,unknown,unknown
SOUSCEYRAC,visa,,unknown,unknown
SOUILLAC,visa,,unknown,unknown
BIARS SUR CERE,visa,,unknown,unknown
LE POUZIN,visa,,unknown,unknown
LE MALZIEU,visa,,unknown,unknown
MARTEL,visa,,unknown,unknown
VAYRAC,visa,,unknown,unknown
GALGON,visa,,unknown,unknown
QUATRE ROUTES,visa,,unknown,unknown
CRESSENSAC,visa,,unknown,unknown
ST AGREVE,visa,,unknown,unknown
CARAMAN,visa,,unknown,unknown
ST HIPPOLYTE,visa,,unknown,unknown
RENNES,visa,,unknown,unknown
SOREDE,visa,,unknown,unknown
PARIS,visa,,unknown,unknown
AX LES THERMES,visa,,unknown,unknown
SAINT GILLES LES BAINS,visa,,unknown,unknown
RAVINE DES CABRIS,visa,,unknown,unknown
PLAINE DES CAFRES,visa,,unknown,unknown
PETITE ILE,visa,,unknown,unknown
Castres,western_union,,unknown,CASTRES SOULT BP
Onet Le Chateau,western_union,,unknown,ONET LE CHATEAU BP
Labruguiere,western_union,,unknown,LABRUGUIERE BP
Rodez,western_union,,unknown,ONLINE BASE
Revel,western_union,,unknown,REVEL BP
Castelnaudary,western_union,,unknown,CASTELNAUDARY BP
Foix,western_union,,unknown,FOIX R P BP
Albi,western_union,,unknown,CAFE DU LUDE
Pamiers,western_union,,unknown,LAVI
Villefranche De Lauragais,western_union,,unknown,VILLEFRANCHE DE LAURAGAIS BP
Graulhet,western_union,,unknown,GRAULHET BP
Carmaux,western_union,,unknown,CARMAUX BP
Lavaur,western_union,,unknown,LAVAUR BP
Saint Girons,western_union,,unknown,SAINT GIRONS BP
Decazeville,western_union,,unknown,DECAZEVILLE BP
Verfeil,western_union,,unknown,LE PETIT CHEZ NOUS
Escalquens,western_union,,unknown,ESCALQUENS BP
Villefranch Rouergue,western_union,,unknown,VILLEFRANCHE DE ROUERGUE BP
Bagneres De Luchon,western_union,,unknown,BAGNERES DE LUCHON BP
Auterive,western_union,,unknown,AUTERIVE BP
Labege,western_union,,unknown,LABEGE BP
St Sulpice,western_union,,unknown,SAINT SULPICE BP
Figeac,western_union,,unknown,FIGEAC BP
Castanet Tolosan,western_union,,unknown,CASTANET TOLOSAN BP
Saint Orens De Gameville,western_union,,unknown,SAINT ORENS DE GAMEVILLE BP
Gaillac,western_union,,unknown,GAILLAC BP
Saint Lizier,western_union,,unknown,TABAC PRESSE
Toulouse,western_union,,unknown,TOULOUSE SAINT SIMON BP
Muret,western_union,,unknown,NK SERVICES
Lavernose Lacasse,western_union,,unknown,LAVERNOSE LACASSE BP
Bessieres,western_union,,unknown,BESSIERES BP
Carbonne,western_union,,unknown,CARBONNE BP
Ramonville Saint Agne,western_union,,unknown,EXOTIC MARKET
Labarthe Sur Leze,western_union,,unknown,LABARTHE SUR LEZE BP
Rabastens,western_union,,unknown,RABASTENS BP
Quint Fonsegrives,western_union,,unknown,QUINT FONSEGRIVES BP
Castelmaurou,western_union,,unknown,CASTELMAUROU BP
Portet Sur Garonne,western_union,,unknown,PORTET SUR GARONNE BP
Cazeres,western_union,,unknown,CAZERES SUR GARONNE BC BP
Balma,western_union,,unknown,BALMA BP
L Union,western_union,,unknown,L UNION BP
Montrabe,western_union,,unknown,MONTRABE BP
Noe,western_union,,unknown,NOE BP
Cugnaux,western_union,,unknown,CUGNAUX BP
Seysses,western_union,,unknown,SEYSSES BP
Villeneuve Tolosane,western_union,,unknown,VILLENEUVE TOLOSANE BP
Blagnac,western_union,,unknown,AEROPORT TOULOUSE BLAGNAC ARRIVEES
Aucamville,western_union,,unknown,FDJ MAISON DE LA PRESSE
Toulouse Cedex 1,western_union,,unknown,TOULOUSE LARDENNE BP
Launaguet,western_union,,unknown,LAUNAGUET BP
Castelginest,western_union,,unknown,CASTELGINEST BP
Tournefeuille,western_union,,unknown,TOURNEFEUILLE BP
Rieumes,western_union,,unknown,RIEUMES BP
La Salvetat St Gilles,western_union,,unknown,LA SALVETAT SAINT GILLES BP
Villemur Sur Tarn,western_union,,unknown,VILLEMUR SUR TARN BP
Bruguieres,western_union,,unknown,BRUGUIERES BP
Colomiers,western_union,,unknown,COLOMIERS PLEIN CENTRE BP
Plaisance,western_union,,unknown,PLAISANCE DU TOUCH BP
Fronton,western_union,,unknown,FRONTON BP
Castelnau D Estretefonds,western_union,,unknown,CASTELNAU D ESTRETEFONDS BP
Pibrac,western_union,,unknown,PIBRAC BP
Saint Gaudens,western_union,,unknown,SAINT GAUDENS BP
Cornebarrieu,western_union,,unknown,CORNEBARRIEU BP
Fonsorbes,western_union,,unknown,FONSORBES BP
Leguevin,western_union,,unknown,LEGUEVIN BP
Saint Lys,western_union,,unknown,SAINT LYS BP
Grenade,western_union,,unknown,GRENADE BP
Caussade,western_union,,unknown,CAUSSADE BP
Montech,western_union,,unknown,MONTECH BP
Montrejeau,western_union,,unknown,MONTREJEAU BP
Gramat,western_union,,unknown,GRAMAT BP
Argeles Gazost,western_union,,unknown,ARGELES GAZOST BP
Montauban,western_union,,unknown,MONTAUBAN PONT DE CHAUMES BP
L Isle Jourdain,western_union,,unknown,L ISLE JOURDAIN BP
Lannemezan,western_union,,unknown,LANNEMEZAN BP
Boulogne Sur Gesse,western_union,,unknown,LE LUTETIA
Gourdon,western_union,,unknown,GOURDON BP
Bagneres De Bigorre,western_union,,unknown,BAGNERES DE BIGORRE BP
Cahors,western_union,,unknown,CAHORS VALENTRE BP
Lourdes,western_union,,unknown,LOURDES BP
Beaumont De Lomagne,western_union,,unknown,LA DEPECHE
Castelsarrasin,western_union,,unknown,CASTELSARRASIN BP
Mauvezin,western_union,,unknown,PASCOLINI TABAC
Laloubere,western_union,,unknown,LALOUBERE BP
Moissac,western_union,,unknown,MOISSAC BP
Masseube,western_union,,unknown,LA MAISON DE PRESSE
Auch,western_union,,unknown,AUCH GAMBETTA BP
Lavit,western_union,,unknown,TABAC DE LA HALLE
Tarbes,western_union,,unknown,TARBES JAURES BP
Valence D Agen,western_union,,unknown,VALENCE D AGEN BP
Aureilhan,western_union,,unknown,AUREILHAN BP
Condom,western_union,,unknown,CONDOM BP
Limoux,western_union,,unknown,TABAC ABRIAL
Narbonne,western_union,,unknown,NARBONNE PYRENEES BP
Fleury,western_union,,unknown,UN TEMPS POUR TOUT
Serignan,western_union,,unknown,SERIGNAN BP
Beziers,western_union,,unknown,POINT SERVICES BAGATELLE
Saint Affrique,western_union,,unknown,SAINT AFFRIQUE BP
Bedarieux,western_union,,unknown,BEDARIEUX BP
Millau,western_union,,unknown,MILLAU BP
Agde,western_union,,unknown,AGDE BP
Pezenas,western_union,,unknown,SAMIR ANA
Lodeve,western_union,,unknown,LODEVE BP
Marseillan,western_union,,unknown,MARSEILLAN BP
Clermont L Herault,western_union,,unknown,LM PHONE
Sete,western_union,,unknown,SETE BP
Meze,western_union,,unknown,MEZE BP
Saint Chely D Apcher,western_union,,unknown,SAINT CHELY D APCHER BP
Gignac,western_union,,unknown,GIGNAC BP
Marvejols,western_union,,unknown,MARVEJOLS BP
Frontignan,western_union,,unknown,FRONTIGNAN MISTRAL BP
Fabregues,western_union,,unknown,FABREGUES BP
Mende,western_union,,unknown,MENDE RP BP
Le Vigan,western_union,,unknown,LE VIGAN BP
Montpellier,western_union,,unknown,MONTPELLIER LA POMPIGNANE BP
Grabels,western_union,,unknown,GRABELS BP
Juvignac,western_union,,unknown,PHONE ZONE
St Jean De Vedas,western_union,,unknown,SAINT JEAN DE VEDAS BP
Villeneuve Les Maguelone,western_union,,unknown,VILLENEUVE LES MAGUELONE BP
Ganges,western_union,,unknown,GANGES BP
Saint Gely Du Fesc,western_union,,unknown,SAINT GELY DU FESC BP
Palavas Les Flots,western_union,,unknown,PALAVAS LES FLOTS BP
Lattes,western_union,,unknown,LATTES BP
Jacou,western_union,,unknown,JACOU BP
Castelnau Le Lez,western_union,,unknown,CASTELNAU LE LEZ BP
La Grande Motte,western_union,,unknown,TABAC DU GRAND PAVOIS
Le Cres,western_union,,unknown,LE CRES BP
Mauguio,western_union,,unknown,MAUGUIO BP
Le Grau Du Roi,western_union,,unknown,LE GRAU DU ROI BP
Baillargues,western_union,,unknown,BAILLARGUES BP
Castries,western_union,,unknown,CASTRIES BP
Lunel,western_union,,unknown,MOBIL AND AXESS
Quissac,western_union,,unknown,QUISSAC BP
St Christol Les Ales,western_union,,unknown,SAINT CHRISTOL LEZ ALES BP
La Grand Combe,western_union,,unknown,LA GRAND COMBE BP
Milhaud,western_union,,unknown,MILHAUD BP
Besseges,western_union,,unknown,BESSEGES BP
Saint Gilles,western_union,,unknown,SAINT GILLES BP
Ales,western_union,,unknown,ALES PRINCIPAL BP
Vauvert,western_union,,unknown,VAUVERT BP
Nimes,western_union,,unknown,NIMES BEAUSOLEIL BP
Saint Ambroix,western_union,,unknown,SAINT AMBROIX BP
Caissargues,western_union,,unknown,CAISSARGUES BP
Marguerittes,western_union,,unknown,MARGUERITTES BP
Manduel,western_union,,unknown,ANDRIVEAU ERIC JEAN LOUIS MICHEL
Uzes,western_union,,unknown,UZES BP
Beaucaire,western_union,,unknown,BEAUCAIRE BP
Rochefort Du Gard,western_union,,unknown,ROCHEFORT DU GARD BP
Bagnols Sur Ceze,western_union,,unknown,BAGNOLS SUR CEZE BP
Pont St Esprit,western_union,,unknown,PONT ST ESPRIT BP
Villeneuve Les Avignon,western_union,,unknown,VILLENEUVE LES AVIGNON PASTEUR BP
Port La Nouvelle,western_union,,unknown,TABAC PRESSE
Le Barcares,western_union,,unknown,LE BARCARES BP
Perpignan,western_union,,unknown,PERPIGNAN SAINT ASSISCLE BP
Bompas,western_union,,unknown,LE VERSAILLES
Rivesaltes,western_union,,unknown,RIVESALTES BP
Argeles Sur Mer,western_union,,unknown,ARGELES SUR MER BP
Saint Genis Des Fontaines,western_union,,unknown,SAINT GENIS DES FONTAINES BP
Pollestres,western_union,,unknown,POLLESTRES BP
Thuir,western_union,,unknown,THUIR BP
Egat,western_union,,unknown,M EGAT PRESSE
St Esteve,western_union,,unknown,SAINT ESTEVE BP
Cabestany,western_union,,unknown,CABESTANY BP
Prades,western_union,,unknown,PRADES BP
Le Soler,western_union,,unknown,LE SOLER BP
Elne,western_union,,unknown,ELNE BP
Bages,western_union,,unknown,BAGES BP
Banyuls Sur Mer,western_union,,unknown,BANYULS SUR MER BP
Ceret,western_union,,unknown,SNC TILOANE
