City,Place Name,Zipcode,Name
San Luis Potosí,allied_universal,,unknown,Allied Universal
San Luis Potosi,allied_universal,,unknown,Allied Universal
"Kitchener, Ont",amf_bowling,,unknown,AMF Frederick
"Brampton, Ont",amf_bowling,,unknown,Bowlero Brampton
unknown,big_boy_us,185 South Frontage Road Indian Springs NV 89018 USA,unknown,"big boy indian springs, nv"
Hato Rey,bmw_group,,unknown,Autogermana BMW
Rio Piedras,bmw_group,,unknown,"Autogermana BMW, Certified Collision Repair Center"
unknown,bras_n_things,Topanga Topanga CA 91303,unknown,USA FAULTIES
Santo Domingo,california_closets_us,,unknown,California Closets - Santo Domingo
Guadalajara,california_closets_us,,unknown,California Closets - Guadalajara
San Pedro Garza Garcia,california_closets_us,,unknown,California Closets - Monterrey
Santiago de Querétaro,california_closets_us,,unknown,California Closets - Querétaro
San Juan,california_closets_us,,unknown,California Closets - San Juan
Mexico City,california_closets_us,,unknown,California Closets - Mexico City
North York,casper_us,,unknown,Casper - Yorkdale Shopping Centre
TOMBALL,circle_k,,unknown,Circle K
INDIANAPOLIS,circle_k,,unknown,Circle K
GARNER,circle_k,,unknown,Circle K
COLUMBIA,circle_k,,unknown,Circle K
EXETER,circle_k,,unknown,Circle K
DAVENPORT,circle_k,,unknown,Circle K
SARASOTA,circle_k,,unknown,Circle K
EL PASO,circle_k,,unknown,Circle K
PENITAS,circle_k,,unknown,Circle K
SAN ANTONIO,circle_k,,unknown,Circle K
HARLINGEN,circle_k,,unknown,Circle K
MISSION,circle_k,,unknown,Circle K
CHARLOTTE,circle_k,,unknown,Circle K
SCHERTZ,circle_k,,unknown,Circle K
NEW BRAUNFELS,circle_k,,unknown,Circle K
PEMBROKE,circle_k,,unknown,Circle K
INTERNATIONAL FALLS,circle_k,,unknown,Circle K
LAREDO,circle_k,,unknown,Circle K
SAN DIEGO,circle_k,,unknown,Circle K
Daegu,citi,,unknown,ATM COMMUNITY BANK
Heber City,culvers_us,,unknown,"Culver's of Heber City, UT - US Hwy 189"
San Ysidro,daniels_jewelers_us,,unknown,Las Americas Premium Outlets
"Landstuhl, Germany",department_veterans_affairs,,unknown,Pre-Discharge Site at Landstuhl Regional Medical Center
Pasay City,department_veterans_affairs,,unknown,Manila VA Clinic
South Korea,department_veterans_affairs,,unknown,Pre-Discharge Site at U.S. Army Garrison Humphreys
City,deutsche_bank_us,,unknown,Deutsche Bank
Los Angeles,deutsche_bank_us,,unknown,Deutsche Bank
San Francisco,deutsche_bank_us,,unknown,Deutsche Bank
Santa Ana,deutsche_bank_us,,unknown,Deutsche Bank
Jacksonville,deutsche_bank_us,,unknown,Deutsche Bank
Miami,deutsche_bank_us,,unknown,Deutsche Bank
Atlanta,deutsche_bank_us,,unknown,Deutsche Bank
Boston,deutsche_bank_us,,unknown,Deutsche Bank
Cary,deutsche_bank_us,,unknown,Deutsche Bank
Charlotte,deutsche_bank_us,,unknown,Deutsche Bank
unknown,dhl_express_us_ca,,unknown,DHL Express ServicePoint TIYAN
unknown,disc_replay_us,2012 N Prospect Ave Champaign IL 61822,unknown,Disc Replay™ Champaign
unknown,disc_replay_us,5 Countryside Plaza Countryside IL 60525,unknown,Disc Replay™ Countryside
unknown,disc_replay_us,1701 N Larkin Ave. Crest Hill IL 60435,unknown,Disc Replay™ Crest Hill
unknown,disc_replay_us,1418 Butterfield Rd. Downers Grove IL 60515,unknown,Disc Replay™ Downers Grove
unknown,disc_replay_us,556 S Rt. 59 Naperville IL 60540,unknown,Disc Replay™ Naperville
unknown,disc_replay_us,15024 S LaGrange Rd. Orland Park IL 60462,unknown,Disc Replay™ Orland Park
unknown,disc_replay_us,4700 N. University St Peoria IL 61614,unknown,Mega Replay Peoria
unknown,disc_replay_us,6085 E. State St. Rockford IL 61108,unknown,Disc Replay™ Rockford
unknown,disc_replay_us,2806-A Tittabawassee Rd Saginaw MI 48604,unknown,Disc Replay™ Saginaw
unknown,disc_replay_us,340 John R. Road Troy MI 48083,unknown,Disc Replay™ Troy
unknown,disc_replay_us,14528 Racho Blvd Taylor MI 48180,unknown,Disc Replay™ Taylor
unknown,disc_replay_us,29006 Gratiot Avenue Roseville MI 48066,unknown,Disc Replay™ Roseville
unknown,disc_replay_us,11508 Middlebelt Rd Livonia MI 48150,unknown,Disc Replay™ Livonia
unknown,disc_replay_us,3192 South Linden Road Flint MI 48507,unknown,Disc Replay™ Flint
unknown,disc_replay_us,North Park Mall 320 W. Kimberly Rd Davenport IA 52806,unknown,Disc Replay™ Davenport
unknown,disc_replay_us,5916 Grape Rd Mishawaka IN 46545,unknown,Disc Replay™ Mishawaka
unknown,dollar_general,,unknown,Dollar General
AIX LES BAINS,esthetic_center_fr,,unknown,Esthetic Center AIX LES BAINS
SARROLA CARCOPINO,esthetic_center_fr,,unknown,Esthetic Center AJACCIO ATRIUM
ALBI,esthetic_center_fr,,unknown,Esthetic Center ALBI
ANGERS,esthetic_center_fr,,unknown,Esthetic Center ANGERS
ANGLET,esthetic_center_fr,,unknown,Esthetic Center ANGLET
ANGOULEME,esthetic_center_fr,,unknown,Esthetic Center ANGOULEME
ANNECY,esthetic_center_fr,,unknown,Esthetic Center CRAN GEVRIER
ANTONY,esthetic_center_fr,,unknown,Esthetic Center ANTONY
ARRAS,esthetic_center_fr,,unknown,Esthetic Center ARRAS
AUCH,esthetic_center_fr,,unknown,Esthetic Center AUCH RI
AUTERIVE,esthetic_center_fr,,unknown,Esthetic Center AUTERIVE
AUZEVILLE,esthetic_center_fr,,unknown,Esthetic Center AUZEVILLE
AVRANCHES,esthetic_center_fr,,unknown,Esthetic Center AVRANCHES
BALMA,esthetic_center_fr,,unknown,Esthetic Center BALMA
BASSENS,esthetic_center_fr,,unknown,Esthetic Center BASSENS
BAYONNE,esthetic_center_fr,,unknown,Esthetic Center BAYONNE
BEAUCOUZE,esthetic_center_fr,,unknown,Esthetic Center BEAUCOUZE
BEZIERS,esthetic_center_fr,,unknown,Esthetic Center BEZIERS
BIARRITZ,esthetic_center_fr,,unknown,Esthetic Center BIARRITZ LECLERC
BIDART,esthetic_center_fr,,unknown,Esthetic Center BIDART
BISCHHEIM,esthetic_center_fr,,unknown,Esthetic Center BISCHHEIM
BOE,esthetic_center_fr,,unknown,Esthetic Center BOE
BOURG LES VALENCE,esthetic_center_fr,,unknown,Esthetic Center BOURG LES VALENCE
BOURGES,esthetic_center_fr,,unknown,Esthetic Center BOURGES
BRIVE LA GAILLARDE,esthetic_center_fr,,unknown,Esthetic Center BRIVE LA GAILLARDE
ETTERBEEK,esthetic_center_fr,,unknown,Esthetic Center BRUXELLES MONTGOMERY
BURNHAUPT LE HAUT,esthetic_center_fr,,unknown,Esthetic Center BURNHAUPT LE HAUT
CARCASSONNE,esthetic_center_fr,,unknown,Esthetic Center CARCASSONNE
CASTELGINEST,esthetic_center_fr,,unknown,Esthetic Center CASTELGINEST
CASTELNAU LE LEZ,esthetic_center_fr,,unknown,Esthetic Center CASTELNAU LE LEZ
CASTELSARRASIN,esthetic_center_fr,,unknown,Esthetic Center CASTELSARRASIN
CASTRES,esthetic_center_fr,,unknown,Esthetic Center CASTRES
CAYENNE,esthetic_center_fr,,unknown,Esthetic Center CAYENNE
CHALLANS,esthetic_center_fr,,unknown,Esthetic Center CHALLANS
CHAMPNIERS,esthetic_center_fr,,unknown,Esthetic Center CHAMPNIERS
unknown,esthetic_center_fr,,unknown,Esthetic Center CHARMEIL
CHATEAUROUX,esthetic_center_fr,,unknown,Esthetic Center CHATEAUROUX
CHAUCONIN-NEUFMONTIERS,esthetic_center_fr,,unknown,Esthetic Center CHAUCONIN NEUFMONTIERS
CHOLET,esthetic_center_fr,,unknown,Esthetic Center CHOLET AUTRE FAUBOURG
COLOMIERS,esthetic_center_fr,,unknown,Esthetic Center COLOMIERS
CORNEBARRIEU,esthetic_center_fr,,unknown,Esthetic Center CORNEBARRIEU
CUGNAUX,esthetic_center_fr,,unknown,Esthetic Center CUGNAUX
DAX,esthetic_center_fr,,unknown,Esthetic Center DAX
DINAN,esthetic_center_fr,,unknown,Esthetic Center DINAN
DIVATTE SUR LOIRE,esthetic_center_fr,,unknown,Esthetic Center DIVATTE SUR LOIRE
DOL DE BRETAGNE,esthetic_center_fr,,unknown,Esthetic Center DOL DE BRETAGNE
DUNKERQUE,esthetic_center_fr,,unknown,Esthetic Center DUNKERQUE
LE VIEIL EVREUX,esthetic_center_fr,,unknown,Esthetic Center EVREUX
FLINS-SUR-SEINE,esthetic_center_fr,,unknown,Esthetic Center FLINS SUR SEINE
FRESNES,esthetic_center_fr,,unknown,Esthetic Center FRESNES
FRONTON,esthetic_center_fr,,unknown,Esthetic Center FRONTON
GENEVE,esthetic_center_fr,,unknown,Esthetic Center GENEVE PLAINPALAIS
GRENADE,esthetic_center_fr,,unknown,Esthetic Center GRENADE
PLOUMAGOAR,esthetic_center_fr,,unknown,Esthetic Center GUINGAMP
HAGUENAU,esthetic_center_fr,,unknown,Esthetic Center HAGUENAU CORA
ISSY LES MOULINEAUX,esthetic_center_fr,,unknown,Esthetic Center ISSY LES MOULINEAUX
ITTEVILLE,esthetic_center_fr,,unknown,Esthetic Center ITTEVILLE
L ISLE JOURDAIN,esthetic_center_fr,,unknown,Esthetic Center L'ISLE JOURDAIN
LA COLLE SUR LOUP,esthetic_center_fr,,unknown,Esthetic Center LA COLLE SUR LOUP
LA MADELEINE,esthetic_center_fr,,unknown,Esthetic Center LA MADELEINE
LA ROCHE SUR FORON,esthetic_center_fr,,unknown,Esthetic Center LA ROCHE SUR FORON
LA ROCHE SUR YON,esthetic_center_fr,,unknown,Esthetic Center LA ROCHE SUR YON
LA ROCHELLE,esthetic_center_fr,,unknown,Esthetic Center LA ROCHELLE SAUTEL
LABEGE,esthetic_center_fr,,unknown,Esthetic Center LABEGE
LAVAUR,esthetic_center_fr,,unknown,Esthetic Center LAVAUR
LE CANNET,esthetic_center_fr,,unknown,Esthetic Center LE CANNET
LE PASSAGE,esthetic_center_fr,,unknown,Esthetic Center LE PASSAGE
LENS,esthetic_center_fr,,unknown,Esthetic Center LENS
LES ABYMES,esthetic_center_fr,,unknown,Esthetic Center LES ABYMES
LES SABLES D OLONNE,esthetic_center_fr,,unknown,Esthetic Center LES SABLES D'OLONNE
LILLE,esthetic_center_fr,,unknown,Esthetic Center LILLE
LE VIGEN,esthetic_center_fr,,unknown,Esthetic Center LIMOGES BOISSEUIL
LIMOGES,esthetic_center_fr,,unknown,Esthetic Center LIMOGES SAINT MARTIAL
LORIENT,esthetic_center_fr,,unknown,Esthetic Center LORIENT F. RI
LOURDES,esthetic_center_fr,,unknown,Esthetic Center LOURDES
LUNEL,esthetic_center_fr,,unknown,Esthetic Center LUNEL
MANTES LA JOLIE,esthetic_center_fr,,unknown,Esthetic Center MANTES LA JOLIE
MARSAC SUR L ISLE,esthetic_center_fr,,unknown,Esthetic Center MARSAC
MARSEILLE,esthetic_center_fr,,unknown,Esthetic Center MARSEILLE PRADO
MATOURY,esthetic_center_fr,,unknown,Esthetic Center MATOURY
MAUGUIO,esthetic_center_fr,,unknown,Esthetic Center MAUGUIO
MAUREPAS,esthetic_center_fr,,unknown,Esthetic Center MAUREPAS
MERIGNAC,esthetic_center_fr,,unknown,Esthetic Center MERIGNAC
MONT DE MARSAN,esthetic_center_fr,,unknown,Esthetic Center MONT DE MARSAN
MONTAUBAN,esthetic_center_fr,,unknown,Esthetic Center MONTAUBAN
MONTGERON,esthetic_center_fr,,unknown,Esthetic Center MONTGERON
MONTIGNY LE BRETONNEUX,esthetic_center_fr,,unknown,Esthetic Center MONTIGNY LE BRETONNEUX
MONTPELLIER,esthetic_center_fr,,unknown,Esthetic Center MONTPELLIER CASTELNAU
MORTEAU,esthetic_center_fr,,unknown,Esthetic Center MORTEAU
MURET,esthetic_center_fr,,unknown,Esthetic Center MURET
NANTES,esthetic_center_fr,,unknown,Esthetic Center NANTES CENTRE*
NARBONNE,esthetic_center_fr,,unknown,Esthetic Center NARBONNE
NEUILLY SUR MARNE,esthetic_center_fr,,unknown,Esthetic Center NEUILLY SUR MARNE
NIORT,esthetic_center_fr,,unknown,Esthetic Center NIORT
OBERHOFFEN-SUR-MODER,esthetic_center_fr,,unknown,Esthetic Center OBERHOFFEN SUR MODER
ORVAULT,esthetic_center_fr,,unknown,Esthetic Center ORVAULT
PARIS,esthetic_center_fr,,unknown,Esthetic Center PARIS RIVOLI
PERPIGNAN,esthetic_center_fr,,unknown,Esthetic Center PERPIGNAN
PESSAC,esthetic_center_fr,,unknown,Esthetic Center PESSAC
PONTARLIER,esthetic_center_fr,,unknown,Esthetic Center PONTARLIER
PORNIC,esthetic_center_fr,,unknown,Esthetic Center PORNIC
PORTET-SUR-GARONNE,esthetic_center_fr,,unknown,Esthetic Center PORTET SUR GARONNE
QUIMPER,esthetic_center_fr,,unknown,Esthetic Center QUIMPER RI
QUINT FONSEGRIVES,esthetic_center_fr,,unknown,Esthetic Center QUINT FONSEGRIVES
REVEL,esthetic_center_fr,,unknown,Esthetic Center REVEL
REZE,esthetic_center_fr,,unknown,Esthetic Center REZE*
RIVESALTES,esthetic_center_fr,,unknown,Esthetic Center RIVESALTES
ROCHEFORT,esthetic_center_fr,,unknown,Esthetic Center ROCHEFORT
ST SULPICE LA POINTE,esthetic_center_fr,,unknown,Esthetic Center SAINT SULPICE LA POINTE
STE CLOTILDE,esthetic_center_fr,,unknown,Esthetic Center SAINTE CLOTILDE
SAINTES,esthetic_center_fr,,unknown,Esthetic Center SAINTES
SALAISE SUR SANNE,esthetic_center_fr,,unknown,Esthetic Center SALAISE-SUR-SANNE
SALON DE PROVENCE,esthetic_center_fr,,unknown,Esthetic Center SALON DE PROVENCE CARDELINES
SATHONAY CAMP,esthetic_center_fr,,unknown,Esthetic Center SATHONAY CAMP
SCHWEIGHOUSE SUR MODER,esthetic_center_fr,,unknown,Esthetic Center SCHWEIGHOUSE-SUR-MODER
SCIONZIER,esthetic_center_fr,,unknown,Esthetic Center SCIONZIER
SEGNY,esthetic_center_fr,,unknown,Esthetic Center SEGNY
SOYAUX,esthetic_center_fr,,unknown,Esthetic Center SOYAUX
ST ALBAN,esthetic_center_fr,,unknown,Esthetic Center ST ALBAN
SAINT AUNES,esthetic_center_fr,,unknown,Esthetic Center ST AUNES
ANCENIS ST GEREON,esthetic_center_fr,,unknown,Esthetic Center ST GEREON
ST JEAN DE LUZ,esthetic_center_fr,,unknown,Esthetic Center ST JEAN DE LUZ
ST JEAN,esthetic_center_fr,,unknown,Esthetic Center ST JEAN L'UNION
ST JORY,esthetic_center_fr,,unknown,Esthetic Center ST JORY
ST JULIEN EN GENEVOIS,esthetic_center_fr,,unknown,Esthetic Center ST JULIEN EN GENEVOIS
ST JUST EN CHAUSSEE,esthetic_center_fr,,unknown,Esthetic Center ST JUST EN CHAUSSEE
ST MALO,esthetic_center_fr,,unknown,Esthetic Center ST MALO
SAINT ORENS DE GAMEVILLE,esthetic_center_fr,,unknown,Esthetic Center ST ORENS
ST PAUL LES DAX,esthetic_center_fr,,unknown,Esthetic Center ST PAUL LES DAX
ST PIERRE DU MONT,esthetic_center_fr,,unknown,Esthetic Center ST PIERRE DU MONT
ST QUAY PERROS,esthetic_center_fr,,unknown,Esthetic Center ST QUAY PERROS
TALENCE,esthetic_center_fr,,unknown,Esthetic Center TALENCE
TARBES,esthetic_center_fr,,unknown,Esthetic Center TARBES
THIAIS,esthetic_center_fr,,unknown,Esthetic Center THIAIS
THONES,esthetic_center_fr,,unknown,Esthetic Center THONES
THONON LES BAINS,esthetic_center_fr,,unknown,Esthetic Center THONON LES BAINS
THOUARE SUR LOIRE,esthetic_center_fr,,unknown,Esthetic Center THOUARE SUR LOIRE
TOULOUSE,esthetic_center_fr,,unknown,Esthetic Center TOULOUSE WILSON
TOURNEFEUILLE,esthetic_center_fr,,unknown,Esthetic Center TOURNEFEUILLE
TRELAZE,esthetic_center_fr,,unknown,Esthetic Center TRELAZE
VANNES,esthetic_center_fr,,unknown,Esthetic Center VANNES
VEDENE,esthetic_center_fr,,unknown,Esthetic Center VEDENE
VENELLES,esthetic_center_fr,,unknown,Esthetic Center VENELLES
VERSAILLES,esthetic_center_fr,,unknown,Esthetic Center VERSAILLES
VILLENEUVE D ASCQ,esthetic_center_fr,,unknown,Esthetic Center VILLENEUVE D'ASCQ
WAMBRECHIES,esthetic_center_fr,,unknown,Esthetic Center WAMBRECHIES
YZEURE,esthetic_center_fr,,unknown,Esthetic Center YZEURE
Building 360,federal_savings_bank,,unknown,Georgia – Atlanta
Saipan,ford,,unknown,Joeten Motors
Oregon,ford,,unknown,Tower Motor Company
Ohio,ford,,unknown,Barrie Ford
Minnesota,ford,,unknown,Wherley Motors Inc
unknown,ford_dealers_us,,unknown,Ford
unknown,francescas_us,4211 Camino De La Plaza 410San Diego CA 92173,unknown,Las Americas Premium Outlets #2097
unknown,gbfs,,unknown,Redding Bikeshare - Event Station
SAN JUAN DE PUERTO RICO,geox,,unknown,Geox SAN JUAN DE PUERTO RICO
Niagara Falls,great_wolf_resorts_us,,unknown,Great Wolf Lodge
Khalifa City – Sector 33 – Abu Dhabi,grimaldis_pizzeria,,unknown,Grimaldi&#039;s Pizzeria
Chongquin,habit_burger,,unknown,The Habit Burger Grill
Phnom Penh,habit_burger,,unknown,The Habit Burger Grill
"Ang Snuol District, Kandal Province",habit_burger,,unknown,The Habit Burger Grill
Krong Siem Reap,habit_burger,,unknown,The Habit Burger Grill
Shanghai,habit_burger,,unknown,The Habit Burger Grill
Burlington,hm,,unknown,Mapleview Shopping Centre
RIDGEWOOD,leonidas,,unknown,LE PALAIS GOURMET
unknown,leslies_poolmart_us,,unknown,Leslie's Pool Supplies
Chanhassen,life_time,,unknown,Digital Club
Khartoum,little_free_library,,unknown,Malaz Khojali #46879 Khartoum
New York,orangetheory_fitness,,unknown,QA test
unknown,orangetheory_fitness,,unknown,Prod 5 - Website
1212022,orangetheory_fitness,,unknown,1212022
otb8002admin,orangetheory_fitness,,unknown,otb8002admin
otb8002tierii,orangetheory_fitness,,unknown,otb8002tierii
2222023,orangetheory_fitness,,unknown,2222023
3292023,orangetheory_fitness,,unknown,3292023
4182023,orangetheory_fitness,,unknown,"PROD HOTFIX OTB-8475, OTB-8476, OTB-8402, OTB-8545"
8232023,orangetheory_fitness,,unknown,8232023
unknown,palm_beach_tan_us,2561 S Shields St #3c Fort Collins CO 80526,unknown,Fort Collins Raintree Village Shopping Center
unknown,petsmart,null Union NJ null,unknown,Union - Closed
unknown,petsmart,350 St PR-3 Space A99A HUMACAO PR 00791,unknown,Humacao
unknown,petsmart,null Owings Mills MD null,unknown,Owings Mills - Closed
unknown,petsmart,null Canton MI null,unknown,Canton - Closed
unknown,petsmart,252 Calle Dr Raymon E Betances Mayaguez PR 00680,unknown,Mayaguez
unknown,petsmart,3023 Ave Ramon Luis Rivera STE Bayamon PR 00956,unknown,Bayamon (Rexville Town Center)
unknown,petsmart,150 Carretera 940 Ste 365 Fajardo PR 00738,unknown,Fajardo
unknown,petsmart,2643 Ponce Bypass Ste. 148 Ponce PR 00728,unknown,Ponce
unknown,petsmart,15250 Ave. 65 De Infanteria Bo. Canovanillas Carolina PR 00987,unknown,Carolina
unknown,petsmart,506 Truncado St. Hatillo PR 00659,unknown,Hatillo (Plaza del Norte)
unknown,petsmart,5891 Plaza Escorial Carolina PR 00987,unknown,Carolina (Plaza Escorial)
unknown,petsmart,200 Rafael Cordero Ave. Caguas PR 00725,unknown,Caguas (Plaza Centro)
unknown,petsmart,22 Ave Winston Chuchill San Juan PR 00926,unknown,Senorial Plaza
unknown,petsmart,Plaza Rio Hondo Mall - Int. Of Bayamon PR 00961,unknown,Bayamon (Plaza Rio Hondo)
unknown,petsmart,F5 Calle Ebano St 100 Ste 100 Guaynabo PR 00968,unknown,Guaynabo (San Patricio Plaza)
unknown,petsmart,null West Palm Beach FL null,unknown,West Palm Beach - Closed
DELICIAS,phillips_66_conoco_76,,unknown,GRUPO GAS DELICIAS
MEXICALI,phillips_66_conoco_76,,unknown,SUPER MEXICANA SANTA ISABEL
TIJUANA,phillips_66_conoco_76,,unknown,ESTACION ORO SA DE CV
CENTRO HEROICA CABORCA,phillips_66_conoco_76,,unknown,CALLE 5
PLAYAS DE ROSARITO,phillips_66_conoco_76,,unknown,COMBUSTIBLES ORO ROSARITO
ENSENADA,phillips_66_conoco_76,,unknown,MANEADERO
TECATE,phillips_66_conoco_76,,unknown,BENITO JUAREZ
NOGALES,phillips_66_conoco_76,,unknown,SERVILU GRECO
HERMOSILLO,phillips_66_conoco_76,,unknown,GRUPO ALVER LA GUADALUPANA
CHIHUAHUA,phillips_66_conoco_76,,unknown,PROMESAS DE DIOS GRANJAS DEL VALLE
NUEVO VALLARTA,phillips_66_conoco_76,,unknown,TERRALTA
MEXICALI COL HIDALGO,phillips_66_conoco_76,,unknown,GRUPO SOL DE GOLFO CALLE CASTELLON
FRACC VILLAS DEL REY,phillips_66_conoco_76,,unknown,GRUP SOL DE GOLFO ANAHUAC
AGUASCALIENTES,phillips_66_conoco_76,,unknown,MULTISERVICIOS OTTO LA PRINCIPAL
QUER??TARO,phillips_66_conoco_76,,unknown,CUEVAS MARTINEZ QUERETARO
NOCHISTL??N DE MEJ??A,phillips_66_conoco_76,,unknown,NOCHISTLAN
GUADALAJARA,phillips_66_conoco_76,,unknown,ESTEBAN ALATORRE
AHOME,phillips_66_conoco_76,,unknown,CORPORATIVO DE COMBUSTIBLE SA DE CV
JEREZ DE GARCIA SALINAS,phillips_66_conoco_76,,unknown,ESTACIONES VA JEREZ
Mangilao,pizza_hut_us,,unknown,124 Jesus Mariano Street
Dededo,pizza_hut_us,,unknown,160E Marine Corp. Drive
unknown,planned_parenthood,,unknown,Planned Parenthood
unknown,road_ranger_us,10602 S. Cage Blvd Pharr TX (Military HWY 281),unknown,Road Ranger
Dorado,sizzler_us,,unknown,Sizzler
unknown,state_farm_us,,unknown,Luis Estrada
unknown,sun_auto_service_us,,unknown,Texas Auto Repair & Mechanics
unknown,teriyaki_madness_us,2535 Otay Center Dr Suite C San Diego CA 92154,unknown,CA | Teriyaki Madness Otay Center
San Diego,the_north_face,,unknown,The North Face Las Americas Premium Outlets
unknown,us_army_national_guard,324 W Soledad Ave Hagåtña 96910 Guam,unknown,Guam Army National Guard Recruiting Office
unknown,us_army_national_guard,509 S Marine Corps Dr Tamuning 96913 Guam,unknown,Guam Army National Guard Recruiting Office
unknown,us_army_national_guard,"10A 18 Vicorp Land
Estate Bethlehem
St. Croix VI 00850",unknown,23rd Civil Support Team
unknown,us_army_national_guard,"4031 LaGrande Princesse Lot 1B
Christiansted VI 00820",unknown,104th Troop Command
unknown,us_army_national_guard,"Sion Farm Shopping Center
St Croix VI 00851",unknown,Recruiting &amp; Retention
unknown,us_army_national_guard,"SFC Leonard B. Francis Armory 
6304 Estate Nazar
St. Thomas VI 00802",unknown,Recruiting &amp; Retention
Oakville,vestis_uniform_services_us,,unknown,Vestis Cleanroom Services Oakville
HOOPESTON,visa,,unknown,unknown
TIRRENIA ITALY,visa,,unknown,unknown
OAKBROOK TERRACE,visa,,unknown,unknown
SAN DIEGO,visa,,unknown,unknown
unknown,walgreens,,unknown,Walgreens
unknown,wellsfargo,,unknown,Wells Fargo
unknown,xl_parts,15480 Hempstead Highway  Houston 77040,unknown,84- Houston DSW 84
unknown,xl_parts,2527 Willowbrook Rd.  Dallas 75220,unknown,182--Dallas DSW 182
unknown,xl_parts,630 AVENUE K  Grand Prairie 75050,unknown,191- Dallas DSW  191
unknown,xl_parts,325 N BEACH ST  FT WORTH 76111,unknown,192-FT.WORTH DSW 192
unknown,xl_parts,325 N. Beach St.  FT WORTH 76111,unknown,193-FT.WORTH DSW 193
unknown,xl_parts,2527 Willowbrook Road  Dallas 75220,unknown,195- FT.Worth DSW 195
unknown,xl_parts,12444 Hwy 44  Gonzalez 70737,unknown,382 - Louisiana DSW 382
unknown,xl_parts,4737 Broom St  San Antonio 78217,unknown,484-San Antonio DSW 484
unknown,xl_parts,2005 Executive Dr.   Indianapolis 46241,unknown,680 - DSW Store 680
unknown,xl_parts,15701 Northwest Freeway  Houston 77040,unknown,XL Parts Store #70 70
unknown,xl_parts,4737 Broom St   San Antonio 78217,unknown,472 - Frio 472
unknown,xl_parts,15702 Northwest Freeway  Houston 77040,unknown,XL Parts Store #73 73
unknown,xl_parts,2033 Airline Rd Suite D2  Corpus Christi 78412,unknown,DSW Store #491 491
