City,Place Name,Zipcode,Name
unknown,aldi_sud_au,,unknown,ALDI Albany
Innaloo ,ally_fashion_au,,unknown,Innaloo
Joondalup,ally_fashion_au,,unknown,Joondalup 
Booragoon,angus_and_coote_au,SH 200 Garden City S/ Centre Riseley Street Booragoon WA 6154,unknown,Booragoon
Bunbury,angus_and_coote_au,SH 31 Bunbury Forum S/ C Sandridge Rd Bunbury WA 6230,unknown,Bunbury
unknown,angus_and_coote_au,Shop 13 Busselton Central Cnr Prince & Kents Street Busselton WA 6280,unknown,Busselton
Cannington,angus_and_coote_au,1116 Albany Highway Cannington WA 6107,unknown,Carousel
Ellenbrook,angus_and_coote_au,SH G064 Ellenbrook Central 11 Main St Ellenbrook WA 6069,unknown,Ellenbrook
Success,angus_and_coote_au,SH 232 Cockburn Gateway S/C 816 Beeliar Drive Success WA 6164,unknown,Gateway
unknown,angus_and_coote_au,Shop T13 Northgate Shopping Centre 110 Chapman Road Geraldton WA 6530,unknown,Geraldton
Joondalup,angus_and_coote_au,SH T88 Lakeside Joonalup S/C 420 Joondalup Drive Joondalup WA 6027,unknown,Joondalup
Kalgoorlie,angus_and_coote_au,SH 11 Kalgoorlie Central S/C Brookman St Kalgoorlie WA 6430,unknown,Kalgoorlie
Karrinyup,angus_and_coote_au,SH G29 Karrinyup S/C 200 Karrinyup Road Karrinyup WA 6018,unknown,Karrinyup
Mandurah,angus_and_coote_au,SH 46 Mandurah Forum S/C 330 Pinjarra Road Mandurah WA 6210,unknown,Mandurah
Midland,angus_and_coote_au,Shop 97A Midland GateShoppingCentre46 The Crescent Midland WA 6056,unknown,Midland Gate
Mirrabooka,angus_and_coote_au,SH 62 Mirrabooka Square 43 Yirrigan Drive Mirrabooka WA 6061,unknown,Mirrabooka
Morley,angus_and_coote_au,SH T66 Galleria S/Centre 4 Collier Road Morley WA 6062,unknown,Morley Galleria
Clarkson,angus_and_coote_au,SH159 Ocean Keys S/C 36 Ocean Keys Boulevard Clarkson WA 6030,unknown,Ocean Keys
Rockingham,angus_and_coote_au,SH T190 Rockingham S/C Cnr Read & Council Aves Rockingham WA 6168,unknown,Rockingham
Hillarys,angus_and_coote_au,SH 51 Westfield Whitford City S/C Cnr Marmion & Whitford Aves Hillarys WA 6025,unknown,Whitford City
Perth,apple,,unknown,Apple Perth City
Booragoon,apple,,unknown,Apple Booragoon
Osborne Park,audi,337 Harborne Street Osborne Park 6017,unknown,Audi Centre Perth
West Perth,audi,3 Cleaver Street West Perth 6005,unknown,West Perth Panel & Paint
Casey-Station,audi,Strassenname 1 12345 Casey-Station,unknown,Muster Standort 2
Perth,aurecongroup,Level 5 863 Hay Street PerthWA6000,unknown,unknown
Welshpool,avis,,unknown,Avis Australia Welshpool
Wangara,avis,,unknown,Avis Australia Wangara
Newman,avis,,unknown,Avis Australia Newman Airport
Redcliffe,avis,,unknown,Avis Australia Redcliffe
Port Hedland,avis,,unknown,Avis Australia Port Hedland Airport
Perth,avis,,unknown,Avis Australia Perth Airport
Osborne Park,avis,,unknown,Avis Australia Osborne Park
Paraburdoo,avis,,unknown,Avis Australia Paraburdoo Airport
Onslow,avis,,unknown,Avis Australia Onslow
Midvale,avis,,unknown,Avis Australia Midvale
Malaga,avis,,unknown,Avis Australia Malaga
Leonora,avis,,unknown,Avis Australia Leonora
Leinster,avis,,unknown,Avis Australia Leinster
Kununurra,avis,,unknown,Avis Australia Kununurra Airport
Karratha,avis,,unknown,Avis Australia Karratha Airport
Kalgoorlie,avis,,unknown,Avis Australia Kalgoorlie Airport
Geraldton,avis,,unknown,Avis Australia Geraldton Airport
Fremantle,avis,,unknown,Avis Australia Fremantle
Exmouth,avis,,unknown,Avis Australia Exmouth
Esperance,avis,,unknown,Avis Australia Esperance Airport
Carnarvon,avis,,unknown,Avis Australia Carnarvon Airport
Busselton,avis,,unknown,Avis Australia Busselton
Bunbury,avis,,unknown,Avis Australia Bunbury
Broome,avis,,unknown,Avis Australia Broome Airport
Albany,avis,,unknown,Avis Australia Albany Airport
Karrinyup,billini_au,,unknown,Billini Karrinyup
City of Perth,brewdog,16 Gordon St West Perth WA 6005 Australia,unknown,"Perth, Australia"
Balcatta,carpet_court_au,,unknown,Central Carpet Court
Albany,carpet_court_au,,unknown,Albany Carpet Court
Osborne Park,carpet_court_au,,unknown,Osborne Park Carpet Court
Belmont,carpet_court_au,,unknown,Belmont Carpet Court
Myaree,carpet_court_au,,unknown,Myaree Carpet Court
Malaga,carpet_court_au,,unknown,Malaga Carpet Court
Rockingham,carpet_court_au,,unknown,Rockingham Carpet Court
O'Connor,carpet_court_au,,unknown,O'Connor Carpet Court
Northam,carpet_court_au,,unknown,Northam Carpet Court
Nedlands,carpet_court_au,,unknown,Doug Buckey's Carpet Court (WA)
Narrogin,carpet_court_au,,unknown,Narrogin Carpet Court
Morley,carpet_court_au,,unknown,Morley Carpet Court
Midvale,carpet_court_au,,unknown,Midland Carpet Court
Mandurah,carpet_court_au,,unknown,Mandurah Carpet Court
Katanning,carpet_court_au,,unknown,Katanning Furnishings Carpet Court
Joondalup,carpet_court_au,,unknown,Joondalup Carpet Court
Harvey,carpet_court_au,,unknown,Hobsons Furniture (Harvey) Carpet Court
Esperance,carpet_court_au,,unknown,Esperance Carpet Court
Carnarvon,carpet_court_au,,unknown,Carnarvon Carpet Court
Beckenham,carpet_court_au,,unknown,Cannington Carpet Court
Canning Vale,carpet_court_au,,unknown,Canning Vale Carpet Court
Busselton,carpet_court_au,,unknown,Hobsons Carpet Court
Bunbury,carpet_court_au,,unknown,Bunbury Carpet Court
Beckenham,fantastic_furniture_au,50 William Street Beckenham Western Australia 6107,unknown,Cannington
Jandakot,fantastic_furniture_au,47-69 Armadale Road Jandakot Western Australia 6164,unknown,Cockburn
Joondalup,fantastic_furniture_au,2 Delage Street Joondalup Western Australia 6027,unknown,Joondalup
Greenfields,fantastic_furniture_au,Mandurah Home City Corner Lakes Road and Pinjarra Road Greenfields Western Australia 6210,unknown,Mandurah
Midland,fantastic_furniture_au,Midland Megaplex 7 Clayton Street Midland Western Australia 6056,unknown,Midland
Osborne Park,fantastic_furniture_au,381 Scarborough Beach Road Osborne Park Western Australia 6017,unknown,Osborne Park
Rockingham,fantastic_furniture_au,1-9 Enterprise Way Rockingham Western Australia 6168,unknown,Rockingham
Karrinyup,forever_new,,unknown,Forever New at David Jones Karrinyup
O'Connor,forty_winks_au,,unknown,Forty Winks  O'Connor
Albany,forty_winks_au,,unknown,Forty Winks Albany
Bunbury,forty_winks_au,,unknown,Forty Winks Bunbury
Busselton,forty_winks_au,,unknown,Forty Winks Busselton
Cannington,forty_winks_au,,unknown,Forty Winks Cannington
Claremont,forty_winks_au,,unknown,Forty Winks Claremont
Jandakot,forty_winks_au,,unknown,Forty Winks Cockburn
Geraldton,forty_winks_au,,unknown,Forty Winks Geraldton
Joondalup,forty_winks_au,,unknown,Forty Winks Joondalup
Mandurah,forty_winks_au,,unknown,Forty Winks Mandurah
Margaret River,forty_winks_au,,unknown,Forty Winks Margaret River
Myaree,forty_winks_au,,unknown,Forty Winks Melville
Midland,forty_winks_au,,unknown,Forty Winks Midland
Osborne Park,forty_winks_au,,unknown,Forty Winks Osborne Park
Osborne park,forty_winks_au,,unknown,Forty Winks Osborne Park Central 
Rockingham,forty_winks_au,,unknown,Forty Winks Rockingham
Beckenham,freedom_furniture,,unknown,Freedom - Cannington
Jandakot,freedom_furniture,,unknown,Freedom - Cockburn
Edgewater,freedom_furniture,,unknown,Freedom - Joondalup
Mandurah,freedom_furniture,,unknown,Freedom - Mandurah
Myaree,freedom_furniture,,unknown,Freedom - Myaree
Osborne Park,freedom_furniture,,unknown,Freedom - Osborne Park
Midland,hairhouse_au,,unknown,Hairhouse Midland Gate
Cloverdale,hairhouse_au,,unknown,Hairhouse Belmont
Joondalup,hairhouse_au,,unknown,Hairhouse Joondalup
Baldivis,hairhouse_au,,unknown,Hairhouse Baldivis
Perth,hm,,unknown,Karrinyup
Perth,jo_mercer_au,,unknown,Karrinyup
South Bunbury,kaisercraft_au,Parks Shopping Centre,unknown,Kaisercraft Carey Park
Naval Base,liberty_au,,unknown,unknown
Tapping,liberty_au,,unknown,unknown
Rosa Brook,little_free_library,,unknown,Rosa Brook Little Free Library #159306 Rosa Brook Western Australia
Girrawheen,little_free_library,,unknown,Christina Bunton #13458 Girrawheen Western Australia
Wembley,little_free_library,,unknown,Red Phonebox Library #2454 Wembley Western Australia
Mount Pleasant,little_free_library,,unknown,Encourage Me #M53466 Mount Pleasant Western Australia
Bridgetown,little_free_library,,unknown,Bridgetown's 1st Little Free Library #44677 Bridgetown Western Australia
Chittering,little_free_library,,unknown,Carty Reserve Little Free Library #77698 Chittering Western Australia
Muchea,little_free_library,,unknown,Muchea Little Free Library #77700 Muchea Western Australia
Cloverdale,little_free_library,,unknown,Belmont Forum Shopping Centre Library #90995 Cloverdale Western Australia
Perth,little_free_library,,unknown,Rob Strahan #10022 Perth Western Australia
Welshpool,mercedes_benz,,unknown,Peter Wilkinson & Co. Pty Ltd atf The Peter Wilkinson & Co. Family Trust
Burswood,mercedes_benz,,unknown,Kankama Pty Ltd as trustee for The Edlinger Family Trust No. 2
Bassendean,mercedes_benz,,unknown,AHG WA (2015) Pty Ltd
Osborne Park,mercedes_benz,,unknown,AHG WA (2015) Pty Ltd
Perth,mercedes_benz,,unknown,Geraldine Nominees Pty Ltd
Bentley,mercedes_benz,,unknown,AHG WA (2015) Pty Ltd
Bunbury,mercedes_benz,,unknown,RANCO MOTORS PTY LTD
Mandurah,mercedes_benz,,unknown,AHG WA (2015) Pty Ltd
BODDINGTON,mitre_10_au,,unknown,BODDINGTON - Boddington Mitre 10
BINDOON,mitre_10_au,,unknown,BINDOON - Bindoon Mitre 10
YORK,mitre_10_au,,unknown,YORK - York Mitre 10
WONGAN HILLS,mitre_10_au,,unknown,WONGAN HILLS - Wongan Hills Mitre 10
WAROONA,mitre_10_au,,unknown,WAROONA - Waroona Mitre 10
TOM PRICE,mitre_10_au,,unknown,TOM PRICE - Pilbara Mitre 10
PINJARRA,mitre_10_au,,unknown,PINJARRA - Tuckey’s Mitre 10
NORTHBRIDGE,mitre_10_au,,unknown,NORTHBRIDGE - Farinosi & Sons Mitre 10
MT HELENA,mitre_10_au,,unknown,MT HELENA - Mount Helena True Value Hardware
MOUNT BARKER,mitre_10_au,,unknown,MOUNT BARKER - Mt Barker Mitre 10
MOORA,mitre_10_au,,unknown,MOORA - Hardware Plus True Value Hardware
MARGARET RIVER,mitre_10_au,,unknown,MARGARET RIVER - Margaret River Mitre 10
MANJIMUP,mitre_10_au,,unknown,MANJIMUP - Manjimup Mitre 10
MANDURAH,mitre_10_au,,unknown,MANDURAH - M&B Mitre 10 Trade Centre
MALAGA,mitre_10_au,,unknown,MALAGA - Versatile Mitre 10
KUNUNURRA,mitre_10_au,,unknown,KUNUNURRA - East Kimberley Mitre 10
KULIN,mitre_10_au,,unknown,KULIN - Kulin Mitre 10
KARRATHA,mitre_10_au,,unknown,KARRATHA - Karratha Mitre 10
KALAMUNDA,mitre_10_au,,unknown,KALAMUNDA - Walker's Mitre 10
JURIEN BAY,mitre_10_au,,unknown,JURIEN BAY - Jurien Bay Mitre 10
HILLARYS,mitre_10_au,,unknown,HILLARYS - Atkinson's Mitre 10
HARVEY,mitre_10_au,,unknown,HARVEY - Harvey Mitre 10
GERALDTON,mitre_10_au,,unknown,GERALDTON - M&B Mitre 10 Trade Centre
EXMOUTH,mitre_10_au,,unknown,EXMOUTH - Exmouth Mitre 10
DUNSBOROUGH,mitre_10_au,,unknown,DUNSBOROUGH - Dunsborough Mitre 10
DONGARA,mitre_10_au,,unknown,DONGARA - Dongara Mitre 10
DERBY,mitre_10_au,,unknown,DERBY - Derby Mitre 10
DENMARK,mitre_10_au,,unknown,DENMARK - Thornton's Mitre 10
DENHAM,mitre_10_au,,unknown,DENHAM - Shark Bay True Value Hardware
DALWALLINU,mitre_10_au,,unknown,DALWALLINU - Dalwallinu Mitre 10
COOROW,mitre_10_au,,unknown,COOROW - Coorow True Value Hardware
CARNARVON,mitre_10_au,,unknown,CARNARVON - Carnarvon Mitre 10
BUSSELTON,mitre_10_au,,unknown,BUSSELTON - M&B Mitre 10 Trade Centre
BUNBURY,mitre_10_au,,unknown,BUNBURY - M&B Mitre 10 Trade Centre
BROOME,mitre_10_au,,unknown,BROOME - Streeter & Male Mitre 10
BROOKTON,mitre_10_au,,unknown,BROOKTON - Brookton Mitre 10
BRIDGETOWN,mitre_10_au,,unknown,BRIDGETOWN - Bridgetown Mitre 10
BOULDER,mitre_10_au,,unknown,BOULDER - Kalgoorlie Mitre 10
ALBANY,mitre_10_au,,unknown,ALBANY - M&B Mitre 10 Trade Centre
Maddington,night_owl_au,1 Davison Street Maddington Western Australia 6109 AU,unknown,NightOwl Shell Maddington
Perth,nike,,unknown,Nike Hay Street
Success,nike,,unknown,Nike Gateway WA
Joondalup,nike,,unknown,Nike Joondalup
West Perth,novo_au,,unknown,Novo Watertown Brands Outlet 
Hillarys,novo_au,,unknown,Novo Whitfords
Morley,novo_au,,unknown,Novo Morley
Mirrabooka,novo_au,,unknown,Novo Mirrabooka
Midland,novo_au,,unknown,Novo Midland Gate
Mandurah,novo_au,,unknown,Novo Mandurah Forum
Karrinyup,novo_au,,unknown,Novo Karrinyup
Joondalup,novo_au,,unknown,Novo Joondalup
Perth,novo_au,,unknown,Novo Belmont Forum 
Success,novo_au,,unknown,Novo Gateway
Cannington,novo_au,,unknown,Novo Carousel
Armadale ,novo_au,,unknown,Novo Armadale
Perth Airport,novo_au,,unknown,Novo Perth DFO
Ellenbrook,novo_au,,unknown,NOVO Ellenbrook
Warwick,novo_au,,unknown,Novo Warwick Grove
Roleystone,otr_au,,unknown,OTR Roleystone
Perth,otr_au,,unknown,OTR Perth Pier Street
Como,otr_au,,unknown,OTR Como
Perth,paddy_pallin_au,849 Hay St Perth Noongar Wadjak Country WA 6000,unknown,Perth
Nedlands,rationale,Shop 11/1 Rokeby Rd Subiaco WA 6008,unknown,RATIONALE Flagship Subiaco
Derby,ray_white_au_nz,,unknown,Ray White Derby
Cable Beach,ray_white_au_nz,,unknown,Ray White Broome
Kalgoorlie,ray_white_au_nz,,unknown,Ray White Kalgoorlie
Kambalda West,ray_white_au_nz,,unknown,Ray White Kambalda
South Hedland,ray_white_au_nz,,unknown,Ray White Port Hedland
Karratha,ray_white_au_nz,,unknown,Ray White Karratha
Hopetoun,ray_white_au_nz,,unknown,Ray White Rural South Coast WA
Dongara,ray_white_au_nz,,unknown,Ray White Dongara
Katanning,ray_white_au_nz,,unknown,Ray White Katanning and Districts
Bullsbrook,ray_white_au_nz,,unknown,Ray White Bullsbrook
Exmouth,ray_white_au_nz,,unknown,Ray White Exmouth
Geraldton,ray_white_au_nz,,unknown,Ray White Geraldton
Kalamunda,ray_white_au_nz,,unknown,Aldridge & Associates
MIDLAND,ray_white_au_nz,,unknown,Ray White Midland & Hills
Forrestfield,ray_white_au_nz,,unknown,Ray White Aldridge & Associates - Forrestfield Location
Bayswater,ray_white_au_nz,,unknown,Ray White Carters
Kalbarri,ray_white_au_nz,,unknown,Ray White Kalbarri
MORLEY,ray_white_au_nz,,unknown,Ray White Whiteman & Associates - Morley Location
Jurien Bay,ray_white_au_nz,,unknown,Ray White Jurien Bay
Mirrabooka,ray_white_au_nz,,unknown,Ray White Whiteman & Associates
Cannington,ray_white_au_nz,,unknown,Ray White Cannington
Butler,ray_white_au_nz,,unknown,Ray White Northern Coast - Butler
Thornlie,ray_white_au_nz,,unknown,Ray White BPG
Clarkson,ray_white_au_nz,,unknown,Ray White Leading Edge WA
RIVERVALE,ray_white_au_nz,,unknown,Ray White Urban Springs
North Perth,ray_white_au_nz,,unknown,Ray White Inner North
Lancelin,ray_white_au_nz,,unknown,Ray White Lancelin
Two Rocks,ray_white_au_nz,,unknown,Ray White Northern Coast
South Perth,ray_white_au_nz,,unknown,Ray White South Perth
Sorrento,ray_white_au_nz,,unknown,Ray White North Quays
Subiaco,ray_white_au_nz,,unknown,Ray White Rural (WA)
North Beach,ray_white_au_nz,,unknown,Ray White Keevers Group
Applecross,ray_white_au_nz,,unknown,Ray White Applecross
Carnarvon,ray_white_au_nz,,unknown,Ray White Carnarvon
Dalkeith,ray_white_au_nz,,unknown,Ray White Dalkeith | Claremont
Claremont,ray_white_au_nz,,unknown,Ray White Dalkeith Claremont - Claremont Location
Kardinya,ray_white_au_nz,,unknown,Ray White Platinum South
Peppermint Grove,ray_white_au_nz,,unknown,Ray White Cottesloe Mosman Park
Mount Barker,ray_white_au_nz,,unknown,Ray White Crofts & Associates
Baldivis,ray_white_au_nz,,unknown,Rockingham Baldivis
Denham,ray_white_au_nz,,unknown,Ray White Shark Bay
WAIKIKI,ray_white_au_nz,,unknown,Ray White The Ialacci Group
ALBANY,ray_white_au_nz,,unknown,Ray White Albany
Mandurah,ray_white_au_nz,,unknown,Ray White Mandurah
Denmark,ray_white_au_nz,,unknown,Ray White Denmark
Bridgetown,ray_white_au_nz,,unknown,Ray White South West Central - Bridgetown Location
Nannup,ray_white_au_nz,,unknown,Ray White South West Central
Busselton,ray_white_au_nz,,unknown,Ray White Stocker Preston | Busselton
Dunsborough,ray_white_au_nz,,unknown,Ray White Stocker Preston | Dunsborough
Margaret River,ray_white_au_nz,,unknown,Ray White Stocker Preston | Margaret River
Augusta,ray_white_au_nz,,unknown,Ray White Stocker Preston | Augusta
Mandurah,retail_apparel_group,Shop G071 Mandurah Forum 330 Pinjarra Road,unknown,Johnny Bigg Mandurah
Rockingham,retail_apparel_group,Shop T185 Rockingham Centre,unknown,Johnny Bigg Rockingham
Hilarys,retail_apparel_group,Shop 255  Westfield Whitford City Whiford Avenue and Marmion Avenue,unknown,Johnny Bigg Whitford
Joondalup,retail_apparel_group,Shop GD T104 Lakeside,unknown,Johnny Bigg Joondalup
West Perth,retail_apparel_group,Shop GD A038 Watertown Brand Outlet,unknown,Johnny Bigg Watertown Perth DFO
Cannington,retail_apparel_group,Shop 1225 Westfield Carousel 1382 Albany Highway,unknown,Johnny Bigg Carousel
Perth Airport,retail_apparel_group,Shop G042 DFO Perth 11 High St,unknown,Johnny Bigg DFO Perth
Midland,retail_apparel_group,Shop T081 Midland Gate Shopping Centre 274 Great Eastern Hwy,unknown,Johnny Bigg Midland Gate
Bunbury,retail_apparel_group,Shop 28 Bunbury Forum Shopping Centre Sandridge Rd,unknown,Tarocash Bunbury
Busselton,retail_apparel_group,Shop T34 Busselton Central Prince Street Busselton WA,unknown,Connor Busselton
Manduarah,retail_apparel_group,Shop G191 Mandurah Forum Pinjarra Road,unknown,yd. Mandurah
Mandurah,retail_apparel_group,Mandurah Forum Shop G100 Pinjarra Road,unknown,Tarocash Mandurah
Rockingham,retail_apparel_group,Shop T151 Rockingham Shopping Centre Read Street Rockingham WA 6168,unknown,Tarocash Rockingham
Hillarys,retail_apparel_group,Shop 31 Westfield Whitford City Cnr Marmion & Whitfords Ave,unknown,Tarocash Whitford
Karrinyup,retail_apparel_group,Shop SP0327 Ground Level Karrinyup Shopping Centre,unknown,Tarocash Karrinyup
Success,retail_apparel_group,Shop G338 Cockburn Gateway WA 816 Beeliar Drive,unknown,Tarocash Cockburn Gateway
East Bunbury,retail_apparel_group,Shop 19 Bunbury Forum 63 Sandbridge Road,unknown,Connor Bunbury
Mandurah,retail_apparel_group,Shop G070 Mandurah Forum 330 Pinjarra Road,unknown,Connor Mandurah
Rockingham,retail_apparel_group,Shop T153 Rockingham Shopping Centre 1 Council Avenue,unknown,Connor Rockingham
Baldivis,retail_apparel_group,Shop 035 Stockland Baldivis Safety Road,unknown,Connor Baldivis
Hillarys,retail_apparel_group,Shop 49 Westfield Whitford City cnr Whitford & Marmion,unknown,Connor Whitford
Clarkson,retail_apparel_group,Shop G135 Ocean Keys Shopping Centre 36 Ocean Keys Boulevard,unknown,Connor Ocean Keys
Hillarys,retail_apparel_group,Shop 254 Wesfield Whitford City Whitford Ave And Marnion Ave,unknown,yd. Whitford
Karrinyup,retail_apparel_group,Shop 328 200 Karrinyup Rd Karrinyup Wa 6018,unknown,yd. Karrinyup
Success,retail_apparel_group,Shop G-300 Cockburn Gateway Shopping City 816 Beeliar Dr,unknown,yd. Cockburn
Booragoon,retail_apparel_group,Shop 22 Westfield Booragoon 125 Riseley St,unknown,yd. Booragoon
Joondalup,retail_apparel_group,Shop GD T117 Lakeside Joondalup 420 Joondalup Drive,unknown,yd. Joondalup
West Perth,retail_apparel_group,Shop A03B & A03 Watertown DFO 840 Wellington Street,unknown,yd. Watertown DFO
Booragoon,retail_apparel_group,201/125 Riseley Street,unknown,Tarocash Booragoon
Joondalup,retail_apparel_group,Shop GD T001 Lakeside Joondalup Shopping City 420 Joondalup Drive,unknown,Tarocash Joondalup
West Perth,retail_apparel_group,Shop A04 Watertown Brand Outlet 840 Wellington Street,unknown,Tarocash DFO Watertown
Morley,retail_apparel_group,4 Collier Road,unknown,Tarocash Morley
Cannington,retail_apparel_group,Westfield Carousel Shop 1133/1382 Albany Hwy,unknown,Tarocash Carousel
Cloverdale,retail_apparel_group,Shop 100 Belmont Shopping Forum 227 Belmont Avenue,unknown,Tarocash Cloverdale
Karrinyup,retail_apparel_group,Shop SP0331 Ground Level Karrinyup Shopping Centre 200 Karrinyup Road,unknown,Connor Karrinyup
Success,retail_apparel_group,Shop G-300 Cockburn Gateway Shopping Centre 816 Beeliar Drive,unknown,Connor Cockburn
Innaloo,retail_apparel_group,Shop 1067/8 Westfield Inaloo Ellen Stirling Boulevard,unknown,Connor Innaloo
Joondalup,retail_apparel_group,Shop T124 Lakeside Joondalup 420 Joondalup Drive,unknown,Connor Joondalup
West Perth,retail_apparel_group,Shop GD A012 Watertown Perth 840 Wellington Street,unknown,Connor Watertown Perth
Mirrabooka,retail_apparel_group,Shop G-100 Mirrabooka Square S/C,unknown,Connor Mirrabooka
Morley,retail_apparel_group,Shop 112 Morley Galleria Walter Road,unknown,yd. Morley
Cannington,retail_apparel_group,Shop 1020 Westfield Carousel 1382 Albany Highway,unknown,yd. Carousel
Perth Airport,retail_apparel_group,Shop G039 Dfo Perth 11 High Street,unknown,yd. Perth DFO
Perth Airport,retail_apparel_group,Shop G040 DFO Perth 11 High Street,unknown,Tarocash DFO Perth
Midland,retail_apparel_group,Shop T086 274 Great Eastern Highway,unknown,Tarocash Midland Gate
Morley,retail_apparel_group,Shop MM007 Galleria Shopping Centre Cnr Collier and Walter Road,unknown,Connor Morley
Cannington,retail_apparel_group,Shop 113 Westfield Carousel 1382 Albany Highway,unknown,Connor Carousel
Cloverdale,retail_apparel_group,Shop G-104 Belmont Forum Shopping Centre 227 Belmont Ave ,unknown,Connor Belmont
Maddington,retail_apparel_group,Shop SP015 Maddington Central CNR Burslem & Arrfield Street,unknown,Connor Maddington
Perth Airport,retail_apparel_group,Shop G036 DFO Perth 11 High Street,unknown,Connor DFO Perth
Armadale,retail_apparel_group,Shop T42 Armadale Shopping City Jull Street,unknown,Connor Armadale
Ellenbrook,retail_apparel_group,Shop G-028 Ellenbrook Central 11 Main Street,unknown,Connor Ellenbrook
Midland,retail_apparel_group,Shop T075 Midland Gate 274 Great Eastern Highway,unknown,Connor Midland
Mandurah,retail_apparel_group,Shop G-105 Mandurah Forum Pinjarra Road,unknown,Rockwear Mandurah
Hillarys,retail_apparel_group,Shop 16A Westfield Whitford City Cnr Whitfords & Marimon Avenues,unknown,Rockwear Whitford
Clarkson,retail_apparel_group,Shop 157 Ocean Keys Shopping Centre 36 Ocean Keys BLVD,unknown,Rockwear Ocean Keys
Success,retail_apparel_group,Shop G-208 Cockburn Gateway Shopping Centre 816 Beeliar Drive,unknown,Rockwear Cockburn
Innaloo,retail_apparel_group,Shop 1106 Westfield Innaloo Oswald St,unknown,Rockwear Innaloo
Joondalup,retail_apparel_group,Shop GD T096 Lakeside Joondalup Shopping City,unknown,Rockwear Joondalup
Cannington,retail_apparel_group,Shop 1023 Westfield Carousel 1382 Albany Highway,unknown,Rockwear Carousel
Perth Airport,retail_apparel_group,Site 5 Airport West Precinct Dunreath Drive,unknown,Rockwear DFO Perth
Vasse,snap_fitness,6 Warrior Court,unknown,Vasse
Fremantle,snap_fitness,22 Queen Street,unknown,Fremantle
Golden Bay,snap_fitness,40 Talisker Bend,unknown,Golden Bay
South Perth,snap_fitness,80 Angelo Street,unknown,South Perth
Mount Hawthorn,snap_fitness,135 Scarborough Beach Rd,unknown,Mt. Hawthorn
Morley,snap_fitness,Shop 2 484 Walter Road East,unknown,Morley
Yanchep,snap_fitness,3 Avon Rd,unknown,Yanchep
Newman,snap_fitness,Shop 9 Parnawarri Retail,unknown,Newman
Banksia Grove,snap_fitness,Banksia Grove Village,unknown,Banksia Grove
Rockingham,snap_fitness,35 Council Avenue,unknown,Rockingham
"Ellenbrook, Perth",snap_fitness,Pinaster Pde & The Promenade,unknown,Ellenbrook
Mt. Lawley,snap_fitness,565-569 Beaufort Street,unknown,Mt. Lawley
Perth,snap_fitness,914 Hay Street,unknown,Perth City
Claremont,snap_fitness,301 Stirling Hwy,unknown,Claremont
"Mirrabooka, Perth",snap_fitness,2/40 Mirrabooka Ave,unknown,Mirrabooka
Redcliffe,snap_fitness,351 Great Eastern Hwy,unknown,Redcliffe WA
Canning Vale,snap_fitness,3/459 Nicholson Road,unknown,Canning Vale
Mandurah,snap_fitness,64 Pinjarra Rd,unknown,Mandurah
Butler,snap_fitness,Unit 6 1 Butler Boulevard,unknown,Butler
West Leederville,snap_fitness,109 Cambridge Street,unknown,West Leederville
"Midland, Perth",snap_fitness,228 Great Eastern Hwy,unknown,Midland
Kalgoorlie,snap_fitness,180 Boulder Rd,unknown,Kalgoorlie
Jandakot,snap_fitness,Tenancy 22 87 Armadale Road,unknown,Success
"Malaga, Perth",snap_fitness,23 Bonner Dr,unknown,Malaga
Geraldton,snap_fitness,16 - 18 Fitzgerald Street,unknown,Geraldton
Perth,snap_fitness,221 Main St,unknown,Osborne Park
Albany,snap_fitness,160 Albany Hwy,unknown,Albany WA
Armadale,snap_fitness,92 Third Road,unknown,Armadale WA
Myaree,snap_fitness,122 North Lake Road,unknown,Myaree
"Gosnells, Perth",snap_fitness,2227 Albany Hwy,unknown,Gosnells
Perth,snap_fitness,81 St. Georges Terrace,unknown,Perth CBD
Bayswater,snap_fitness,497 Guildford Road,unknown,Bayswater
Cannington,snap_fitness,1448 Albany Hwy,unknown,Cannington
Spearwood,snap_fitness,1/218 Rockingham Rd,unknown,Spearwood
Dianella,snap_fitness,137 Walter Road West,unknown,Dianella
East Victoria Park,snap_fitness,921 Albany Highway,unknown,Victoria Park
Joondalup,spotlight,366 Eddystone Avenue Edgewater WA 6027 Australia,unknown,Spotlight Joondalup
Stirling,spotlight,401 Scarborough Beach Road Corner Liege Street Innaloo WA 6018 Australia,unknown,Spotlight Innaloo
Belmont,spotlight,Unit 1 & 2 225 Great Eastern Highway Belmont WA 6104 Australia,unknown,Spotlight Belmont
Swan,spotlight,Tenancy 4 151 The Promenade Ellenbrook WA 6069 Australia,unknown,Spotlight Ellenbrook
Wanneroo,spotlight,Tenancy 2 Butler Blvd & Marimon Avenue Butler WA 6036 Australia,unknown,Spotlight Butler
Busselton,spotlight,115 Strelly Street Cnr Strelly St & Busselton Bypass Busselton WA 6280 Australia,unknown,Spotlight Busselton
Rockingham,spotlight,37 Dixon Road Corner Roger Street Rockingham WA 6168 Australia,unknown,Spotlight Rockingham
Swan,spotlight,Tenancy 5 Building B-1 7 Clayton Street Midland WA 6056 Australia,unknown,Spotlight Midland
Melville,spotlight,276 Leach Highway Booragoon WA 6154 Australia,unknown,Spotlight Melville
Mandurah,spotlight,23 Gordon Road Mandurah North WA 6210 Australia,unknown,Spotlight Mandurah
Geraldton-Greenough,spotlight,208 - 210 North West Coastal Highway Geraldton WA 6530 Australia,unknown,Spotlight Geraldton
City of Cockburn,spotlight,Unit 14 87 Armadale Road Jandakot WA 6164 Australia,unknown,Spotlight Cockburn
Canning,spotlight,22 William Street Beckenham WA 6107 Australia,unknown,Spotlight Cannington
Bunbury,spotlight,Corner Sandridge & Denning Roads Bunbury WA 6230 Australia,unknown,Spotlight Bunbury
Albany,spotlight,160 Albany Highway Albany WA 6330 Australia,unknown,Spotlight Albany
Canning,swarco_e_connect,,unknown,unknown
Morley,thebodyshop,,unknown,Morley
Mandurah,thebodyshop,,unknown,Mandurah
Success  WA,thebodyshop,,unknown,Cockburn
"Midland, W",thebodyshop,,unknown,Midland Gate
"Clarkson,  WA",thebodyshop,,unknown,Ocean Keys
"Perth Cbd,",thebodyshop,,unknown,Perth Murray Street
"Joondalup,",thebodyshop,,unknown,Joondalup
Bunbury,thebodyshop,,unknown,Bunbury Forum
Claremont,thebodyshop,,unknown,Claremont
Rockingham,thebodyshop,,unknown,Rockingham
Cannington,thebodyshop,,unknown,Carousel
Booragoon,thebodyshop,,unknown,Booragoon
Karrinyup,thebodyshop,,unknown,Karrinyup
Hillarys WA,thebodyshop,,unknown,Hillarys Whitford City
unknown,the_groove_train_au,Shop 1/2001 Westfield Carousel Shopping Centre 1382 Albany Highway Cannington WA 6107,unknown,Carousel
Belmont,tommy_hilfiger_au_nz,Shop G004 Perth DFO Dunreath Drive Perth WA 6105,unknown,PERTH DFO
City of Perth,tommy_hilfiger_au_nz,Shop A014 Watertown Brand Outlet 840 Wellington Street West Perth WA 6005,unknown,WATERTOWN BRAND OUTLET
Stirling,tommy_hilfiger_au_nz,Shop SP1204 Karrinyup Shopping Centre 200 Karrinyup Road Karrinyup WA 6018,unknown,KARRINYUP
Rockingham,total_tools_au,,unknown,Total Tools Rockingham
West Osborne Park,total_tools_au,,unknown,Total Tools Osborne Park 
O'Connor,total_tools_au,,unknown,Total Tools O'Connor 
Midland,total_tools_au,,unknown,Total Tools Midland
Mandurah,total_tools_au,,unknown,Total Tools Mandurah
Malaga,total_tools_au,,unknown,Total Tools Malaga
Kewdale,total_tools_au,,unknown,Total Tools Kewdale
Joondalup,total_tools_au,,unknown,Total Tools Joondalup
Canning Vale,total_tools_au,,unknown,Total Tools Canning Vale
Bunbury,total_tools_au,,unknown,Total Tools Bunbury
MARGARET RIVER,visa,,unknown,unknown
DUNSBOROUGH,visa,,unknown,unknown
BUSSELTON,visa,,unknown,unknown
BUNBURY,visa,,unknown,unknown
PEMBERTON,visa,,unknown,unknown
EATON,visa,,unknown,unknown
CARNARVON,visa,,unknown,unknown
MANJIMUP,visa,,unknown,unknown
GERALDTON,visa,,unknown,unknown
BRIDGETOWN,visa,,unknown,unknown
JURIEN BAY,visa,,unknown,unknown
MANDURAH,visa,,unknown,unknown
ROCKINGHAM,visa,,unknown,unknown
WARNBRO,visa,,unknown,unknown
WAIKIKI,visa,,unknown,unknown
COLLIE,visa,,unknown,unknown
FREMANTLE,visa,,unknown,unknown
KWINANA TOWN CENTRE,visa,,unknown,unknown
SPEARWOOD,visa,,unknown,unknown
BICTON,visa,,unknown,unknown
CLAREMONT,visa,,unknown,unknown
CLARKSON,visa,,unknown,unknown
HILLARYS,visa,,unknown,unknown
KARRINYUP,visa,,unknown,unknown
SUCCESS,visa,,unknown,unknown
BOORAGOON,visa,,unknown,unknown
INNALOO,visa,,unknown,unknown
WEMBLEY,visa,,unknown,unknown
BULLCREEK,visa,,unknown,unknown
SUBIACO,visa,,unknown,unknown
JOONDALUP,visa,,unknown,unknown
WARWICK,visa,,unknown,unknown
OSBORNE PARK,visa,,unknown,unknown
SOUTH PERTH,visa,,unknown,unknown
WILLETTON,visa,,unknown,unknown
PERTH,visa,,unknown,unknown
BALCATTA,visa,,unknown,unknown
CANNING VALE,visa,,unknown,unknown
NOLLAMARA,visa,,unknown,unknown
MADELEY,visa,,unknown,unknown
WANNEROO,visa,,unknown,unknown
KARAWARA,visa,,unknown,unknown
MOUNT LAWLEY,visa,,unknown,unknown
RIVERTON,visa,,unknown,unknown
MIRRABOOKA,visa,,unknown,unknown
ALEXANDER HEIGHTS,visa,,unknown,unknown
EAST VICTORIA PARK,visa,,unknown,unknown
BENTLEY,visa,,unknown,unknown
MALAGA,visa,,unknown,unknown
MORLEY,visa,,unknown,unknown
THORNLIE,visa,,unknown,unknown
CANNINGTON,visa,,unknown,unknown
ARMADALE,visa,,unknown,unknown
CLOVERDALE,visa,,unknown,unknown
MADDINGTON,visa,,unknown,unknown
BEECHBORO,visa,,unknown,unknown
GOSNELLS,visa,,unknown,unknown
BASSENDEAN,visa,,unknown,unknown
ELLENBROOK,visa,,unknown,unknown
MIDLAND,visa,,unknown,unknown
KALAMUNDA,visa,,unknown,unknown
SWAN VIEW,visa,,unknown,unknown
DENMARK,visa,,unknown,unknown
MOORA,visa,,unknown,unknown
KOJONUP,visa,,unknown,unknown
MOUNT BARKER,visa,,unknown,unknown
NORTHAM,visa,,unknown,unknown
ALBANY,visa,,unknown,unknown
NARROGIN,visa,,unknown,unknown
KATANNING,visa,,unknown,unknown
MERREDIN,visa,,unknown,unknown
KARRATHA,visa,,unknown,unknown
ESPERANCE,visa,,unknown,unknown
PORT HEDLAND,visa,,unknown,unknown
SOUTH HEDLAND,visa,,unknown,unknown
KALGOORLIE,visa,,unknown,unknown
BOULDER,visa,,unknown,unknown
NEWMAN,visa,,unknown,unknown
BROOME,visa,,unknown,unknown
KUNUNURRA,visa,,unknown,unknown
Hamilton Hill,western_union,,unknown,CRAZY SHAKES & BAKES CAF�
Cloverdale,western_union,,unknown,ALT RESCHOWRANT BELMONT
