City,Place Name,Zipcode,Name
Liverpool,apple,,unknown,Apple Liverpool
Bootle,asda_gb,,unknown,Asda
Liverpool,asda_gb,,unknown,Asda
Wavertree,asda_gb,,unknown,Asda
Birkenhead,asda_gb,,unknown,Asda
Garston,asda_gb,,unknown,Asda
Southport,asda_gb,,unknown,Asda
Ellesmere Port,asda_gb,,unknown,Asda
Bromborough,asda_gb,,unknown,Asda
Wallasey,asda_gb,,unknown,Asda
St Helens,asda_gb,,unknown,Asda
Wirral,bestone_gb,,unknown,"Best-one - Borough Road, Wallasey"
Childwall Valley Road,bhf_gb,,unknown,Belle Vale BHF Charity Shop
St Helens,bhf_gb,,unknown,St Helens BHF Charity Shop
Southport,bhf_gb,,unknown,Southport BHF Charity Shop
Liverpool,bhf_gb,,unknown,Liverpool - Richmond Street BHF Charity Shop
Kirkby,bhf_gb,,unknown,Kirkby BHF Charity Shop
Huyton,bhf_gb,,unknown,Huyton BHF Charity Shop
Formby,bhf_gb,,unknown,Formby BHF Charity Shop
Liverpool,bmw_group,,unknown,Williams Liverpool
Southport,bmw_group,,unknown,Halliwell Jones Southport
Bromborough,burgerking,,unknown,Burger King
Birkenhead,burgerking,,unknown,Burger King
Bootle,burgerking,,unknown,Burger King
St Helens,b_and_m,,unknown,B&M St Helens - Peasley Retail Park (317) Store
Southport,b_and_m,,unknown,B&M Southport - Central 12 Retail Park (785) Store with Garden Centre
Liverpool,b_and_m,,unknown,B&M Liverpool - Stonedale (358) Store
Huyton,b_and_m,,unknown,B&M Huyton (765) Store
Wirral,b_and_m,,unknown,B&M Bromborough - Tebay Retail Park (553) Home Store with Garden Centre
Prescot,b_and_m,,unknown,B&M Prescot - Steley Way (348) Store
Wallasey,b_and_m,,unknown,B&M Wallasey (135) Store
Kirkby,b_and_m,,unknown,B&M Kirkby (104) Store
Birkenhead,b_and_m,,unknown,B&M Birkenhead - The Rock Retail Park (89) Store
Wallasey,carpetright_gb,,unknown,Carpetright
Liverpool,carpetright_gb,,unknown,Carpetright
Birkenhead Eastham,central_england_cooperative,,unknown,unknown
Liverpool,cex,,unknown,Liverpool Central
"Liverpool,",cex,,unknown,Belle Vale
Bootle,cex,,unknown,Bootle
Southport,cex,,unknown,Southport
Birkenhead,cex,,unknown,Birkenhead
Speke,costcutter_gb,,unknown,"Costcutter - Speke Boulevard, Speke"
PrescotWHISTON,costcutter_gb,,unknown,Costcutter
St Helens,dunelm_gb,,unknown,St Helens
Southport,dunelm_gb,,unknown,Southport
Liverpool,dunelm_gb,,unknown,Liverpool Garston
Southport,ember_inns_gb,,unknown,"Crown, Birkdale Birkdale"
Wirral,ember_inns_gb,,unknown,The Three Stags Bebington
Rainhill,ember_inns_gb,,unknown,Ship Inn Rainhill
Liverpool,ember_inns_gb,,unknown,The Richmond Tavern Wavertree
Birkenhead,game_gb,,unknown,GAME Birkenhead
St Helens,game_gb,,unknown,GAME St Helens
Southport,game_gb,,unknown,GAME Southport
Liverpool,game_gb,,unknown,GAME Liverpool
Aintree,game_gb,,unknown,GAME Aintree
Southport,grape_tree_gb,,unknown,Grape Tree Southport
Liverpool,indigo,,unknown,"Main Car Park, Broadgreen Hospital"
Liverpool,j_d_wetherspoon,7 Whitechapel Liverpool Merseyside L1 6DS,unknown,The Welkin
Prescot,j_d_wetherspoon,60–62 Eccleston Street Prescot Merseyside L34 5QL,unknown,The Watch Maker
Liverpool,j_d_wetherspoon,177–187 Walton Road Liverpool Merseyside L4 4AJ,unknown,The Thomas Frost
Southport,j_d_wetherspoon,93–97 Lord Street Southport Merseyside PR8 1RH,unknown,The Sir Henry Segrave
Liverpool,j_d_wetherspoon,,unknown,The Barker’s Brewery
Liverpool,j_d_wetherspoon,72–74 Walton Vale Liverpool Merseyside L9 2BU,unknown,The Raven
Heswall,j_d_wetherspoon,5 The Mount Heswall Merseyside CH60 4RE,unknown,The Prense Well
Newton-le-Willows,j_d_wetherspoon,,unknown,The Nine Arches
Stoneycroft,j_d_wetherspoon,694 Queen’s Drive Stoneycroft Merseyside L13 5UH,unknown,The Navigator
Moreton,j_d_wetherspoon,239–241 Hoylake Road Moreton Merseyside CH46 0SL,unknown,The Mockbeggar Hall
Liverpool,j_d_wetherspoon,Fleet Street/Concert Square Liverpool Merseyside L1 4NR,unknown,The Lime Kiln
Formby,j_d_wetherspoon,41 Three Tuns Lane Formby Merseyside L37 4AQ,unknown,The Lifeboat
St Helens,j_d_wetherspoon,5 Market Street St Helens Merseyside WA10 1NE,unknown,The Glass House
Liverpool,j_d_wetherspoon,St John’s Way Liverpool Merseyside L1 1LS,unknown,The Fall Well
West Kirby,j_d_wetherspoon,44 Grange Road West Kirby Merseyside CH48 4EF,unknown,The Dee Hotel
Wallasey,j_d_wetherspoon,48 Wallasey Road Wallasey Merseyside CH45 4NW,unknown,The Clairville
Liverpool,j_d_wetherspoon,179 Queens Drive Liverpool Merseyside L15 6XS,unknown,The Childwall Fiveways Hotel
Birkenhead,j_d_wetherspoon,39–47 Argyle Street Birkenhead Merseyside CH41 6AB,unknown,The Brass Balance
Hoylake,j_d_wetherspoon,52–54 Market Street Hoylake Merseyside CH47 3BB,unknown,Hoylake Lights
Liverpool,londis_gb,,unknown,Londis Texaco Whiston Service Station
Southport,londis_gb,,unknown,Londis Town Lane
unknown,londis_gb,,unknown,Londis LONDIS - CROW LANE
Wirral,londis_gb,,unknown,Londis PENSBY SERVICE STATION
Lydiate,londis_gb,,unknown,Londis LONDIS SOUTHPORT ROAD
Wirrel,londis_gb,,unknown,Londis Texaco Bebington Service Station
Wallasey,londis_gb,,unknown,Londis Shell Liscard Service Station
Wallasey Village,londis_gb,,unknown,Londis BP Wallasey Village Service Station
South Wirral,londis_gb,,unknown,Londis BP Strawberry Service Station
Southport,marstons_plc,50 Marine Drive Southport Merseyside PR8 1RY,unknown,Guelder Rose
Knowsley,marstons_plc,Coopers Lane Knowsley Merseyside L33 7TT,unknown,Copper Pot
Liverpool,marstons_plc,51-53 Mulberry Street Liverpool Merseyside L7 7EE,unknown,Cambridge Public House
Liverpool,marstons_plc,Childwall Abbey Road Liverpool Merseyside L16 5EY,unknown,Childwall Abbey Hotel
Melling,marstons_plc,Rock Lane Melling Merseyside L31 1EN,unknown,Bootle Arms
Eastham,marstons_plc,Ferry Road Eastham Merseyside CH62 0AU,unknown,Tap
Southport,marstons_plc,53 Zetland Street Southport Merseyside PR9 0RH,unknown,Zetland Hotel
Liverpool,marstons_plc,1 Sugarbrook Drive Liverpool Merseyside L11 2BD,unknown,Vikings Landing
Southport,marstons_plc,290 Scarisbrick New Road Southport Merseyside PR8 5HW,unknown,Old Duke
Rainhill,marstons_plc,Mill Lane Rainhill Prescot Merseyside L35 6NE,unknown,Manor Farm
Liverpool,marstons_plc,33 St Marys Road Garston Liverpool Merseyside L19 2NJ,unknown,Mariners Arms
Liverpool,miller_and_carter_gb,,unknown,Miller & Carter Otterspool Liverpool
Southport,miller_and_carter_gb,,unknown,Miller & Carter Ainsdale Southport
Ellesmere Port,miller_and_carter_gb,,unknown,Miller & Carter Cheshire Ellesmere Port
Liverpool,morrisons_gb,,unknown,Morrisons Daily Liverpool Altway
St Helens,morrisons_gb,,unknown,Morrisons Daily St Helens Four Acre Lane
Southport,morrisons_gb,,unknown,Morrisons Daily Southport Weld Parade
Wallasey,morrisons_gb,,unknown,New Brighton
Kirkby,morrisons_gb,,unknown,Kirkby Petrol Station
The Wirral,morrisons_gb,,unknown,Morrisons Daily Old Hall Services
Newton-le-Willows,morrisons_gb,,unknown,Morrisons Daily Newton Le Willows
Wirral,morrisons_gb,,unknown,Morrisons Daily Meols Station Approach
Ellesmere Port,morrisons_gb,,unknown,Morrisons Daily Great Sutton Gleneagles
Prescot,morrisons_gb,,unknown,Morrisons Daily Prescot 47 Warrington Rd
Birkenhead,morrisons_gb,,unknown,Morrisons Daily Birkenhead Higher Tranmere
Prenton,morrisons_gb,,unknown,Morrisons Daily Birkenhead Holmlands Drive
Liverpool,national_trust_gb,,unknown,The Hardmans' House
Liverpool,nicholsons_pubs_gb,,unknown,The Philharmonic Dining Rooms Liverpool
Aintree,o2_gb,,unknown,O2 Shop Aintree
Cheshire Oaks,pizza_express_gb,Unit 57 McArthurGlen Outlet Centre Cheshire Oaks Merseyside CH65 9JJ,unknown,Cheshire Oaks Designer Outlet
Merseyside,pizza_hut_gb,,unknown,Pizza Hut Liverpool City Centre
Liverpool,premier_gb,,unknown,Premier OLD SWAN
Wirral,premier_gb,,unknown,Premier Irby Road Convenience
Birkenhead,premier_gb,,unknown,Premier Thiru Convenience Stores
Prescot,premier_gb,,unknown,Premier Whiston Express
St Helens,premier_gb,,unknown,Premier Broad Oak
Bootle,premier_gb,,unknown,Premier Granams Croft Store
Bebington,premier_gb,,unknown,Premier TSP Stores
Wallesey,premier_gb,,unknown,Premier Premier Convenience
Newton Le Willows,premier_gb,,unknown,Premier Cheers Convenience Store
Wallasey,premier_gb,,unknown,Premier Julu Stores
Southport,premier_gb,,unknown,Premier Duke Street Superstore
Liverpool,rowlands_pharmacy_gb,,unknown,Rowlands Pharmacy Leeside Avenue
Saint Helens,rowlands_pharmacy_gb,,unknown,Rowlands Pharmacy Leslie Road
Prescot,rowlands_pharmacy_gb,,unknown,Rowlands Pharmacy Prescot
Wallasey,rowlands_pharmacy_gb,,unknown,Rowlands Pharmacy Field Road
Wirral,rowlands_pharmacy_gb,,unknown,Rowlands Pharmacy Bromborough
Birkenhead,rowlands_pharmacy_gb,,unknown,Rowlands Pharmacy Parkfield
Southport,rowlands_pharmacy_gb,,unknown,Rowlands Pharmacy Birkdale
Newton-le-Willows,rowlands_pharmacy_gb,,unknown,Rowlands Pharmacy Newton Le Willows
Warrington,rowlands_pharmacy_gb,,unknown,Rowlands Pharmacy Orford
Speke,rowlands_pharmacy_gb,,unknown,Rowlands Pharmacy Speke Health Centre
Liverpool,screwfix_gb,,unknown,Screwfix Huyton
Moreton,screwfix_gb,,unknown,Screwfix Wallasey - Moreton
St. Helens,screwfix_gb,,unknown,Screwfix St Helens
Southport,screwfix_gb,,unknown,Screwfix Southport
Saint Helens,screwfix_gb,,unknown,Screwfix Haydock
Ellesmere Port,screwfix_gb,,unknown,Screwfix Ellesmere Port
Bromborough,screwfix_gb,,unknown,Screwfix Bromborough
Bootle,screwfix_gb,,unknown,Screwfix Bootle
Birkenhead,screwfix_gb,,unknown,Screwfix Birkenhead
"Wirral, Merseyside",shell,,unknown,SHELL GAYTON
NESTON,shell,,unknown,SHELL LITTLE WAITROSE HINDERTON
WIRRAL,shell,,unknown,SHELL CARLETT
Birkenhead,shell,,unknown,SHELL WIRRAL WAY
BIRKENHEAD,shell,,unknown,EG LAIRDS SERVICE STATION
MORETON,shell,,unknown,EG MORETON SERVICE STATION
WALLASEY,shell,,unknown,MFG LISCARD
LIVERPOOL,shell,,unknown,EG COOPERS LANE SERVICES
Chester,shell,,unknown,EG ELLESMERE PORT SERVICE STATION
ELLESMERE PORT,shell,,unknown,SHELL MERSEY VIEW
Liverpool,shell,,unknown,EG RAINHILL SERVICE STATION
SEFTON,shell,,unknown,EG LINACRE LANE SERVICE STATION
Merseyside,shell,,unknown,SHELL FAZAKERLEY
"HUYTON, LIVERPOOL",shell,,unknown,EG EARLSFIELD SERVICES
"MAGHULL, LIVERPOOL,",shell,,unknown,EG OLD MEADOW
MAGHULL,shell,,unknown,SHELL MAGHULL
Southport,shell,,unknown,PARK RELIANCE SERVICE STATION
SOUTHPORT,shell,,unknown,GEM ROE LANE
NEWTON-LE-WILLOWS,shell,,unknown,SHELL HAYDOCK ISLAND
unknown,shoezone_gb,,unknown,Shoe Zone
Liverpool,sig_roofing_gb,Unit E Charnock Road,unknown,SIG Roofing Liverpool
Wirral,specsavers,,unknown,"Allport Surgery, Bromborough"
Birkenhead,specsavers,,unknown,"Sunlight Group Practice, New Ferry"
West Kirby,specsavers,,unknown,"Marine Lake Medical Practice, West Kirby"
Bootle,stonehouse_gb,,unknown,Mons Bootle
Liverpool,stonehouse_gb,,unknown,The Britannia Inn Liverpool
St. Helens,the_cooperative_group,,unknown,"Co-op Funeralcare, St. Helens"
Wirral,the_cooperative_group,,unknown,"Co-op Funeralcare, Heswall"
Southport,the_cooperative_group,,unknown,Brookfields Funeralcare
Liverpool,the_cooperative_group,,unknown,"Co-op Funeralcare, Garston"
Wallasey,the_cooperative_group,,unknown,Wallasey Funeralcare
Birkenhead,the_cooperative_group,,unknown,"Co-op Funeralcare, Oxton"
St Helens,the_cooperative_group,,unknown,"The Co-operative Food, Rainford"
Prescot,the_cooperative_group,,unknown,"Co-op Funeralcare, Prescot"
Prenton,the_cooperative_group,,unknown,"The Co-operative Food, Birkenhead - Upton Road"
Wigan,the_cooperative_group,,unknown,"The Co-operative Food, Billinge"
Formby,the_cooperative_group,,unknown,Formby Funeralcare
Newton-Le-Willows,the_cooperative_group,,unknown,"Co-op Funeralcare, Newton-Le-Willows"
Aintree,the_range,,unknown,The Range: Aintree
St Helens,the_range,,unknown,The Range: St Helens
Southport,the_range,,unknown,The Range: Southport
Prescot,the_range,,unknown,The Range: Prescot
Liverpool,the_range,,unknown,The Range: Edge Lane
Liverpool,timpson_gb,,unknown,"Sefton Park, Asda"
Wallasey,timpson_gb,,unknown,"New Brighton, Morrisons"
Birkenhead,timpson_gb,,unknown,"Bidston Moss, Tesco Extra"
Liverpool,toby_carvery_gb,,unknown,Toby Carvery Aigburth Liverpool
St. Helens,toby_carvery_gb,,unknown,Toby Carvery Waterside St. Helens
Wirral,toby_carvery_gb,,unknown,Toby Carvery Arrowe  Wirral
Aintree,vets4pets_gb,,unknown,Aintree Vets4Pets
Southport,vets4pets_gb,,unknown,Southport Vets4Pets
St Helens,vets4pets_gb,,unknown,St Helens Vets4Pets
Birkenhead,vets4pets_gb,,unknown,Prenton Vets4Pets
Liverpool,vets4pets_gb,,unknown,Walton Vale Vets4Pets
WALSALL,visa,,unknown,unknown
ELLESMERE PORT,visa,,unknown,unknown
WIRRAL,visa,,unknown,unknown
"EASTHAM RAKE, THE WIRRAL",visa,,unknown,unknown
EASTHAM,visa,,unknown,unknown
"HESWALL, WIRRAL",visa,,unknown,unknown
HESWALL,visa,,unknown,unknown
GARSTON,visa,,unknown,unknown
LIVERPOOL,visa,,unknown,unknown
BIRKENHEAD,visa,,unknown,unknown
"WOOLTON, LIVERPOOL",visa,,unknown,unknown
TRANMERE,visa,,unknown,unknown
WEST KIRBY,visa,,unknown,unknown
CHARING CROSS,visa,,unknown,unknown
WAVERTREE,visa,,unknown,unknown
PRESCOT,visa,,unknown,unknown
MORETON,visa,,unknown,unknown
WALLASEY,visa,,unknown,unknown
STONEYCROFT,visa,,unknown,unknown
ST HELENS,visa,,unknown,unknown
EARLESTOWN,visa,,unknown,unknown
NEWTON-LE-WILLOWS,visa,,unknown,unknown
BOOTLE,visa,,unknown,unknown
HAYDOCK,visa,,unknown,unknown
AINTREE,visa,,unknown,unknown
ST HELEN'S,visa,,unknown,unknown
FAZAKERLEY,visa,,unknown,unknown
LITHERLAND,visa,,unknown,unknown
CROSBY,visa,,unknown,unknown
SOUTHPORT,visa,,unknown,unknown
HESKETH,visa,,unknown,unknown
Liverpool,voyagecare,Sanderling House,unknown,Sanderling House
Liverpool,voyagecare,Tate Lodge,unknown,Tate Lodge
Liverpool,voyagecare,Walker Lodge,unknown,Walker Lodge
St Helens,well_gb,,unknown,Well Pharmacy
Liverpool,well_gb,,unknown,Well Pharmacy
Huyton,well_gb,,unknown,Well Pharmacy
Rainford,well_gb,,unknown,Well Pharmacy
Newton Le Willows,western_union,,unknown,HIGH STREET POST OFFICE
St Helens,western_union,,unknown,SUTTON OAK POST OFFICE
Liverpool,western_union,,unknown,RAMSDENS WHITECHAPEL LIVERPOOL
Wirral,western_union,,unknown,HOYLAKE POST OFFICE
St  Helens,western_union,,unknown,RYMAN ST HELENS
Prescot,western_union,,unknown,PRESCOT POST OFFICE
Childwall,western_union,,unknown,H AND T PAWNBROKERS BELLE VALE
Huyton,western_union,,unknown,H AND T PAWNBROKERS HUYTON
Birkenhead,western_union,,unknown,BIRKENHEAD HAMILTON SQ. POST OFFICE
Bootle,western_union,,unknown,RAMSDENS BOOTLE
Wallasey,western_union,,unknown,RAMSDENS LISCARD WAY
Prenton,western_union,,unknown,OXTON VILLAGE POST OFFICE
Kirkby,western_union,,unknown,H AND T PAWNBROKERS KIRKBY
Southport,western_union,,unknown,RYMAN SOUTHPORT
Norris Green,western_union,,unknown,RAMSDENS LIVERPOOL NORRIS GREEN
Southport,whsmith,,unknown,"WHSmith, Chapel Street, Southport"
St Helens,whsmith,,unknown,"WHSmith, St Helens Hospital"
Prescot,whsmith,,unknown,"WHSmith, Whiston Hospital, Prescot"
Liverpool,whsmith,,unknown,"WHSmith, New Mersey Retail Park, Liverpool"
Heswall,whsmith,,unknown,"WHSmith, Telegraph Road, Wirral"
Bootle,wolseley_gb,,unknown,Bootle
Liverpool,wolseley_gb,,unknown,Walton
St Helens,wrenkitchens_gb,,unknown,St Helens showroom
Liverpool,wrenkitchens_gb,,unknown,Liverpool showroom
