City,Place Name,Zipcode,Name
Salles,aldi_nord_fr,,unknown,ALDI Salles
Parthenay,aldi_nord_fr,,unknown,ALDI Parthenay
Le Bouscat,aldi_nord_fr,,unknown,ALDI Le Bouscat
Orthez,aldi_nord_fr,,unknown,ALDI Orthez
Tonnay-Charente,aldi_nord_fr,,unknown,ALDI Tonnay-Charente
Saint-Benoît,aldi_nord_fr,,unknown,ALDI Saint-Benoît
Blaye,aldi_nord_fr,,unknown,ALDI Blaye
Puilboreau,aldi_nord_fr,,unknown,ALDI Puilboreau
Vivonne,aldi_nord_fr,,unknown,ALDI Vivonne
Boucau,aldi_nord_fr,,unknown,ALDI Boucau
Biganos,aldi_nord_fr,,unknown,ALDI Biganos
Saint-Junien,aldi_nord_fr,,unknown,ALDI Saint-Junien
Couzeix,aldi_nord_fr,,unknown,ALDI Couzeix
Bergerac,aldi_nord_fr,,unknown,ALDI Bergerac
Mérignac,aldi_nord_fr,,unknown,ALDI Mérignac
Angoulins,aldi_nord_fr,,unknown,ALDI Angoulins
Eysines,aldi_nord_fr,,unknown,ALDI Eysines
Bordeaux,aldi_nord_fr,,unknown,ALDI Bordeaux
Le Passage,aldi_nord_fr,,unknown,ALDI Le Passage
Nérac,aldi_nord_fr,,unknown,ALDI Nérac
Saint-André-de-Cubzac,aldi_nord_fr,,unknown,ALDI Saint-André-de-Cubzac
Bayonne,aldi_nord_fr,,unknown,ALDI Bayonne
Terrasson-Lavilledieu,aldi_nord_fr,,unknown,ALDI Terrasson Lavilledieu
Castelculier,aldi_nord_fr,,unknown,ALDI Castelculier
Niort,aldi_nord_fr,,unknown,ALDI Niort
Boé,aldi_nord_fr,,unknown,ALDI Boé
Sarlat-la-Canéda,aldi_nord_fr,,unknown,ALDI Sarlat-la-Canéda
Soumoulou,aldi_nord_fr,,unknown,ALDI Soumoulou
Vendays-Montalivet,aldi_nord_fr,,unknown,ALDI Vendays-Montalivet
Malemort,aldi_nord_fr,,unknown,ALDI Malemort
Créon,aldi_nord_fr,,unknown,ALDI Créon
Saint-Ciers-sur-Gironde,aldi_nord_fr,,unknown,ALDI Saint-Ciers-sur-Gironde
Bouliac,aldi_nord_fr,,unknown,ALDI Bouliac
Cadaujac,aldi_nord_fr,,unknown,ALDI Cadaujac
Audenge,aldi_nord_fr,,unknown,ALDI Audenge
Rochefort,aldi_nord_fr,,unknown,ALDI Rochefort
Beguey,aldi_nord_fr,,unknown,ALDI Beguey
Excideuil,aldi_nord_fr,,unknown,ALDI Excideuil
Lescar,aldi_nord_fr,,unknown,ALDI Lescar
Lagord,aldi_nord_fr,,unknown,ALDI Lagord
Mourenx,aldi_nord_fr,,unknown,ALDI Mourenx
Saint-Léonard-de-Noblat,aldi_nord_fr,,unknown,ALDI Saint-Léonard-de-Noblat
Argentat-sur-Dordogne,aldi_nord_fr,,unknown,ALDI Argentat-sur-Dordogne
Mimizan,aldi_nord_fr,,unknown,ALDI Mimizan
Loudun,aldi_nord_fr,,unknown,ALDI Loudun
Le Barp,aldi_nord_fr,,unknown,ALDI Le Barp
Rochechouart,aldi_nord_fr,,unknown,ALDI Rochechouart
La Teste-de-Buch,aldi_nord_fr,,unknown,ALDI La Teste-de-Buch
Bénesse-Maremne,aldi_nord_fr,,unknown,ALDI Bénesse-Maremne
Arvert,aldi_nord_fr,,unknown,ALDI Arvert
Libourne,aldi_nord_fr,,unknown,ALDI Libourne
Montmorillon,aldi_nord_fr,,unknown,ALDI Montmorillon
Royan,aldi_nord_fr,,unknown,ALDI Royan
Mirebeau,aldi_nord_fr,,unknown,ALDI Mirebeau
Panazol,aldi_nord_fr,,unknown,ALDI Panazol
Sainte-Feyre,aldi_nord_fr,,unknown,ALDI Sainte-Feyre
Villeneuve-sur-Lot,aldi_nord_fr,,unknown,ALDI Villeneuve-sur-Lot
Cavignac,aldi_nord_fr,,unknown,ALDI Cavignac
Saint-Pierre-du-Mont,aldi_nord_fr,,unknown,ALDI Saint-Pierre-du-Mont
Pessac,aldi_nord_fr,,unknown,ALDI Pessac
Mansle,aldi_nord_fr,,unknown,ALDI Mansle
Limoges,aldi_nord_fr,,unknown,ALDI Limoges
Le Bugue,aldi_nord_fr,,unknown,ALDI Le Bugue
Gradignan,aldi_nord_fr,,unknown,ALDI Gradignan
La Souterraine,aldi_nord_fr,,unknown,ALDI La Souterraine
Mont-de-Marsan,aldi_nord_fr,,unknown,ALDI Mont-de-Marsan
Bessines-sur-Gartempe,aldi_nord_fr,,unknown,ALDI Bessines-sur-Gartempe
Anglet,aldi_nord_fr,,unknown,ALDI Anglet
Champniers,aldi_nord_fr,,unknown,ALDI Champniers
Brantôme en Périgord,aldi_nord_fr,,unknown,ALDI Brantôme en Périgord
Miramont-de-Guyenne,aldi_nord_fr,,unknown,ALDI Miramont-de-Guyenne
Saujon,aldi_nord_fr,,unknown,ALDI Saujon
Pons,aldi_nord_fr,,unknown,ALDI Pons
Sainte-Eulalie,aldi_nord_fr,,unknown,ALDI Sainte-Eulalie
Bassens,aldi_nord_fr,,unknown,ALDI Bassens
Soyaux,aldi_nord_fr,,unknown,ALDI Soyaux
Bourganeuf,aldi_nord_fr,,unknown,ALDI Bourganeuf
Lormont,aldi_nord_fr,,unknown,ALDI Lormont
Saint-Jean-de-Thouars,aldi_nord_fr,,unknown,ALDI Saint-Jean-de-Thouars
Surgères,aldi_nord_fr,,unknown,ALDI Surgères
Brive-la-Gaillarde,aldi_nord_fr,,unknown,ALDI Brive-la-Gaillarde
Langon,aldi_nord_fr,,unknown,ALDI Langon
La Roche-Chalais,aldi_nord_fr,,unknown,ALDI La Roche-Chalais
Saint-Paul-lès-Dax,aldi_nord_fr,,unknown,ALDI Saint-Paul-lès-Dax
Villetoureix,aldi_nord_fr,,unknown,ALDI Villetoureix
Cissac-Médoc,aldi_nord_fr,,unknown,ALDI Cissac-Médoc
Angoulême,aldi_nord_fr,,unknown,ALDI Angoulême
Portets,aldi_nord_fr,,unknown,ALDI Portets
Marans,aldi_nord_fr,,unknown,ALDI Marans
Ousse,aldi_nord_fr,,unknown,ALDI Ousse
Boulazac Isle Manoire,aldi_nord_fr,,unknown,ALDI Boulazac Isle Manoire
Melle,aldi_nord_fr,,unknown,ALDI Melle
Izon,aldi_nord_fr,,unknown,ALDI Izon
Chasseneuil-du-Poitou,aldi_nord_fr,,unknown,ALDI Chasseneuil-du-Poitou
Marmande,aldi_nord_fr,,unknown,ALDI Marmande
Savigne,aldi_nord_fr,,unknown,ALDI Savigne
Le Vigen,aldi_nord_fr,,unknown,ALDI Le Vigen
Parentis-en-Born,aldi_nord_fr,,unknown,ALDI Parentis-en-Born
Pont-l'Abbé-d'Arnoult,aldi_nord_fr,,unknown,ALDI Pont-l'Abbé-d'Arnoult
Châteaubernard,aldi_nord_fr,,unknown,ALDI Châteaubernard
Saint-Médard-en-Jalles,aldi_nord_fr,,unknown,ALDI Saint-Médard-en-Jalles
Pau,aldi_nord_fr,,unknown,ALDI Pau
Saint-Palais,aldi_nord_fr,,unknown,ALDI Saint-Palais
Saint-Seurin-sur-l'Isle,aldi_nord_fr,,unknown,ALDI Saint-Seurin-sur-l'Isle
Villenave-d'Ornon,aldi_nord_fr,,unknown,ALDI Villenave-d'Ornon
Bidos,aldi_nord_fr,,unknown,ALDI Bidos
Cestas,aldi_nord_fr,,unknown,ALDI Cestas
Châtellerault,aldi_nord_fr,,unknown,ALDI Châtellerault
Sainte-Livrade-sur-Lot,aldi_nord_fr,,unknown,ALDI Sainte-Livrade-sur-Lot
Hourtin,aldi_nord_fr,,unknown,ALDI Hourtin
Coutras,aldi_nord_fr,,unknown,ALDI Coutras
Saugnac-et-Cambran,aldi_nord_fr,,unknown,ALDI Saugnac Et Cambran
Bort-les-Orgues,aldi_nord_fr,,unknown,ALDI Bort-les-Orgues
Saint-Pierre-d'Oléron,aldi_nord_fr,,unknown,ALDI Saint-Pierre-d'Oléron
Coulounieix-Chamiers,aldi_nord_fr,,unknown,ALDI Coulounieix-Chamiers
Saint-Yrieix-la-Perche,aldi_nord_fr,,unknown,ALDI Saint Yrieix La Perche
Montbron,aldi_nord_fr,,unknown,ALDI Montbron
Biscarrosse,grand_optical,,unknown,Opticien BISCARROSSE Générale d'Optique
Anglet,grand_optical,,unknown,Opticien BIARRITZ ANGLET Générale d'Optique
Angoulins,grand_optical,,unknown,Opticien ANGOULINS Générale d'Optique
Marmande,grand_optical,,unknown,Opticien MARMANDE Générale d'Optique
Marsac-sur-l'Isle,grand_optical,,unknown,Opticien PERIGUEUX MARSAC Générale d'Optique
Bègles,grand_optical,,unknown,Opticien BEGLES Générale d'Optique
Bessines,grand_optical,,unknown,Opticien BESSINES Générale d'Optique
Bergerac,grand_optical,,unknown,Opticien BERGERAC Générale d'Optique
Mérignac,grand_optical,,unknown,Opticien et audioprothésiste MERIGNAC Générale d'Optique
Poitiers,grand_optical,,unknown,Opticien Poitiers GrandOptical
Bias,grand_optical,,unknown,Opticien VILLENEUVE SUR LOT Générale d'Optique
Boé,grand_optical,,unknown,Opticien AGEN BOE Générale d'Optique
Bordeaux,grand_optical,,unknown,Opticien Bordeaux Intendance GrandOptical
Boulazac Isle Manoire,grand_optical,,unknown,Opticien BOULAZAC Générale d'Optique
Bressuire,grand_optical,,unknown,Opticien BRESSUIRE Générale d'Optique
Montayral,grand_optical,,unknown,Opticien MONTAYRAL Générale d'Optique
Brive-la-Gaillarde,grand_optical,,unknown,Opticien BRIVE Générale d'Optique
Puilboreau,grand_optical,,unknown,Opticien Puilboreau GrandOptical
Cestas,grand_optical,,unknown,Opticien CESTAS Générale d'Optique
Pau,grand_optical,,unknown,Opticien PAU 2 Générale d'Optique
Castelculier,grand_optical,,unknown,Opticien AGEN CASTELCULIER Générale d'Optique
Chasseneuil-du-Poitou,grand_optical,,unknown,Opticien POITIERS CHASSENEUIL Générale d'Optique
Niort,grand_optical,,unknown,Opticien Niort GrandOptical
Rivières,grand_optical,,unknown,Opticien LA ROCHEFOUCAULD Générale d'Optique
Châteaubernard,grand_optical,,unknown,Opticien COGNAC CHATEAUBERNARD Générale d'Optique
Jonzac,grand_optical,,unknown,Opticien JONZAC Générale d'Optique
Rochefort,grand_optical,,unknown,Opticien ROCHEFORT LECLERC Générale d'Optique
La Couronne,grand_optical,,unknown,Opticien ANGOULEME LA COURONNE Générale d'Optique
Orthez,grand_optical,,unknown,Opticien ORTHEZ Générale d'Optique
Royan,grand_optical,,unknown,Opticien Royan GrandOptical
Parthenay,grand_optical,,unknown,Opticien PARTHENAY Générale d'Optique
Saintes,grand_optical,,unknown,Opticien SAINTES Générale d'Optique
Soyaux,grand_optical,,unknown,Opticien ANGOULEME SOYAUX Générale d'Optique
Cars,grand_optical,,unknown,Opticien Blaye Générale d'Optique
Saint-André-de-Cubzac,grand_optical,,unknown,Opticien SAINT ANDRE DE CUBZAC Générale d'Optique
Lons,grand_optical,,unknown,Opticien PAU LESCAR Générale d'Optique
Libourne,grand_optical,,unknown,Opticien LIBOURNE Générale d'Optique
Limoges,grand_optical,,unknown,Opticien LIMOGES ST MARTIAL Générale d'Optique
Dax,grand_optical,,unknown,Opticien DAX Générale d'Optique
Lormont,grand_optical,,unknown,Opticien BORDEAUX LORMONT Générale d'Optique
Boisseuil,grand_optical,,unknown,Opticien Limoges Boisseuil GrandOptical
Châtellerault,grand_optical,,unknown,Opticien CHATELLERAULT Générale d'Optique
Langon,grand_optical,,unknown,Opticien Langon Générale d'Optique
Le Pian-Médoc,grand_optical,,unknown,Opticien Le Pian En Medoc Générale d'Optique
Saint-Junien,grand_optical,,unknown,Opticien SAINT JUNIEN Générale d'Optique
Malemort-sur-Corrèze,grand_optical,,unknown,Opticien MALEMORT SUR CORREZE Générale d'Optique
Marennes-Hiers-Brouage,grand_optical,,unknown,Opticien MARENNES Générale d'Optique
Bouliac,grand_optical,,unknown,Opticien BOULIAC Générale d'Optique
Saint-Pierre-du-Mont,grand_optical,,unknown,Opticien MONT DE MARSAN Générale d'Optique
Saint-Vincent-de-Tyrosse,grand_optical,,unknown,Opticien SAINT VINCENT DE TYROSSE Générale d'Optique
Sainte-Verge,grand_optical,,unknown,Opticien THOUARS Générale d'Optique
Sarlat-la-Canéda,grand_optical,,unknown,Opticien Sarlat La Canéda Générale d'Optique
Saint-Médard-en-Jalles,grand_optical,,unknown,Opticien Saint Médard Générale d'Optique
Sainte-Eulalie,grand_optical,,unknown,Opticien Sainte Eulalie Générale d'Optique
Aire-sur-l'Adour,grand_optical,,unknown,Opticien AIRE SUR L'ADOUR Générale d'Optique
La Teste-de-Buch,grand_optical,,unknown,Opticien LA TESTE DE BUCH Générale d'Optique
Saint-Jean-d'Angély,grand_optical,,unknown,Opticien SAINT JEAN D'ANGELY Générale d'Optique
Tulle,grand_optical,,unknown,Opticien TULLE Générale d'Optique
Labenne,grand_optical,,unknown,Opticien LABENNE Générale d'Optique
Oloron-Sainte-Marie,grand_optical,,unknown,Opticien OLORON SAINTE MARIE Générale d'Optique
Tonnay-Charente,grand_optical,,unknown,Opticien TONNAY CHARENTE Générale d'Optique
Jardres,grand_optical,,unknown,Opticien Jardres Générale d'Optique
Surgères,grand_optical,,unknown,Opticien SURGERES Générale d'Optique
Angoulême,grand_optical,,unknown,Opticien Angouleme GrandOptical
La Rochelle,grand_optical,,unknown,Opticien La Rochelle GrandOptical
Cognac,grand_optical,,unknown,Opticien Cognac GrandOptical
Foulayronnes,grand_optical,,unknown,Opticien AGEN FOULAYRONNES GrandOptical
Angoulins,korian_fr,,unknown,Korian Le Môle d'Angoulins
Ars-en-Ré,korian_fr,,unknown,Korian Côte Sauvage
Belin-Béliet,korian_fr,,unknown,Korian Le Chalet
Benon,korian_fr,,unknown,Korian Les Ajoncs
Bordeaux,korian_fr,,unknown,Korian Villa Louisa
Cestas,korian_fr,,unknown,Korian Chantefontaine
Chasseneuil-du-Poitou,korian_fr,,unknown,Korian Clairière aux Chênes
Coulon,korian_fr,,unknown,Korian Home de l'Ébaupin
Duras,korian_fr,,unknown,Korian Bellevue
Épargnes,korian_fr,,unknown,Korian Les Jardins d'Epargnes
Gradignan,korian_fr,,unknown,Korian Villa Gabriel
Issigeac,korian_fr,,unknown,Korian Yvan Roque
Lagord,korian_fr,,unknown,Korian Le Rayon d'Or
La Teste-de-Buch,korian_fr,,unknown,Korian Les Roses du Bassin
Layrac,korian_fr,,unknown,Korian Maison Saint Martin
Les Trois-Moutiers,korian_fr,,unknown,Korian Les Trois Chemins
Niort,korian_fr,,unknown,Korian La Venise Verte
Notre-Dame-de-Sanilhac,korian_fr,,unknown,Korian Villa des Cébrades
Poitiers,korian_fr,,unknown,Korian Agapanthe
Pons,korian_fr,,unknown,Korian Marie d'Albret
Prayssas,korian_fr,,unknown,Korian Le Hameau
Rochefort,korian_fr,,unknown,Korian Les Bégonias
Royan,korian_fr,,unknown,Korian Les Issambres
Sainte-Bazeille,korian_fr,,unknown,Korian Fontaine Bazeille
Saint-Georges-de-Didonne,korian_fr,,unknown,Korian Les Parasols
Saint-Saturnin-du-Bois,korian_fr,,unknown,Korian Bois Long
Sauveterre-de-Guyenne,korian_fr,,unknown,Korian Entre Deux Mers
Soyaux,korian_fr,,unknown,Korian La Croix du Maréchal
Talence,korian_fr,,unknown,Korian Villa Bontemps
Trélissac,korian_fr,,unknown,Korian Les Bords de l'Isle
Trois-Palis,korian_fr,,unknown,Korian Les Alins du Maréchal
Vergt,korian_fr,,unknown,Korian Maison du Pays de Vergt
Merignac,lovisa,,unknown,Lovisa
Nouvelle-Aquitaine,lovisa,,unknown,Lovisa
LESCAR,mercedes_benz,,unknown,JAMBOREE
LIMOGES,mercedes_benz,,unknown,LG LIMOGES AUTOMOBILES
SAINT-JEAN-D'ANGELY,mercedes_benz,,unknown,TECHSTAR OUEST BY AUTOSPHERE
ANGLET,mercedes_benz,,unknown,SOCIETE BASCO LANDAISE DE VEHICULES
POITIERS,mercedes_benz,,unknown,SAGA POITIERS
BRIVE-LA-GAILLARDE,mercedes_benz,,unknown,SAS LG BRIVE AUTOMOBILES
BERGERAC,mercedes_benz,,unknown,VERROUIL
LOUZY,mercedes_benz,,unknown,SAGA ANGERS
PUILBOREAU,mercedes_benz,,unknown,TECHSTAR OUEST BY AUTOSPHERE
SAINT-AVIT,mercedes_benz,,unknown,STE PYRENEENNE DE VEHICULES INDUSTRIELS
L'ISLE-D'ESPAGNAC,mercedes_benz,,unknown,ETOILE 16
CHAMPNIERS,mercedes_benz,,unknown,SAS LG ANGOULEME AUTOMOBILES
TRELISSAC,mercedes_benz,,unknown,SAS LG PERIGUEUX AUTOMOBILES
ROYAN,mercedes_benz,,unknown,SAS LG ROYAN AUTOMOBILES
CHATEAUBERNARD,mercedes_benz,,unknown,SAS LG COGNAC AUTOMOBILES
SAINT-VINCENT DE PAUL,mercedes_benz,,unknown,SOCIETE BASCO LANDAISE DE VEHICULES
LA TESTE DE BUCH,mercedes_benz,,unknown,ETOILE 33
URRUGNE,mercedes_benz,,unknown,SOCIETE BASCO LANDAISE DE VEHICULES
SAINTE-BAZEILLE,mercedes_benz,,unknown,HAMECHER AGEN
LE PASSAGE D'AGEN,mercedes_benz,,unknown,HAMECHER AGEN
BEGLES,mercedes_benz,,unknown,ETOILE 33
MERIGNAC,mercedes_benz,,unknown,ETOILE 33
BONNAC-LA-CÔTE,mercedes_benz,,unknown,ETOILE 87
CHAURAY,mercedes_benz,,unknown,TECHSTAR OUEST BY AUTOSPHERE
BRUGES,mercedes_benz,,unknown,SAMI AQUITAINE
LAGORD,mercedes_benz,,unknown,TECHSTAR OUEST BY AUTOSPHERE
BOULAZAC-ISLE-MANOIRE,mercedes_benz,,unknown,ETOILE 24 SAS
SERRES-CASTET,mercedes_benz,,unknown,STE PYRENEENNE DE VEHICULES INDUSTRIELS
BAYONNE,mercedes_benz,,unknown,STE PYRENEENNE DE VEHICULES INDUSTRIELS
LES BILLAUX,mercedes_benz,,unknown,SAMI AQUITAINE
TRESSES,mercedes_benz,,unknown,SAMI AQUITAINE
BRESSUIRE,mercedes_benz,,unknown,ZIEGLER SERVICES
Bayonne,nike,,unknown,Nike Factory Store Bayonne
Angoulème,ricoh_europe,,unknown,Agence Angoulème
Angoulins,ricoh_europe,,unknown,Agence Angoulins
Limoges,ricoh_europe,,unknown,Agence Limoges
Mérignac,ricoh_europe,,unknown,Agency Mérignac
LIMOGES,smart,,unknown,LG LIMOGES AUTOMOBILES
LESCAR,smart,,unknown,JAMBOREE
Angouleme,vans,,unknown,Vans Angouleme
Biarritz,vans,,unknown,Vans Biarritz
Begles,vans,,unknown,Vans Begles
LOUDENVIELLE,visa,,unknown,unknown
SAINT LARY SOULAN,visa,,unknown,unknown
LUZ SAINT SAUVEUR,visa,,unknown,unknown
GOURETTE,visa,,unknown,unknown
PIERREFITTE,visa,,unknown,unknown
SARRANCOLIN,visa,,unknown,unknown
LARUNS,visa,,unknown,unknown
ARGELES GAZOST,visa,,unknown,unknown
LOURES BAROUSSE,visa,,unknown,unknown
BAGNERES DE BIGORRE,visa,,unknown,unknown
POUZAC,visa,,unknown,unknown
LABARTHE DE NESTE,visa,,unknown,unknown
LOURDES CENTRE,visa,,unknown,unknown
ARETTE,visa,,unknown,unknown
ARUDY,visa,,unknown,unknown
TARDETS,visa,,unknown,unknown
SAINT JEAN PIED DE PORT,visa,,unknown,unknown
NAY,visa,,unknown,unknown
ISPOURE,visa,,unknown,unknown
TOURNAY,visa,,unknown,unknown
BENEJACQ,visa,,unknown,unknown
PONTACQ,visa,,unknown,unknown
OLORON,visa,,unknown,unknown
OLORON ST MARIE,visa,,unknown,unknown
MAULEON,visa,,unknown,unknown
TARBES,visa,,unknown,unknown
SEMEAC,visa,,unknown,unknown
GAN,visa,,unknown,unknown
BORDES,visa,,unknown,unknown
AUREILHAN,visa,,unknown,unknown
SOUMOULOU,visa,,unknown,unknown
PAU,visa,,unknown,unknown
IDRON,visa,,unknown,unknown
CASTELNAU MAGNOAC,visa,,unknown,unknown
BILLERE,visa,,unknown,unknown
LESCAR,visa,,unknown,unknown
LONS,visa,,unknown,unknown
TRIE SUR BAISE,visa,,unknown,unknown
MONEIN,visa,,unknown,unknown
SUSMIOU,visa,,unknown,unknown
NAVARRENX,visa,,unknown,unknown
SAINT PALAIS,visa,,unknown,unknown
MORLAAS,visa,,unknown,unknown
ESPELETTE,visa,,unknown,unknown
MONTARDON,visa,,unknown,unknown
URRUGNE,visa,,unknown,unknown
MOURENX,visa,,unknown,unknown
SAINT PEE SUR NIVELLE,visa,,unknown,unknown
CAMBO LES BAINS,visa,,unknown,unknown
VIC EN BIGORRE,visa,,unknown,unknown
HENDAYE,visa,,unknown,unknown
HASPARREN,visa,,unknown,unknown
URRUGNE KECHILOA,visa,,unknown,unknown
VILLECOMTAL,visa,,unknown,unknown
ARTIX,visa,,unknown,unknown
CIBOURE,visa,,unknown,unknown
SAUVETERRE,visa,,unknown,unknown
SAINT JEAN DE LUZ,visa,,unknown,unknown
USTARITZ,visa,,unknown,unknown
ST JEAN DE LUZ,visa,,unknown,unknown
SAINT LARY,visa,,unknown,unknown
MIELAN,visa,,unknown,unknown
MASSEUBE,visa,,unknown,unknown
LEMBEYE,visa,,unknown,unknown
MOULINS,visa,,unknown,unknown
ARTHEZ DE BEARN,visa,,unknown,unknown
BIDART,visa,,unknown,unknown
SALIES DE BEARN,visa,,unknown,unknown
BIARRITZ,visa,,unknown,unknown
ORTHEZ,visa,,unknown,unknown
BIDACHE,visa,,unknown,unknown
SEISSAN,visa,,unknown,unknown
SAINT PIERRE IRUBE,visa,,unknown,unknown
ANGLET,visa,,unknown,unknown
SAMATAN,visa,,unknown,unknown
SAINT PIERRE D'IRUBE,visa,,unknown,unknown
BAYONNE,visa,,unknown,unknown
URCUIT,visa,,unknown,unknown
URT,visa,,unknown,unknown
MARCIAC,visa,,unknown,unknown
SARAMON,visa,,unknown,unknown
PUYOO,visa,,unknown,unknown
ARZACQ,visa,,unknown,unknown
TARNOS,visa,,unknown,unknown
LE BOUCAU,visa,,unknown,unknown
ST MARTIN DE SEIGNANX,visa,,unknown,unknown
SAULT DE NAVAILLES,visa,,unknown,unknown
PEYREHORADE,visa,,unknown,unknown
GARLIN,visa,,unknown,unknown
HABAS,visa,,unknown,unknown
ONDRES,visa,,unknown,unknown
AMOU,visa,,unknown,unknown
POUILLON,visa,,unknown,unknown
LABENNE,visa,,unknown,unknown
ISLE JOURDAIN,visa,,unknown,unknown
AUCH,visa,,unknown,unknown
POMAREZ,visa,,unknown,unknown
SAMADET,visa,,unknown,unknown
HAGETMAU,visa,,unknown,unknown
GEAUNE,visa,,unknown,unknown
BENESSE MAREMNE,visa,,unknown,unknown
RISCLE,visa,,unknown,unknown
CAPBRETON,visa,,unknown,unknown
ST VINCENT DE TYROSSE,visa,,unknown,unknown
HOSSEGOR,visa,,unknown,unknown
SOORT HOSSEGOR,visa,,unknown,unknown
AIGNAN,visa,,unknown,unknown
EUGENIE LES BAINS,visa,,unknown,unknown
ST GEOURS DE MAREMNE,visa,,unknown,unknown
AIRE SUR L ADOUR,visa,,unknown,unknown
BARCELONNE,visa,,unknown,unknown
BARCELONNE DU GERS,visa,,unknown,unknown
HINX,visa,,unknown,unknown
MONTFORT,visa,,unknown,unknown
DAX,visa,,unknown,unknown
SAINT PAUL LES DAX,visa,,unknown,unknown
MAUVEZIN,visa,,unknown,unknown
ST PAUL LES DAX,visa,,unknown,unknown
MUGRON,visa,,unknown,unknown
NOGARO,visa,,unknown,unknown
VIC FEZENSAC,visa,,unknown,unknown
JEGUN,visa,,unknown,unknown
SAINT SEVER,visa,,unknown,unknown
SOUSTONS,visa,,unknown,unknown
ST SEVER,visa,,unknown,unknown
GRENADE SUR L ADOUR,visa,,unknown,unknown
LE HOUGA,visa,,unknown,unknown
PONTONX SUR L ADOUR,visa,,unknown,unknown
VIEUX BOUCAU,visa,,unknown,unknown
CASTERA VERDUZAN,visa,,unknown,unknown
TARTAS,visa,,unknown,unknown
FLEURANCE,visa,,unknown,unknown
EAUZE,visa,,unknown,unknown
MOLIETS,visa,,unknown,unknown
ESTANG,visa,,unknown,unknown
SAINT PIERRE DU MONT,visa,,unknown,unknown
MONT DE MARSAN,visa,,unknown,unknown
LEON,visa,,unknown,unknown
VILLENEUVE DE MARSAN,visa,,unknown,unknown
LECTOURE,visa,,unknown,unknown
CAZAUBON,visa,,unknown,unknown
RION,visa,,unknown,unknown
CONDOM,visa,,unknown,unknown
GABARRET,visa,,unknown,unknown
MIRADOUX,visa,,unknown,unknown
ROQUEFORT,visa,,unknown,unknown
MORCENX,visa,,unknown,unknown
LIT ET MIXE,visa,,unknown,unknown
MEZIN,visa,,unknown,unknown
FRANCESCAS,visa,,unknown,unknown
ASTAFFORT,visa,,unknown,unknown
LAPLUME,visa,,unknown,unknown
NERAC,visa,,unknown,unknown
LAYRAC,visa,,unknown,unknown
SABRES,visa,,unknown,unknown
CASTELCULIER,visa,,unknown,unknown
LAVARDAC,visa,,unknown,unknown
BOE,visa,,unknown,unknown
BON ENCONTRE,visa,,unknown,unknown
LE PASSAGE,visa,,unknown,unknown
AGEN,visa,,unknown,unknown
MIMIZAN,visa,,unknown,unknown
LABOUHEYRE,visa,,unknown,unknown
COLAYRAC,visa,,unknown,unknown
PONT DU CASSE,visa,,unknown,unknown
FOULAYRONNES,visa,,unknown,unknown
PORT STE MARIE,visa,,unknown,unknown
BUZET SUR BAISE,visa,,unknown,unknown
BEAUVILLE,visa,,unknown,unknown
LAROQUE TIMBAUT,visa,,unknown,unknown
DAMAZAN,visa,,unknown,unknown
PRAYSSAS,visa,,unknown,unknown
AIGUILLON,visa,,unknown,unknown
CASTELJALOUX,visa,,unknown,unknown
PISSOS,visa,,unknown,unknown
SORE,visa,,unknown,unknown
PARENTIS EN BORN,visa,,unknown,unknown
CLAIRAC,visa,,unknown,unknown
LAURIERE,visa,,unknown,unknown
BOUGLON,visa,,unknown,unknown
TONNEINS,visa,,unknown,unknown
CASTELMORON SUR LOT,visa,,unknown,unknown
STE LIVRADE SUR LOT,visa,,unknown,unknown
ST SYLVESTRE SUR LOT,visa,,unknown,unknown
BISCARROSSE,visa,,unknown,unknown
VILLENEUVE SUR LOT,visa,,unknown,unknown
BISCAROSSE,visa,,unknown,unknown
BIAS,visa,,unknown,unknown
LE MAS D AGENAIS,visa,,unknown,unknown
VILLENEUVE,visa,,unknown,unknown
TOURNON D AGENAIS,visa,,unknown,unknown
BAZAS,visa,,unknown,unknown
CASSENEUIL,visa,,unknown,unknown
COCUMONT,visa,,unknown,unknown
MONCLAR,visa,,unknown,unknown
GONTAUD DE NOGARET,visa,,unknown,unknown
MARMANDE,visa,,unknown,unknown
MONSEMPRON LIBOS,visa,,unknown,unknown
SANGUINET,visa,,unknown,unknown
MONTAYRAL,visa,,unknown,unknown
MEILHAN SUR GARONNE,visa,,unknown,unknown
STE BAZEILLE,visa,,unknown,unknown
MONFLANQUIN,visa,,unknown,unknown
CANCON,visa,,unknown,unknown
LANGON,visa,,unknown,unknown
LA TESTE DE BUCH,visa,,unknown,unknown
SEYCHES,visa,,unknown,unknown
SALLES,visa,,unknown,unknown
CASTETS,visa,,unknown,unknown
LA REOLE,visa,,unknown,unknown
MIRAMONT DE GUYENNE,visa,,unknown,unknown
LE BARP,visa,,unknown,unknown
SAINT PARDOUX ISAAC,visa,,unknown,unknown
MIOS,visa,,unknown,unknown
LAUZUN,visa,,unknown,unknown
CADILLAC,visa,,unknown,unknown
VILLEFRANCHE DU PERIGORD,visa,,unknown,unknown
VILLEREAL,visa,,unknown,unknown
LA TESTE,visa,,unknown,unknown
BIGANOS,visa,,unknown,unknown
GUJAN MESTRAS,visa,,unknown,unknown
MONSEGUR,visa,,unknown,unknown
PODENSAC,visa,,unknown,unknown
CASTILLONNES,visa,,unknown,unknown
GORNAC,visa,,unknown,unknown
CAP FERRET,visa,,unknown,unknown
EYMET,visa,,unknown,unknown
ARCACHON,visa,,unknown,unknown
LA BREDE,visa,,unknown,unknown
MONPAZIER,visa,,unknown,unknown
AUDENGE,visa,,unknown,unknown
SAUVETERRE DE GUYENNE,visa,,unknown,unknown
LANGOIRAN,visa,,unknown,unknown
ISSIGEAC,visa,,unknown,unknown
LEOGNAN,visa,,unknown,unknown
TARGON,visa,,unknown,unknown
PETIT PIQUEY,visa,,unknown,unknown
CESTAS,visa,,unknown,unknown
PELLEGRUE,visa,,unknown,unknown
ANDERNOS LES BAINS,visa,,unknown,unknown
CANEJAN,visa,,unknown,unknown
DAGLAN,visa,,unknown,unknown
SIGOULES,visa,,unknown,unknown
LEGE CAP-FERRET,visa,,unknown,unknown
BEAUMONT-DU-PERIGORD,visa,,unknown,unknown
VILLENAVE D ORNON,visa,,unknown,unknown
VILLENAVE,visa,,unknown,unknown
CREON,visa,,unknown,unknown
GRADIGNAN,visa,,unknown,unknown
RAUZAN,visa,,unknown,unknown
ARES,visa,,unknown,unknown
BELVES,visa,,unknown,unknown
CADAUJAC,visa,,unknown,unknown
LATRESNE,visa,,unknown,unknown
PESSAC,visa,,unknown,unknown
PUJOLS,visa,,unknown,unknown
GENSAC,visa,,unknown,unknown
TALENCE,visa,,unknown,unknown
BEGLES,visa,,unknown,unknown
SAINT JEAN D ILLAC,visa,,unknown,unknown
CENAC,visa,,unknown,unknown
BORDEAUX,visa,,unknown,unknown
FARGUES ST HILAIRE,visa,,unknown,unknown
BRANNE,visa,,unknown,unknown
SIORAC EN PERIGORD,visa,,unknown,unknown
FLOIRAC,visa,,unknown,unknown
LA ROQUE GAGEAC,visa,,unknown,unknown
BERGERAC,visa,,unknown,unknown
GARDONNE,visa,,unknown,unknown
SAINTE FOY LA GRANDE,visa,,unknown,unknown
LALINDE,visa,,unknown,unknown
MERIGNAC,visa,,unknown,unknown
LAFEUILLADE EN VEZIE,visa,,unknown,unknown
STE FOY LA GRANDE,visa,,unknown,unknown
PORT STE FOY,visa,,unknown,unknown
MARTIGNAS SUR JALLES,visa,,unknown,unknown
ARTIGUES PRES BORDEAUX,visa,,unknown,unknown
LAMOTHE MONTRAVEL,visa,,unknown,unknown
LE BUISSON-DE-CADOUIN,visa,,unknown,unknown
CASTILLON LA BATAILLE,visa,,unknown,unknown
PRIGONRIEUX,visa,,unknown,unknown
LE BOUSCAT,visa,,unknown,unknown
CENON,visa,,unknown,unknown
MOULEYDIER,visa,,unknown,unknown
ST GERMAIN DU PUCH,visa,,unknown,unknown
BERGERAC PASTEUR,visa,,unknown,unknown
LA FORCE,visa,,unknown,unknown
SAINT JULIEN DE LAMPON,visa,,unknown,unknown
LE HAILLAN,visa,,unknown,unknown
SAINT-CYPRIEN,visa,,unknown,unknown
BRUGES,visa,,unknown,unknown
EYSINES,visa,,unknown,unknown
SARLAT LA CANEDA,visa,,unknown,unknown
ST EMILION,visa,,unknown,unknown
CARBON BLANC,visa,,unknown,unknown
VAYRES,visa,,unknown,unknown
SAINT MEDARD,visa,,unknown,unknown
ST MEDARD EN JALLES,visa,,unknown,unknown
SARLAT,visa,,unknown,unknown
SAINT MAMET,visa,,unknown,unknown
BASSENS,visa,,unknown,unknown
LIBOURNE,visa,,unknown,unknown
LE TAILLAN MEDOC,visa,,unknown,unknown
SAINT MEDARD EN JALLES,visa,,unknown,unknown
BLANQUEFORT,visa,,unknown,unknown
ST AUBIN DU MEDOC,visa,,unknown,unknown
SAINT LOUBES,visa,,unknown,unknown
LE BUGUE,visa,,unknown,unknown
AMBARES,visa,,unknown,unknown
AMBARES ET LAGRAVE,visa,,unknown,unknown
SAINTE ALVERE,visa,,unknown,unknown
VILLEFRANCHE DE LONCHAT,visa,,unknown,unknown
LUSSAC,visa,,unknown,unknown
PAREMPUYRE,visa,,unknown,unknown
LES EYZIES DE TAYAC,visa,,unknown,unknown
ARPAJON SUR CERE,visa,,unknown,unknown
LUGON,visa,,unknown,unknown
LE PIAN MEDOC,visa,,unknown,unknown
AURILLAC,visa,,unknown,unknown
LACANAU,visa,,unknown,unknown
SALIGNAC,visa,,unknown,unknown
GALGON,visa,,unknown,unknown
SAINT DENIS DE PILE,visa,,unknown,unknown
ST ANDRE DE CUBZAC,visa,,unknown,unknown
MONTPON MENESTROL,visa,,unknown,unknown
MACAU,visa,,unknown,unknown
LACANAU OCEAN,visa,,unknown,unknown
ST SEURIN,visa,,unknown,unknown
ST SEURIN SUR L ISLE,visa,,unknown,unknown
VILLAMBLARD,visa,,unknown,unknown
VERGT,visa,,unknown,unknown
CASTELNAU DE MEDOC,visa,,unknown,unknown
MUSSIDAN,visa,,unknown,unknown
GUITRES,visa,,unknown,unknown
COUTRAS,visa,,unknown,unknown
BOURG,visa,,unknown,unknown
MARGAUX,visa,,unknown,unknown
ROUFFIGNAC ST CERNIN,visa,,unknown,unknown
MONTIGNAC,visa,,unknown,unknown
CARCANS,visa,,unknown,unknown
RUYNES EN MARGERIDE,visa,,unknown,unknown
CAVIGNAC,visa,,unknown,unknown
NEUVIC,visa,,unknown,unknown
ST CERNIN,visa,,unknown,unknown
ST FLOUR,visa,,unknown,unknown
ANDELAT,visa,,unknown,unknown
BLAYE VAUBAN,visa,,unknown,unknown
BLAYE,visa,,unknown,unknown
ST SAVIN,visa,,unknown,unknown
LE LARDIN ST LAZARRE,visa,,unknown,unknown
TERRASSON LA VILLEDIEU,visa,,unknown,unknown
SAINT ASTIER,visa,,unknown,unknown
THENON,visa,,unknown,unknown
BEYNAT,visa,,unknown,unknown
LA ROCHE CHALAIS,visa,,unknown,unknown
ST LAURENT MEDOC,visa,,unknown,unknown
ST AIGULIN,visa,,unknown,unknown
BRIVE LA GAILLARDE,visa,,unknown,unknown
ST PRIVAT,visa,,unknown,unknown
ENNEZAT,visa,,unknown,unknown
BRIVE,visa,,unknown,unknown
MURAT,visa,,unknown,unknown
PERIGUEUX,visa,,unknown,unknown
BOULAZAC,visa,,unknown,unknown
MALEMORT SUR CORREZE,visa,,unknown,unknown
MALEMORT,visa,,unknown,unknown
HOURTIN,visa,,unknown,unknown
COULOUNIEIX CHAMIERS,visa,,unknown,unknown
SAINT AULAYE,visa,,unknown,unknown
MARSAC SUR L ISLE,visa,,unknown,unknown
TRELISSAC,visa,,unknown,unknown
PAUILLAC,visa,,unknown,unknown
USSAC,visa,,unknown,unknown
MONTGUYON,visa,,unknown,unknown
MONTLIEU LA GARDE,visa,,unknown,unknown
RIBERAC,visa,,unknown,unknown
DONZENAC,visa,,unknown,unknown
TOCANE ST APRE,visa,,unknown,unknown
MAURIAC,visa,,unknown,unknown
AUBETERRE,visa,,unknown,unknown
HAUTEFORT,visa,,unknown,unknown
CHALAIS,visa,,unknown,unknown
LAGUENNE,visa,,unknown,unknown
OBJAT,visa,,unknown,unknown
LISLE,visa,,unknown,unknown
MONTENDRE,visa,,unknown,unknown
TULLE,visa,,unknown,unknown
ST CIERS SUR GIRONDE,visa,,unknown,unknown
CHEVANCEAUX,visa,,unknown,unknown
MARCILLAC LA CROISILLE,visa,,unknown,unknown
ST SEVERIN,visa,,unknown,unknown
LESPARRE,visa,,unknown,unknown
LESPARRE MEDOC,visa,,unknown,unknown
BROSSAC,visa,,unknown,unknown
VERTEILLAC,visa,,unknown,unknown
MASSIAC,visa,,unknown,unknown
RIOM ES MONTAGNES,visa,,unknown,unknown
EXCIDEUIL,visa,,unknown,unknown
BRANTOME,visa,,unknown,unknown
MIRAMBEAU,visa,,unknown,unknown
BAIGNES STE RADEGONDE,visa,,unknown,unknown
MONTALIVET LES B.,visa,,unknown,unknown
SEILHAC,visa,,unknown,unknown
MONTMOREAU,visa,,unknown,unknown
LANOUAILLE,visa,,unknown,unknown
L'ALPE D'HUEZ,visa,,unknown,unknown
PAYZAC,visa,,unknown,unknown
THIVIERS,visa,,unknown,unknown
GRAYAN ET L HOPITAL,visa,,unknown,unknown
ST VIVIEN DE MEDOC,visa,,unknown,unknown
EGLETONS,visa,,unknown,unknown
UZERCHE,visa,,unknown,unknown
JONZAC,visa,,unknown,unknown
MAREUIL,visa,,unknown,unknown
CHAMPS SUR TARENTAINE,visa,,unknown,unknown
CHAMBOULIVE,visa,,unknown,unknown
BARBEZIEUX ST HILAIRE,visa,,unknown,unknown
ST FORT SUR GIRONDE,visa,,unknown,unknown
BLANZAC PORCHERESSE,visa,,unknown,unknown
ST GENIS DE SAINTONGE CEDEX,visa,,unknown,unknown
MORTAGNE SUR GIRONDE,visa,,unknown,unknown
VILLEBOIS LAVALETTE,visa,,unknown,unknown
SAINT-PARDOUX-LA-RIVIERE,visa,,unknown,unknown
JUMILHAC,visa,,unknown,unknown
ARCHIAC,visa,,unknown,unknown
SOULAC,visa,,unknown,unknown
SOULAC SUR MER,visa,,unknown,unknown
SAINT YRIEIX,visa,,unknown,unknown
NONTRON,visa,,unknown,unknown
LA COQUILLE,visa,,unknown,unknown
DIGNAC,visa,,unknown,unknown
MOUTHIERS SUR BOEME,visa,,unknown,unknown
LE VERDON,visa,,unknown,unknown
JARNAC CHAMPAGNE,visa,,unknown,unknown
MASSERET,visa,,unknown,unknown
MESCHERS SUR GIRONDE,visa,,unknown,unknown
GEMOZAC,visa,,unknown,unknown
PONS,visa,,unknown,unknown
USSEL,visa,,unknown,unknown
CHATEAUNEUF,visa,,unknown,unknown
COZES,visa,,unknown,unknown
ROULLET ST ESTEPHE,visa,,unknown,unknown
LA COURONNE,visa,,unknown,unknown
ST GEORGES DE DIDONNE,visa,,unknown,unknown
SEGONZAC,visa,,unknown,unknown
PIEGUT,visa,,unknown,unknown
ROYAN,visa,,unknown,unknown
SAINT GERMAIN,visa,,unknown,unknown
ANGOULEME,visa,,unknown,unknown
ISSOIRE,visa,,unknown,unknown
SOYAUX,visa,,unknown,unknown
ST MICHEL,visa,,unknown,unknown
LE MONT DORE,visa,,unknown,unknown
MARTHON,visa,,unknown,unknown
SAUXILLANGES,visa,,unknown,unknown
LA BOURBOULE,visa,,unknown,unknown
ST PALAIS SUR MER,visa,,unknown,unknown
VAUX SUR MER,visa,,unknown,unknown
L'ISLE D'ESPAGNAC,visa,,unknown,unknown
MONTBRON,visa,,unknown,unknown
AMBERT,visa,,unknown,unknown
GOND PONTOUVRE,visa,,unknown,unknown
HIERSAC,visa,,unknown,unknown
CHAMPEIX,visa,,unknown,unknown
ST SULPICE DE ROYAN,visa,,unknown,unknown
RUELLE,visa,,unknown,unknown
MORNAC,visa,,unknown,unknown
JARNAC,visa,,unknown,unknown
SAUJON,visa,,unknown,unknown
CHATEAUBERNARD,visa,,unknown,unknown
COGNAC,visa,,unknown,unknown
BREUILLET,visa,,unknown,unknown
LES MATHES,visa,,unknown,unknown
EYGURANDE,visa,,unknown,unknown
CUSSAC,visa,,unknown,unknown
CHAMPNIERS,visa,,unknown,unknown
CHANIERS,visa,,unknown,unknown
LE GUA,visa,,unknown,unknown
ORADOUR SUR VAYRES,visa,,unknown,unknown
LA ROCHEFOUCAULD,visa,,unknown,unknown
SAINTES,visa,,unknown,unknown
PEYRELEVADE,visa,,unknown,unknown
BRIE,visa,,unknown,unknown
ETAULES,visa,,unknown,unknown
CORME ROYAL,visa,,unknown,unknown
ARVERT,visa,,unknown,unknown
BURIE,visa,,unknown,unknown
LA TREMBLADE,visa,,unknown,unknown
SAINT LAURENT SUR GORRE,visa,,unknown,unknown
MONTEMBOEUF,visa,,unknown,unknown
MONTIGNAC CHARENTE,visa,,unknown,unknown
LA ROCHE BLANCHE,visa,,unknown,unknown
ROUILLAC,visa,,unknown,unknown
AIXE SUR VIENNE,visa,,unknown,unknown
MARENNES,visa,,unknown,unknown
RONCE LES BAINS,visa,,unknown,unknown
ISLE,visa,,unknown,unknown
AVERMES,visa,,unknown,unknown
COURNON D'AUVERGNE,visa,,unknown,unknown
FEYTIAT,visa,,unknown,unknown
LIMOGES,visa,,unknown,unknown
ST PORCHAIRE,visa,,unknown,unknown
CHASSENEUIL,visa,,unknown,unknown
PONT L ABBE D ARNOULT,visa,,unknown,unknown
AMBAZAC,visa,,unknown,unknown
ROCHECHOUART,visa,,unknown,unknown
ST HILAIRE DE VILLEFRANCHE,visa,,unknown,unknown
CHAMALIERES,visa,,unknown,unknown
CLERMONT FERRAND,visa,,unknown,unknown
LEMPDES,visa,,unknown,unknown
BOURCEFRANC,visa,,unknown,unknown
COURPIERE,visa,,unknown,unknown
MATHA,visa,,unknown,unknown
LE GRAND VILLAGE PLAGE,visa,,unknown,unknown
MANSLE,visa,,unknown,unknown
CHABANAIS,visa,,unknown,unknown
LE PALAIS,visa,,unknown,unknown
ST SAVINIEN,visa,,unknown,unknown
BEAUVAIS SUR MATHA,visa,,unknown,unknown
PONT DU CHATEAU,visa,,unknown,unknown
ROUMAZIERES,visa,,unknown,unknown
COUZEIX,visa,,unknown,unknown
AIGRE,visa,,unknown,unknown
SAINT JUNIEN,visa,,unknown,unknown
LE CHATEAU D'OLERON,visa,,unknown,unknown
SAINT-CLAUD,visa,,unknown,unknown
PONTGIBAUD,visa,,unknown,unknown
CEBAZAT,visa,,unknown,unknown
RILHAC RANCON,visa,,unknown,unknown
DOLUS D'OLERON,visa,,unknown,unknown
FELLETIN,visa,,unknown,unknown
ST PIERRE D OLERON,visa,,unknown,unknown
SOUBISE,visa,,unknown,unknown
ROCHEFORT,visa,,unknown,unknown
NIEUL,visa,,unknown,unknown
ORADOUR SUR GLANE,visa,,unknown,unknown
VALLIERE,visa,,unknown,unknown
S JEAN D'ANGELY,visa,,unknown,unknown
ST JEAN D'ANGELY,visa,,unknown,unknown
TONNAY CHARENTE,visa,,unknown,unknown
THIERS,visa,,unknown,unknown
ST PIERRE D'OLERON,visa,,unknown,unknown
PORT DES BARQUES,visa,,unknown,unknown
ST PIERRE,visa,,unknown,unknown
MENETROL,visa,,unknown,unknown
TONNAY BOUTONNE,visa,,unknown,unknown
ST GEORGES D OLERON,visa,,unknown,unknown
BOURGANEUF,visa,,unknown,unknown
LA BREE LES BAINS,visa,,unknown,unknown
CHABRELOCHE,visa,,unknown,unknown
AUBUSSON,visa,,unknown,unknown
FOURAS,visa,,unknown,unknown
CHATEL GUYON,visa,,unknown,unknown
ST GEORGES DE MONS,visa,,unknown,unknown
VILLEFAGNAN,visa,,unknown,unknown
CONFOLENS,visa,,unknown,unknown
CHAMPAGNE MOUTON,visa,,unknown,unknown
NANTIAT,visa,,unknown,unknown
RUFFEC,visa,,unknown,unknown
AULNAY,visa,,unknown,unknown
LOULAY,visa,,unknown,unknown
ST DENIS D'OLERON,visa,,unknown,unknown
CHATELAILLON PLAGE,visa,,unknown,unknown
SALLES SUR MER,visa,,unknown,unknown
CHEF BOUTONNE,visa,,unknown,unknown
SURGERES,visa,,unknown,unknown
MEZIERES SUR ISSOIRE,visa,,unknown,unknown
ANGOULINS,visa,,unknown,unknown
CHIZE,visa,,unknown,unknown
AHUN,visa,,unknown,unknown
AIGREFEUILLE D AUNIS,visa,,unknown,unknown
AVAILLES LIMOUZINE,visa,,unknown,unknown
BESSINES,visa,,unknown,unknown
BELLAC,visa,,unknown,unknown
SAUZE VAUSSAIS,visa,,unknown,unknown
LA JARRIE,visa,,unknown,unknown
CHAMPS,visa,,unknown,unknown
BENEVENT L ABBAYE,visa,,unknown,unknown
BRIOUX SUR BOUTONNE,visa,,unknown,unknown
AYTRE,visa,,unknown,unknown
CHATEAUPONSAC,visa,,unknown,unknown
LA ROCHELLE,visa,,unknown,unknown
PERIGNY,visa,,unknown,unknown
SAINTE MARIE DE RE,visa,,unknown,unknown
BEAUVOIR SUR NIORT,visa,,unknown,unknown
LAGORD,visa,,unknown,unknown
GANNAT,visa,,unknown,unknown
PUILBOREAU,visa,,unknown,unknown
DOMPIERRE SUR MER,visa,,unknown,unknown
GUERET,visa,,unknown,unknown
MAUZE SUR LE MIGNON,visa,,unknown,unknown
LA FLOTTE EN RE,visa,,unknown,unknown
NIEUL SUR MER,visa,,unknown,unknown
ST MARTIN DE RE,visa,,unknown,unknown
LA COUARDE SUR MER,visa,,unknown,unknown
ST XANDRE,visa,,unknown,unknown
VICHY,visa,,unknown,unknown
MELLE,visa,,unknown,unknown
CUSSET,visa,,unknown,unknown
FERRIERES D'AUNIS,visa,,unknown,unknown
CHAMBON SUR VOUEIZE,visa,,unknown,unknown
MARSILLY,visa,,unknown,unknown
COURCON,visa,,unknown,unknown
LA SOUTERRAINE,visa,,unknown,unknown
FRONTENAY ROHAN ROHAN,visa,,unknown,unknown
PRAHECQ,visa,,unknown,unknown
LEZAY,visa,,unknown,unknown
CELLES SUR BELLE,visa,,unknown,unknown
ST HILAIRE LA PALUD,visa,,unknown,unknown
LES PORTES EN RE,visa,,unknown,unknown
USSON DU POITOU,visa,,unknown,unknown
AIGONDIGNE,visa,,unknown,unknown
COUHE,visa,,unknown,unknown
AIFFRES,visa,,unknown,unknown
CHARRON,visa,,unknown,unknown
MARANS,visa,,unknown,unknown
VOUILLE,visa,,unknown,unknown
NIORT,visa,,unknown,unknown
MAGNE,visa,,unknown,unknown
COULON,visa,,unknown,unknown
DUN LE PALESTEL,visa,,unknown,unknown
CHATELUS MALVALEIX,visa,,unknown,unknown
CHAURAY,visa,,unknown,unknown
LA MOTHE ST HERAY,visa,,unknown,unknown
LA CRECHE,visa,,unknown,unknown
GENCAY,visa,,unknown,unknown
ECHIRE,visa,,unknown,unknown
MONTLUCON,visa,,unknown,unknown
PAMPROUX,visa,,unknown,unknown
ST POURCAIN SUR SIOULE,visa,,unknown,unknown
BEAUMONT,visa,,unknown,unknown
AZAY LE BRULE,visa,,unknown,unknown
VARENNES SUR ALLIER,visa,,unknown,unknown
DOMERAT,visa,,unknown,unknown
ST MAIXENT L'ECOLE,visa,,unknown,unknown
LUSIGNAN,visa,,unknown,unknown
EGUZON,visa,,unknown,unknown
AIGURANDE,visa,,unknown,unknown
LA TRIMOUILLE,visa,,unknown,unknown
NIEUIL L ESPOIR,visa,,unknown,unknown
COULONGES SUR L'AUTIZE,visa,,unknown,unknown
ITEUIL,visa,,unknown,unknown
CHAMPDENIERS,visa,,unknown,unknown
LE MONTET,visa,,unknown,unknown
JALIGNY SUR BESBRE,visa,,unknown,unknown
CHAMPDENIERS ST DENIS,visa,,unknown,unknown
MENIGOUTE,visa,,unknown,unknown
SAINTE SEVERE,visa,,unknown,unknown
MAZIERES EN GATINE,visa,,unknown,unknown
COSNE D'ALLIER,visa,,unknown,unknown
SAINT JULIEN L ARS,visa,,unknown,unknown
BELABRE,visa,,unknown,unknown
NEUILLY LE REAL,visa,,unknown,unknown
POITIERS,visa,,unknown,unknown
CLUIS,visa,,unknown,unknown
CHAUVIGNY,visa,,unknown,unknown
VASLES,visa,,unknown,unknown
VOUNEUIL SOUS BIARD,visa,,unknown,unknown
BUXEROLLES,visa,,unknown,unknown
LE MAGNY,visa,,unknown,unknown
SECONDIGNY,visa,,unknown,unknown
LA CHATRE,visa,,unknown,unknown
SAINT MARCEL,visa,,unknown,unknown
L ABSIE,visa,,unknown,unknown
LE BLANC,visa,,unknown,unknown
PARTHENAY,visa,,unknown,unknown
YZEURE,visa,,unknown,unknown
ST AUBIN LE CLOUD,visa,,unknown,unknown
SAINT GEORGES LES BX,visa,,unknown,unknown
CERILLY,visa,,unknown,unknown
NEUVILLE DE POITOU,visa,,unknown,unknown
NEUVILLE DU POITOU,visa,,unknown,unknown
THENEZAY,visa,,unknown,unknown
MONCOUTANT,visa,,unknown,unknown
ST LEGER DE LA MARTINIERE,visa,,unknown,unknown
LA CHAPELLE ST LAURENT,visa,,unknown,unknown
TOURNON SAINT MARTIN,visa,,unknown,unknown
ARDENTES,visa,,unknown,unknown
COURLAY,visa,,unknown,unknown
CHICHE,visa,,unknown,unknown
CHATELLERAULT,visa,,unknown,unknown
CHATEAUROUX,visa,,unknown,unknown
MONTMORILLON,visa,,unknown,unknown
CIVRAY,visa,,unknown,unknown
LOUDUN,visa,,unknown,unknown
CERIZAY,visa,,unknown,unknown
AIRVAULT,visa,,unknown,unknown
MEZIERES EN BRENNE,visa,,unknown,unknown
BRESSUIRE,visa,,unknown,unknown
VILLEDIEU,visa,,unknown,unknown
INGRANDES,visa,,unknown,unknown
ST VARENT CEDEX,visa,,unknown,unknown
BUZANCAIS,visa,,unknown,unknown
NUEIL LES AUBIERS,visa,,unknown,unknown
LES ORMES,visa,,unknown,unknown
THOUARS,visa,,unknown,unknown
STE VERGE,visa,,unknown,unknown
LEVROUX,visa,,unknown,unknown
ARGENTONNAY,visa,,unknown,unknown
LORETZ D'ARGENTON,visa,,unknown,unknown
VATAN,visa,,unknown,unknown
ECUEILLE,visa,,unknown,unknown
SAINTE MAURE,visa,,unknown,unknown
REUILLY,visa,,unknown,unknown
VALENCAY,visa,,unknown,unknown
BOURGUEIL,visa,,unknown,unknown
SAVIGNE,visa,,unknown,unknown
VEIGNE,visa,,unknown,unknown
BLERE,visa,,unknown,unknown
JOUE LES TOURS,visa,,unknown,unknown
BALLAN MIRE,visa,,unknown,unknown
TOURS,visa,,unknown,unknown
LUYNES,visa,,unknown,unknown
LA RICHE,visa,,unknown,unknown
BEAUFORT EN VALLEE,visa,,unknown,unknown
DIJON,visa,,unknown,unknown
NEUILLE PT PIERRE,visa,,unknown,unknown
CHATEAU LA VALLIERE,visa,,unknown,unknown
NEUVY LE ROI,visa,,unknown,unknown
CHARNY,visa,,unknown,unknown
VAIGES,visa,,unknown,unknown
ECLARON,visa,,unknown,unknown
SAINT GENIES,visa,,unknown,unknown
LEGE CAP FERRET,visa,,unknown,unknown
TREIGNAC,visa,,unknown,unknown
DURAS,visa,,unknown,unknown
Lege Cap Ferret,western_union,,unknown,LA CABANE DES SENTEURS
Lacanau,western_union,,unknown,LACANAU MEDOC BP
Ares,western_union,,unknown,ARES BP
Arcachon,western_union,,unknown,LE MARIGNY
Andernos Les Bains,western_union,,unknown,ANDERNOS LES BAINS BP
La Teste De Buch,western_union,,unknown,LA TESTE BP
Gujan Mestras,western_union,,unknown,GUJAN MESTRAS BP
Biganos,western_union,,unknown,BIGANOS BP
Biscarosse,western_union,,unknown,BISCARROSSE BP
St Jean D Illac,western_union,,unknown,SAINT JEAN D ILLAC BP
Castelnau De Medoc,western_union,,unknown,CASTELNAU DE MEDOC BP
Salles,western_union,,unknown,SALLES BP
Saint Medard En Jalles,western_union,,unknown,SAINT MEDARD EN JALLES BP
Neuville De Poitou,western_union,,unknown,NEUVILLE DE POITOU BP
Thouars,western_union,,unknown,THOUARS BP
Chatellerault,western_union,,unknown,CHATELLERAULT CHATEAUNEUF BP
Loudun,western_union,,unknown,LOUDUN BP
Ajain,western_union,,unknown,CAFE DU CENTRE
Mestes,western_union,,unknown,CAFE DE L ORCHIDEE
Ussel,western_union,,unknown,USSEL BP
La Courtine,western_union,,unknown,AGUILAR SANDRINE MANUELA
Gueret,western_union,,unknown,GUERET BP
Egletons,western_union,,unknown,EGLETONS BP
La Souterraine,western_union,,unknown,LA SOUTERRAINE BP
Correze,western_union,,unknown,LE TREFLE
Tulle,western_union,,unknown,TULLE BP
Ambazac,western_union,,unknown,AMBAZAC BP
Buxerolles,western_union,,unknown,BUXEROLLES BP
Limoges,western_union,,unknown,LIMOGES BABYLONE BP
Brive La Gaillarde,western_union,,unknown,BRIVE BP
Feytiat,western_union,,unknown,FEYTIAT BP
Couzeix,western_union,,unknown,COUZEIX BP
Malemort Sur Correze,western_union,,unknown,MALEMORT SUR CORREZE BP
Bressuire,western_union,,unknown,BRESSUIRE BP
Objat,western_union,,unknown,OBJAT BP
Varetz,western_union,,unknown,TABAC PRESSE DU BOURG
Poitiers,western_union,,unknown,POITIERS LIBERATION BP
Cerizay,western_union,,unknown,CERIZAY BP
Saint Junien,western_union,,unknown,SAINT JUNIEN BP
Sarlat La Caneda,western_union,,unknown,SARLAT LA CANEDA BP
Parthenay,western_union,,unknown,LE NATIONAL
Soumoulou,western_union,,unknown,SOUMOULOU BP
Montignac Lascaux,western_union,,unknown,LASK O
Confolens,western_union,,unknown,CONFOLENS BP
Oloron Sainte Marie,western_union,,unknown,OLORON STE MARIE BP
Pau,western_union,,unknown,PAU BOSQUET BP
Piegut Pluviers,western_union,,unknown,PIEGUT PLUVIERS BP
Morlaas,western_union,,unknown,MORLAAS BP
Jurancon,western_union,,unknown,JURANCON BP
Bizanos,western_union,,unknown,BIZANOS BP
Bon Encontre,western_union,,unknown,BON ENCONTRE BP
Lembeye,western_union,,unknown,PUCHEU PIERRE
Billere,western_union,,unknown,BILLERE REPUBLIQUE BP
Saint Maixent L Ecole,western_union,,unknown,SAINT MAIXENT L ECOLE BP
Perigueux,western_union,,unknown,COULOUNIEIX CHAMIERS BP
Perigueux Cedex,western_union,,unknown,PERIGUEUX ST GEORGES BP
Boulazac,western_union,,unknown,BOULAZAC BP
Villeneuve Sur Lot,western_union,,unknown,VILLENEUVE SUR LOT BP
Chauray,western_union,,unknown,LE CHIQUITO
Le Passage,western_union,,unknown,LE PASSAGE BP
Mauleon Soule,western_union,,unknown,MAULEON SOULE BP
Agen,western_union,,unknown,AGEN CARNOT BP
Ruffec,western_union,,unknown,RUFFEC BP
Boe Cedex,western_union,,unknown,BOE BP
Lescar,western_union,,unknown,LESCAR BP
Sainte Livrade Sur Lot,western_union,,unknown,SAINTE LIVRADE SUR LOT BP
Mourenx,western_union,,unknown,MOURENX BP
Nerac,western_union,,unknown,NERAC BP
Prayssas,western_union,,unknown,BAZAR BISCUITS ET BOMBANCE
Mansle,western_union,,unknown,MANSLE BP
Angouleme,western_union,,unknown,L ECHIQUIER
Bergerac,western_union,,unknown,BERGERAC BP
Soyaux,western_union,,unknown,SOYAUX BP
Orthez,western_union,,unknown,ORTHEZ BP
Hendaye,western_union,,unknown,HENDAYE PRINCIPAL BP
Cambo Les Bains,western_union,,unknown,CAMBO LES BAINS BP
Aire Sur L Adour,western_union,,unknown,AIRE SUR L ADOUR BP
Marans,western_union,,unknown,MARANS BP
Niort,western_union,,unknown,LA CIVETTE
La Rochefoucauld,western_union,,unknown,LA ROCHEFOUCAULD BP
Ruelle Sur Touvre,western_union,,unknown,RUELLE BP
Boucau,western_union,,unknown,BOUCAU BP
La Rochelle,western_union,,unknown,LA ROCHELLE HOTEL DE VILLE BP
Aigrefeuille D Aunis,western_union,,unknown,AIGREFEUILLE D AUNIS BP
Perigny,western_union,,unknown,PERIGNY BP
Puilboreau Cedex,western_union,,unknown,PUILBOREAU BEAULIEU BP
Peyrehorade,western_union,,unknown,LESCOULIER CHRISTELLE
Bayonne,western_union,,unknown,BAYONNE LABAT BP
Lagord,western_union,,unknown,LAGORD BP
Saint Clement Des Baleines,western_union,,unknown,LE ST CLEMENT
Mont De Marsan,western_union,,unknown,MONT DE MARSAN TROIS RIVIERES BP
Chatelaillon Plage,western_union,,unknown,CHATELAILLON PLAGE BP
Sainte Foy La Grande,western_union,,unknown,SAINTE FOY LA GRANDE BP
Marmande,western_union,,unknown,MARMANDE BP
Tarnos,western_union,,unknown,TARNOS BP
Saint Jean D Angely,western_union,,unknown,SAINT JEAN D ANGELY BP
Anglet,western_union,,unknown,ANGLET BP
Biarritz,western_union,,unknown,BIARRITZ SAINT MARTIN BP
Surgeres,western_union,,unknown,SURGERES BP
St Pierre D Irube,western_union,,unknown,SAINT PIERRE D IRUBE BP
La Couronne,western_union,,unknown,LA COURONNE BP
Bidart,western_union,,unknown,BIDART BP
Tonneins,western_union,,unknown,TONNEINS BP
St Yrieix Sur Charente,western_union,,unknown,SAINT YRIEIX SUR CHARENTE BP
Saint Jean De Luz,western_union,,unknown,SAINT JEAN DE LUZ BP
Neuvic,western_union,,unknown,LE SOLITAIRE
Rochefort,western_union,,unknown,SANSUMI
Tonnay Charente,western_union,,unknown,TONNAY CHARENTE BP
Saint Paul Les Dax,western_union,,unknown,SAINT PAUL LES DAX BP
Hossegor,western_union,,unknown,HOSSEGOR BP
Dax,western_union,,unknown,DAX BP
St Vincent Tyrosse,western_union,,unknown,SAINT VINCENT DE TYROSSE BP
Capbreton,western_union,,unknown,CAPBRETON BP
Cognac,western_union,,unknown,LA ROYALE
Montendre,western_union,,unknown,MONTENDRE BP
Libourne,western_union,,unknown,LIBOURNE PRINCETEAU BP
Libourne Cedex,western_union,,unknown,LIBOURNE VIGNOBLE BP
Langon,western_union,,unknown,LANGON BP
Coutras,western_union,,unknown,COUTRAS BP
Bazas,western_union,,unknown,BAZAS BP
Castillon La Bataille,western_union,,unknown,CASTILLON LA BATAILLE BP
Saintes,western_union,,unknown,SAINTES BP
Soustons,western_union,,unknown,SOUSTONS BP
Chaniers,western_union,,unknown,LE CALUMET
La Reole,western_union,,unknown,LA REOLE BP
Ambares Et Lagrave,western_union,,unknown,AMBARES ET LAGRAVE BP
Tresses,western_union,,unknown,TRESSES BP
Saint Andre De Cubzac,western_union,,unknown,SAINT ANDRE DE CUBZAC BP
Saint Loubes,western_union,,unknown,SAINT LOUBES BP
St Savin,western_union,,unknown,SAINT SAVIN BP
Royan,western_union,,unknown,LE 10 GRANDIERE
Cavignac,western_union,,unknown,CAVIGNAC BP
Podensac,western_union,,unknown,PODENSAC BP
Cadillac,western_union,,unknown,CADILLAC BP
Bordeaux,western_union,,unknown,BORDEAUX GRAND PARC BP
Villenave D Ornon,western_union,,unknown,EXOTIGUE JK AFRICONGO
Begles,western_union,,unknown,BEGLES BP
Bordeaux Cedex,western_union,,unknown,BORDEAUX ACHARD BP
Floirac,western_union,,unknown,SAS AKWAABA EXOTIC COM
Lormont,western_union,,unknown,LORMONT 4 PAVILLONS BP
Cenon,western_union,,unknown,TABAC BRULERIE DE L AVENUE
Martillac,western_union,,unknown,M2D
Bassens,western_union,,unknown,BASSENS BP
Carbon Blanc,western_union,,unknown,CARBON BLANC BP
Artigues Pres Bordeaux,western_union,,unknown,ARTIGUES PRES BORDEAUX BP
Latresne,western_union,,unknown,LATRESNE BP
Parentis En Born,western_union,,unknown,PARENTIS EN BORN BP
Le Haillan,western_union,,unknown,LE HAILLAN BP
Le Taillan Medoc,western_union,,unknown,LE TAILLAN MEDOC BP
Cestas,western_union,,unknown,CESTAS PRINCIPAL BP
Pessac,western_union,,unknown,PESSAC PRINCIPAL BP
Merignac,western_union,,unknown,MERIGNAC MONDESIR BP
Eysines,western_union,,unknown,EYSINES MIGRON BP
Blanquefort,western_union,,unknown,BLANQUEFORT BP
Pauillac,western_union,,unknown,PAUILLAC BP
Bruges,western_union,,unknown,BRUGES BP
Gradignan,western_union,,unknown,GRADIGNAN BP
Mimizan,western_union,,unknown,MIMIZAN BP
Le Bouscat,western_union,,unknown,LE BOUSCAT BP
Parempuyre,western_union,,unknown,PAREMPUYRE BP
Blaye,western_union,,unknown,BLAYE BP
Talence,western_union,,unknown,TALENCE BP
Leognan,western_union,,unknown,LEOGNAN BP
