City,Place Name,Zipcode,Name
Norwich,angling_direct_gb,,unknown,Angling Direct Norwich
Wroxham,angling_direct_gb,,unknown,Angling Direct Wroxham
Norwich,apple,,unknown,Apple Norwich
Swaffham,asda_gb,,unknown,Asda
Great Yarmouth,asda_gb,,unknown,Asda
Kings Lynn,benchmarx_gb,,unknown,Benchmarx
Norwich,benchmarx_gb,,unknown,Benchmarx
Kings Lynn,bhf_gb,,unknown,Kings Lynn Furniture & Electrical Store
Great Yarmouth,bhf_gb,,unknown,Great Yarmouth BHF Charity Shop
Sheringham,bhf_gb,,unknown,Sheringham BHF Charity Shop
King's Lynn,bhf_gb,,unknown,King's Lynn BHF Charity Shop
Fakenham,bhf_gb,,unknown,Fakenham BHF Charity Shop
Norwich,bmw_group,,unknown,Inchcape Norwich
Kings Lynn,bmw_group,,unknown,Listers Kings Lynn
Holt,budgens_gb,,unknown,Budgens Holt
Harleston,budgens_gb,,unknown,Budgens Harleston
Weeting,budgens_gb,,unknown,Budgens Weeting
Sheringham,budgens_gb,,unknown,Budgens Sheringham
Aylsham,budgens_gb,,unknown,Budgens Aylsham
Norwich,budgens_gb,,unknown,Budgens Poringland
Norwich,burgerking,,unknown,Burger King
Norwich,b_and_m,,unknown,B&M Norwich - Riverside Retail Park (19) Store
Thetford,b_and_m,,unknown,B&M Thetford - Breckland Retail Park (652) Store with Garden Centre
Great Yarmouth,b_and_m,,unknown,B&M Great Yarmouth (432) Home Store with Garden Centre
Wisbech,b_and_m,,unknown,B&M Wisbech (280) Store
Kings Lynn,b_and_m,,unknown,B&M Kings Lynn - Pierpoint Retail Park (63) Store
King's Lynn,b_and_m,,unknown,B&M King's Lynn (47) Store
Norwich,carpetright_gb,,unknown,Flooring Supplies Norwich
Dereham,carpetright_gb,,unknown,Carpetright
Thetford,carpetright_gb,,unknown,Flooring Supplies Thetford
Norwich - Sprowston,carpetright_gb,,unknown,Carpetright
Norwich Loddon,central_england_cooperative,,unknown,unknown
unknown,central_england_cooperative,,unknown,unknown
Norwich Hethersett,central_england_cooperative,,unknown,unknown
Norwich Mulbarton,central_england_cooperative,,unknown,unknown
Norwich Sprowston,central_england_cooperative,,unknown,unknown
Kings Lynn Terrington St Clement,central_england_cooperative,,unknown,unknown
King's Lynn Gaywood,central_england_cooperative,,unknown,The Co-operative Funeralcare
Great Yarmouth Gorleston,central_england_cooperative,,unknown,The Co-operative Funeralcare
Thetford,cex,,unknown,Thetford
Kings Lynn,cex,,unknown,Kings Lynn
Norwich,cex,,unknown,Norwich
Great Yarmouth,cex,,unknown,Great Yarmouth
Swaffham,costcutter_gb,,unknown,"Costcutter - A47 Bypass, Swaffham"
East Harling,east_of_england_coop,,unknown,East Harling
Norwich,east_of_england_coop,,unknown,"Aylsham Road, Norwich"
Diss,east_of_england_coop,,unknown,"H L Perfitt, Diss"
Swaffham,east_of_england_coop,,unknown,Swaffham Funeral Directors
Stalham,east_of_england_coop,,unknown,Stalham Funeral Directors
Long Stratton,east_of_england_coop,,unknown,Long Stratton Funeral Directors
Great Yarmouth,east_of_england_coop,,unknown,"Beresford Road, Great Yarmouth"
Gorleston-on-Sea,east_of_england_coop,,unknown,Gorleston Funeral Directors
Dereham,east_of_england_coop,,unknown,Dereham Funeral Directors
Cromer,east_of_england_coop,,unknown,Cromer Funeral Directors
Caister-on-Sea,east_of_england_coop,,unknown,Caister Funeral Directors
Attleborough,east_of_england_coop,,unknown,Attleborough Funeral Directors
Acle,east_of_england_coop,,unknown,Acle Funeral Directors
Wymondham,east_of_england_coop,,unknown,Wymondham
East Dereham,east_of_england_coop,,unknown,"Old Swaffham Road, East Dereham"
Martham,east_of_england_coop,,unknown,"Repps Road, Martham"
Harleston,east_of_england_coop,,unknown,Harleston
Gorleston,east_of_england_coop,,unknown,Gorleston
Sprowston,east_of_england_coop,,unknown,"Cannerby Lane, Sprowston"
Norwich,furniture_village_gb,,unknown,Furniture Village Norwich
Norwich,game_gb,,unknown,GAME Norwich
Kings Lynn,game_gb,,unknown,GAME Kings Lynn Vancouver
Great Yarmouth,game_gb,,unknown,GAME Great Yarmouth
Norwich,grape_tree_gb,,unknown,Grape Tree Norwich
Diss,grape_tree_gb,,unknown,Grape Tree Diss
King's Lynn,grape_tree_gb,,unknown,Grape Tree Kings Lynn
Dereham,grape_tree_gb,,unknown,Grape Tree Dereham
Sheringham,grape_tree_gb,,unknown,Grape Tree Sheringham
Fakenham,grape_tree_gb,,unknown,Grape Tree Fakenham
Great Yarmouth,j_d_wetherspoon,,unknown,The William Adams
Norwich,j_d_wetherspoon,Boundary Road Norwich Norfolk NR6 5JB,unknown,The Whiffler
Downham Market,j_d_wetherspoon,58–64 Bridge Street Downham Market Norfolk PE38 9DJ,unknown,The Whalebone
Great Yarmouth,j_d_wetherspoon,7–9 Regent Road Great Yarmouth Norfolk NR30 2AF,unknown,The Troll Cart
Dereham,j_d_wetherspoon,Church Street Dereham Norfolk NR19 1DL,unknown,The Romany Rye
Thetford,j_d_wetherspoon,Market Place Thetford Norfolk IP24 2AL,unknown,The Red Lion
Norwich,j_d_wetherspoon,Unit 6 Riverside Development Norwich Norfolk NR1 1ED,unknown,The Queen of Iceni
Fakenham,j_d_wetherspoon,30 Bridge Street Fakenham Norfolk NR21 9AZ,unknown,The Limes
Norwich,j_d_wetherspoon,11–13 Wensum Street Norwich Norfolk NR3 1LA,unknown,The Glass House
Norwich,j_d_wetherspoon,5 Orford Hill Norwich Norfolk NR1 3QB,unknown,The Bell Hotel
King’s Lynn,j_d_wetherspoon,,unknown,Globe Hotel
East Dereham,kwik_fit_gb,,unknown,Kwik Fit Plus - Dereham
Kings Lynn,londis_gb,,unknown,Londis Gaywood
King's Lynn,londis_gb,,unknown,Londis West Winch
Norwich,londis_gb,,unknown,Londis BP St Benedicts Service Station
Downham Market,londis_gb,,unknown,Londis DOWNHAM PETROLEUM
Ormesby St Margarets,londis_gb,,unknown,Londis Ormesby
Hillington Kings Lynn,londis_gb,,unknown,Londis Hillington
Gillingham Beccles,londis_gb,,unknown,Londis Beccles (formerly: BP Gillingham)
Swaffham,londis_gb,,unknown,Londis Swaffham
Barrett Road Norwich,londis_gb,,unknown,Londis Norwich South
Beccles,londis_gb,,unknown,Londis LONDIS - BECCLES
Fakenham,londis_gb,,unknown,Londis LONDIS - COUNTRYSIDE FILLING ST
Hemsby,londis_gb,,unknown,Londis HEMSBY SERVICE STATION
unknown,londis_gb,,unknown,Londis LONDIS THETFORD
Great Yarmouth,londis_gb,,unknown,Londis Jet Northgate Service Station
Harleston,londis_gb,,unknown,Londis LONDIS - HARLESTON
Thetford,londis_gb,,unknown,Londis REEMA FOODMARKET
Burnham Market,londis_gb,,unknown,Londis BURNHAM MARKET STORES
Weeting,londis_gb,,unknown,Londis LONDIS WEETING
Attleborough,londis_gb,,unknown,Londis OLD BUCKENHAM STORES
Nr Dereham,londis_gb,,unknown,Londis LONDIS - MATTISHALL
Feltwell,londis_gb,,unknown,Londis LONDIS HIGH STREET THETFORD
Norfolk,marstons_plc,3 Mitchell Drive Jones Way Norfolk Norfolk NR31 0GB,unknown,Grayling
Norfolk,marstons_plc,Napier Way Norfolk Norfolk NR19 1FS,unknown,Greenstone
Norwich,marstons_plc,1 Drayton High Road Norwich Norfolk NR8 6AE,unknown,Cock Inn
Norwich,marstons_plc,Alex Moorhouse Way Norwich Norfolk NR5 0JT,unknown,Copper Beech
Norwich,marstons_plc,Dereham Road Norwich Norfolk NR5 8TD,unknown,Cherry Tree
Diss,marstons_plc,33 Park Road Diss Norfolk IP22 4AS,unknown,Thatchers Needle
Hunstanton,marstons_plc,10 Southend Road HunstantonNorfolk Norfolk PE36 5AW,unknown,Honeystone
Diss,midcounties_cooperative_gb,,unknown,Your Co-op Travel
Norfolk,midcounties_cooperative_gb,,unknown,Your Co-op Travel
Stanford,morrisons_gb,,unknown,Morrisons Daily Gnosall
East Dereham,morrisons_gb,,unknown,East Dereham Petrol Station
Kings Lynn,morrisons_gb,,unknown,Morrisons Daily Clenchwarton Main Road
Norwich,morrisons_gb,,unknown,Morrisons Daily Norwich 78 Colman Road
Cromer,morrisons_gb,,unknown,Cromer Petrol Station
Diss,morrisons_gb,,unknown,Diss Petrol Station
Fakenham,morrisons_gb,,unknown,Morrisons Daily Fakenham Bridge Street
Great Yarmouth,morrisons_gb,,unknown,Morrisons Daily Gorleston-on-sea Magdalen
Downham Market,morrisons_gb,,unknown,Downham Market
Wymondham,morrisons_gb,,unknown,Wymondham
Swaffham,morrisons_gb,,unknown,Morrisons Daily Swaffham 49/51 Market Place
Dereham,morrisons_gb,,unknown,Morrisons Daily Bawdeswell The Street
Lowestoft,morrisons_gb,,unknown,Morrisons Daily Lowestoft Gresham Avenue
North Walsham,morrisons_gb,,unknown,Morrisons Daily North Walsham Church St
near Swaffham,national_trust_gb,,unknown,Oxburgh Estate
King's Lynn,national_trust_gb,,unknown,St George's Guildhall
Harleston,national_trust_gb,,unknown,Darrow Wood
unknown,national_trust_gb,,unknown,The Textile Conservation Studio
Brancaster,national_trust_gb,,unknown,Brancaster Estate
Aylsham,national_trust_gb,,unknown,Blickling Estate
Great Yarmouth,national_trust_gb,,unknown,Horsey Windpump
Morston,national_trust_gb,,unknown,Morston Quay
Cley Road,national_trust_gb,,unknown,Blakeney National Nature Reserve
Upper Sheringham,national_trust_gb,,unknown,Sheringham Park
Norwich,national_trust_gb,,unknown,"Felbrigg Hall, Gardens and Estate"
West Runton,national_trust_gb,,unknown,West Runton and Beeston Regis Heath
NORWICH,next,,unknown,NORWICH - HAYHILL
Kings Lynn,o2_gb,,unknown,O2 Shop Kings Lynn
Norwich,o2_gb,,unknown,O2 Shop Norwich
Norfolk,pizza_express_gb,The Forum Millennium Plain Norwich Norfolk NR2 1TF,unknown,Norwich Forum Events Centre
Norfolk,pizza_express_gb,15 St Benedict's Street Norwich Norfolk NR2 4PE,unknown,Norwich St Benedict Street
Kings Lynn,pizza_express_gb,1 Saturday Market Place Kings Lynn Norfolk PE30 5DQ,unknown,Kings Lynn Saturday Market Place
Norfolk,pizza_hut_gb,,unknown,Pizza Hut Norwich South
Gt. Yarmouth,premier_gb,,unknown,Premier Southtown Premier Store
Downham Market,premier_gb,,unknown,Premier Southery Convenience Store
Sea Palling,premier_gb,,unknown,Premier Sea Palling Post Office & Stores
Great Yarmouth,premier_gb,,unknown,Premier Catfield Stores
Norwich,premier_gb,,unknown,Premier Rackheath Convenience Store
Gt Yarmouth,premier_gb,,unknown,Premier Southquay Service Station
Sheringham,premier_gb,,unknown,Premier Rayners Stores & Newsagent
Diss,premier_gb,,unknown,Premier Premier Convenience Stores
King’s Lynn,premier_gb,,unknown,Premier North End Off-Licence & Conv' Store
Kings Lynn,premier_gb,,unknown,Premier West Lynn Stores
Kenninghall,premier_gb,,unknown,Premier Kenninghall Stores & Post Office
North Walsham,premier_gb,,unknown,Premier Mundesley Road Stores
Loddon,premier_gb,,unknown,Premier Bridge Convenience Store
Bacton,premier_gb,,unknown,Premier Bacton Superstore
Caister on Sea,premier_gb,,unknown,Premier Offords
Thetford,premier_gb,,unknown,Premier Well Street Convenience
Swaffam,premier_gb,,unknown,Premier Swaffham Service Station
Swaffham,premier_gb,,unknown,Premier Three Ways Store
Caister,premier_gb,,unknown,Premier Caister On Sea Convenience
Wells-Next-The-Sea,premier_gb,,unknown,Premier Kinsley Store
Narborough,premier_gb,,unknown,Premier Narborough Stores
Thetford,screwfix_gb,,unknown,Screwfix Thetford
Norwich,screwfix_gb,,unknown,Screwfix Norwich - Barker Street
North Walsham,screwfix_gb,,unknown,Screwfix North Walsham
Kings Lynn,screwfix_gb,,unknown,Screwfix Kings Lynn
Great Yarmouth,screwfix_gb,,unknown,Screwfix Great Yarmouth
Fakenham,screwfix_gb,,unknown,Screwfix Fakenham
Downham Market,screwfix_gb,,unknown,Screwfix Downham Market
Diss,screwfix_gb,,unknown,Screwfix Diss
Dereham,screwfix_gb,,unknown,Screwfix Dereham
Cromer,screwfix_gb,,unknown,Screwfix Cromer
Aylsham,screwfix_gb,,unknown,Screwfix Aylsham
Diss,shell,,unknown,SHELL DISS
HARLESTON,shell,,unknown,HARLESTON SERVICE STATION
THETFORD,shell,,unknown,FISON WAY SELF-SERVE
Norwich,shell,,unknown,EG SWEETBRIAR SERVICE STATION
Attleborough,shell,,unknown,SHELL ATTLEBOROUGH
WYMONDHAM,shell,,unknown,SHELL WAITROSE WYMONDHAM
BECCLES,shell,,unknown,SHELL BECCLES
NORWICH,shell,,unknown,MARTIN SERVICE STATION
"EATON, NORWICH",shell,,unknown,EV WAITROSE NORWICH
SWAFFHAM,shell,,unknown,SHELL WAITROSE SWAFFHAM
Fakenham,shell,,unknown,SHELL LITTLE WAITROSE FAKENHAM
GREAT YARMOUTH,shell,,unknown,NICHOLAS FILLING STATION
SHERINGHAM,shell,,unknown,SHERINGHAM SERVICE STATION
KING'S LYNN,shell,,unknown,SHELL KINGS LYNN
unknown,shoezone_gb,,unknown,Shoe Zone
Kings Lynn,sig_roofing_gb,Unit 5 Maple Road,unknown,SIG Roofing Kings Lynn
Norwich,sig_roofing_gb,8 Fletcher Way,unknown,SIG Roofing Norwich
Gt. Yarmouth,sig_roofing_gb,Unit 1 Boundary Road,unknown,SIG Roofing Yarmouth
Diss,specsavers,,unknown,Diss
Thetford,specsavers,,unknown,Thetford Healthy Living Centre
Wymondham,specsavers,,unknown,Wymondham
Great Yarmouth,specsavers,,unknown,Great Yarmouth
Norwich,specsavers,,unknown,Norwich - Pound Lane
Norfolk,specsavers,,unknown,East Dereham Hearing Centre
East Dereham,specsavers,,unknown,East Dereham
Kings Lynn,specsavers,,unknown,Kings Lynn
Fakenham,specsavers,,unknown,Fakenham
Norwich,stonehouse_gb,,unknown,The Town House Norwich
Norwich,the_cooperative_group,,unknown,Earlham Funeralcare (Inc. Gordon Rooney)
WISBECH,the_cooperative_group,,unknown,"The Co-operative Food, Upwell - Town Street"
Great Yarmouth,the_cooperative_group,,unknown,"The Co-operative Food, Kings Way - Hemsby"
Cromer,the_cooperative_group,,unknown,"The Co-operative Food, Cromer - High Street"
Wymondham,the_cooperative_group,,unknown,R. J. Bartram &amp; Son Funeralcare
King&#39;s Lynn,the_cooperative_group,,unknown,"The Co-operative Food, Snettisham - Lynn Road"
Attleborough,the_cooperative_group,,unknown,R J Bartram &amp; Son Funeralcare
Dereham,the_cooperative_group,,unknown,R J Bartram &amp; Son Funeralcare
Watton,the_cooperative_group,,unknown,Breckland Funeralcare
Diss,the_cooperative_group,,unknown,Diss Funeralcare (Inc. Rackhams Funeral Services)
Wroxham,the_cooperative_group,,unknown,Wroxham Funeralcare (Inc. Broadland)
Holt,the_cooperative_group,,unknown,Holt Funeralcare (inc. Peter Taylor Funeral Service)
Aylsham,the_cooperative_group,,unknown,Duckers Funeralcare
Norwich,the_range,,unknown,The Range: Hall Road - Norwich
King's Lynn,the_range,,unknown,The Range: Kings Lynn
Great Yarmouth,the_range,,unknown,The Range: Great Yarmouth
Beccles,timpson_gb,,unknown,"Beccles, Tesco"
Great Yarmouth,toby_carvery_gb,,unknown,Toby Carvery Captain Manby Gorleston
Norwich,vets4pets_gb,,unknown,Norwich Hall Road Vets4Pets
Kings Lynn,vets4pets_gb,,unknown,Kings Lynn Vets4Pets
DISS,visa,,unknown,unknown
THETFORD,visa,,unknown,unknown
BECCLES,visa,,unknown,unknown
WYMONDHAM,visa,,unknown,unknown
GREAT YARMOUTH,visa,,unknown,unknown
DOWNHAM MARKET,visa,,unknown,unknown
NORWICH,visa,,unknown,unknown
"SOUTHTOWN, GREAT YARMOUTH",visa,,unknown,unknown
GT YARMOUTH,visa,,unknown,unknown
SWAFFHAM,visa,,unknown,unknown
NORFOLK,visa,,unknown,unknown
CAISTER,visa,,unknown,unknown
DEREHAM,visa,,unknown,unknown
DRAYTON,visa,,unknown,unknown
EAST DEREHAM,visa,,unknown,unknown
TAVERHAM,visa,,unknown,unknown
WROXHAM,visa,,unknown,unknown
KINGS LYNN,visa,,unknown,unknown
KING.S LYNN,visa,,unknown,unknown
STALHAM,visa,,unknown,unknown
FAKENHAM,visa,,unknown,unknown
HEACHAM,visa,,unknown,unknown
HOLT,visa,,unknown,unknown
CROMER,visa,,unknown,unknown
HUNSTANTON,visa,,unknown,unknown
SHERINGHAM,visa,,unknown,unknown
Dereham,voyagecare,Breckland Business Centre,unknown,Voyage (DCA) Norfolk & Fenland
Norwich,well_gb,,unknown,Well Pharmacy
Wymondham,well_gb,,unknown,Well Pharmacy
Swaffham,well_gb,,unknown,Well Pharmacy
Ormesby St Margaret,well_gb,,unknown,Well Pharmacy
North Walsham,well_gb,,unknown,Well Pharmacy
Martham,well_gb,,unknown,Well Pharmacy
Long Stratton,well_gb,,unknown,Well Pharmacy
King&apos;s Lynn,well_gb,,unknown,Well Pharmacy
Great Yarmouth,well_gb,,unknown,Well Pharmacy
Gorleston,well_gb,,unknown,Well Pharmacy
Fakenham,well_gb,,unknown,Well Pharmacy
Diss,well_gb,,unknown,Well Pharmacy
Acle,well_gb,,unknown,Well Pharmacy
Norwich,western_union,,unknown,STALHAM POST OFFICE
Great Yarmouth,western_union,,unknown,BRADWELL POST OFFICE
Thetford,western_union,,unknown,THETFORD POST OFFICE
Wymondham,western_union,,unknown,RUSTENS POST OFFICE
Diss,western_union,,unknown,DISS POST OFFICE
Harleston,western_union,,unknown,HARLESTON POST OFFICE
North Walsham,western_union,,unknown,NORTH WALSHAM POST OFFICE
Cromer,western_union,,unknown,CROMER POST OFFICE
Kings Lynn,whsmith,,unknown,"WHSmith, Norfolk Street, Kings Lynn"
Sheringham,whsmith,,unknown,"WHSmith, Church Street, Sheringham"
Norwich,whsmith,,unknown,"WHSmith, Norwich Thorpe Railway Station"
Thetford,whsmith,,unknown,"WHSmith, King Street, Thetford"
Great Yarmouth,whsmith,,unknown,"WHSmith, King Street, Great Yarmouth"
Diss,whsmith,,unknown,"WHSmith, Mere Street, Diss"
King's Lynn,wolseley_gb,,unknown,King's Lynn
Cromer,wolseley_gb,,unknown,Cromer
Norwich,wrenkitchens_gb,,unknown,Norwich showroom
Kings Lynn,wrenkitchens_gb,,unknown,Kings Lynn showroom
