City,Place Name,Zipcode,Name
Corbeil Essonnes,asics_eu,,unknown,ASICS Factory Outlet  Corbeil
Paris,asics_eu,,unknown,"ASICS Paris, Rue de Aubry"
ST MAUR DES FOSSES / CRETEIL,audi,39 RUE DE LA VARENNE ST MAUR DES FOSSES / CRETEIL 94100,unknown,A.J.P AUTOMOBILES
PARIS 12,audi,29 Rue de la Voute PARIS 12 75012,unknown,ALLIANCE PARIS EST
JUVISY SUR ORGES,audi,27 Avenue de la cour de France JUVISY SUR ORGES 91260,unknown,ESPACE PARIS SUD
PARIS 16,audi,120 Rue de Lauriston PARIS 16 75116,unknown,ALIANTIS TROCADERO SAS
LES ULIS,audi,16 AVENUE DES ANDES LES ULIS 91940,unknown,ABSOLUTE SAS
CHAMBOURCY,audi,37 ROUTE DE MANTES CHAMBOURCY 78240,unknown,ALIANTIS CHAMBOURCY
MONTROUGE ( Sales),audi,44 AVENUE ARISTIDE BRIAND MONTROUGE ( Sales) 92120,unknown,ALIANTIS SAS
SAINT GERMAIN EN LAYE,audi,1 Place Georges Guynemer SAINT GERMAIN EN LAYE 78100,unknown,ALIANTIS SAINT GERMAIN
VELIZY VILLACOUBLAY,audi,19 Avenue Louis Breguet VELIZY VILLACOUBLAY 78140,unknown,SAS PREMIUM VELIZY
NANTERRE,audi,36 Avenue Vladimir Ilitch Lénine NANTERRE 92000,unknown,BAUER PARIS NANTERRE
VERT SAINT DENIS,audi,6 RUE PAUL HENRI SPAAK VERT SAINT DENIS 77240,unknown,SAS ROSE AUTOMOBILES
PARIS 12,audi,88 Cours de Vincennes PARIS 12 75012,unknown,SAS VILLERS SERVICES CENTER
STE GENEVIEVE DES BOIS,audi,107 Route de Corbeil STE GENEVIEVE DES BOIS 91704,unknown,DONJON AUTOMOBILES SA
ARPAJON,audi,9 rue des pres Z.A. Belles Vues ARPAJON 91290,unknown,GALAXIE AUTOMOBILES SAS
PARIS 17,audi,21 Rue Cardinet PARIS 17 75017,unknown,BAUER PARIS WAGRAM
ROISSY EN France,audi,1 Rue des marguilliers ROISSY EN France 95700,unknown,BAUER PARIS ROISSY
RUEIL MALMAISON,audi,35 Avenue Paul Doumer RUEIL MALMAISON 92500,unknown,AUDI SEINE
MEAUX (MAREUIL LES MEAUX),audi,255 AVENUE DE LA GRANDE HAIE - ZA LA HAUTE BORNE MEAUX (MAREUIL LES MEAUX) 77100,unknown,SAS G.J.P.
SAINT-OUEN,audi,80 RUE DU DOCTEUR BAUER SAINT-OUEN 93400,unknown,BAUER PARIS SAINT-OUEN
PARIS 01,audi,48 PLACE DU MARCHE ST HONORE PARIS 01 75001,unknown,AUDI CITY PARIS
BRIE COMTE ROBERT,audi,5 ALLÉE B FRANKLIN BRIE COMTE ROBERT 77170,unknown,ESPACE EUROPA SA
MARNE LA VALLEE (ST THIBAULT DES VIGNES),audi,332 RUE BERTHE MORISOT MARNE LA VALLEE (ST THIBAULT DES VIGNES) 77400,unknown,SAS PARIS EST EVOLUTION
SARTROUVILLE,audi,45 Avenue M. Berteaux SARTROUVILLE 78500,unknown,SAS DACY MOTORS
PROVINS,audi,1 Rue Georges Dromigny PROVINS 77160,unknown,GARAGE HAELTERMAN
PONTOISE,audi,AVENUE FRANCOIS MITTERAND PONTOISE 95300,unknown,VALODIS ROUSSEAU AUTOMOBILE SAS
VIRY CHATILLON,audi,93 AVENUE GENERAL DE GAULLE - RN 7 VIRY CHATILLON 91170,unknown,ESPACE PARIS SUD
PARIS 16,audi,105 BOULEVARD MURAT PARIS 16 75016,unknown,PREMIUM AUTOMOBILES
MONTIGNY LE BRETONNEUX,audi,15 AVENUE DES PRES MONTIGNY LE BRETONNEUX 78180,unknown,PREMIUM II SA
FONTAINEBLEAU (SAMOREAU),audi,Zône d`Activité Les Brulis Rue des 20 Arpents FONTAINEBLEAU (SAMOREAU) 77210,unknown,ROSE SA
MONTROUGE ( Service),audi,75 Avenue Aristide Briand MONTROUGE ( Service) 92120,unknown,ALIANTIS SAS
PARIS 15,audi,229 RUE LECOURBE PARIS 15 75015,unknown,ALIANTIS SAS
Paris,brewdog,1 Pl. de Thorigny 75003 Paris France,unknown,Le Marais
Departement des Yvelines,chicken_street,140 Rte de Pontoise  Argenteuil   95100,unknown,Chicken Street
Departement des Yvelines,chicken_street,10 Rue Paul Langevin   Plaisir   78370,unknown,Chicken Street
AULNAY SOUS BOIS,cic,,unknown,CIC
PARIS,cic,,unknown,CIC
MONTROUGE,cic,,unknown,CIC
DAMMARIE LES LYS,cic,,unknown,CIC
MELUN,cic,,unknown,CIC MELUN CARNOT - CIC VAUX LE PENIL
VAUX LE PENIL,cic,,unknown,CIC MELUN CARNOT
FONTAINEBLEAU,cic,,unknown,CIC
AVON,cic,,unknown,CIC
ST PIERRE LES NEMOURS,cic,,unknown,CIC
PROVINS,cic,,unknown,CIC PROVINS - CIC NOGENT SUR SEINE
MONTEREAU FAULT YONNE,cic,,unknown,CIC
VIROFLAY,cic,,unknown,CIC
ORSAY,cic,,unknown,CIC
CHILLY MAZARIN,cic,,unknown,CIC
CHATILLON,cic,,unknown,CIC
LONGJUMEAU,cic,,unknown,CIC
CLAMART,cic,,unknown,CIC
MONTEVRAIN,cic,,unknown,CIC MONTEVRAIN - CIC CHESSY VAL D EUROPE
FONTENAY AUX ROSES,cic,,unknown,CIC
BOURG LA REINE,cic,,unknown,CIC
MEUDON,cic,,unknown,CIC
SCEAUX,cic,,unknown,CIC
PALAISEAU,cic,,unknown,CIC
ANTONY,cic,,unknown,CIC
MASSY,cic,,unknown,CIC
CHATENAY MALABRY,cic,,unknown,CIC
VERRIERES LE BUISSON,cic,,unknown,CIC
BOULOGNE BILLANCOURT,cic,,unknown,CIC
NEUILLY SUR SEINE,cic,,unknown,CIC PARIS LA POMPE IBERBANCO - CIC PARIS POMPE IBERBANCO
VERSAILLES,cic,,unknown,CIC
RUEIL MALMAISON,cic,,unknown,CIC
NANTERRE,cic,,unknown,CIC
COURBEVOIE,cic,,unknown,CIC
ST CLOUD,cic,,unknown,CIC
PARIS LA DEFENSE,cic,,unknown,CIC
PUTEAUX,cic,,unknown,CIC
SURESNES,cic,,unknown,CIC SURESNES - CIC SURESNES-LES HAUTS DE
CRETEIL,cic,,unknown,CIC
L HAY LES ROSES,cic,,unknown,CIC
CHARENTON LE PONT,cic,,unknown,CIC
RUNGIS,cic,,unknown,CIC
LE KREMLIN BICETRE,cic,,unknown,CIC
MAISONS ALFORT,cic,,unknown,CIC
ROSNY SOUS BOIS,cic,,unknown,CIC
CHELLES,cic,,unknown,CIC CHELLES
NOISY LE SEC,cic,,unknown,CIC
VILLEMOMBLE,cic,,unknown,CIC
GAGNY,cic,,unknown,CIC
CHAMPIGNY SUR MARNE,cic,,unknown,CIC
ST MAUR DES FOSSES,cic,,unknown,CIC
BOBIGNY,cic,,unknown,CIC
LE RAINCY,cic,,unknown,CIC SAINT DENIS IBERBANCO
LES PAVILLONS SOUS BOIS,cic,,unknown,CIC
MITRY MORY,cic,,unknown,CIC
LIVRY GARGAN,cic,,unknown,CIC
SEVRAN,cic,,unknown,CIC
VILLEPINTE,cic,,unknown,CIC
CHOISY LE ROI,cic,,unknown,CIC
ALFORTVILLE,cic,,unknown,CIC
IVRY SUR SEINE,cic,,unknown,CIC
VILLEJUIF,cic,,unknown,CIC
VITRY SUR SEINE,cic,,unknown,CIC
ST OUEN SUR SEINE,cic,,unknown,CIC
LE PLESSIS BOUCHARD,cic,,unknown,CIC
DRANCY,cic,,unknown,CIC
AUBERVILLIERS,cic,,unknown,CIC
SANNOIS,cic,,unknown,CIC
LA PLAINE ST DENIS,cic,,unknown,CIC
ERMONT,cic,,unknown,CIC
LE BLANC MESNIL,cic,,unknown,CIC
ST GRATIEN,cic,,unknown,CIC
ST DENIS,cic,,unknown,CIC
LE BOURGET,cic,,unknown,CIC
EAUBONNE,cic,,unknown,CIC
ENGHIEN LES BAINS,cic,,unknown,CIC
DEUIL LA BARRE,cic,,unknown,CIC
EZANVILLE,cic,,unknown,CIC
ARNOUVILLE,cic,,unknown,CIC
VILLIERS LE BEL,cic,,unknown,CIC
LA CHAPELLE EN SERVAL,cic,,unknown,CIC
OTHIS,cic,,unknown,CIC
MEAUX,cic,,unknown,CIC
LA FERTE SOUS JOUARRE,cic,,unknown,CIC
MONTIGNY LES CORMEILLES,cic,,unknown,CIC
FRANCONVILLE LA GARENNE,cic,,unknown,CIC
ARGENTEUIL,cic,,unknown,CIC ARGENTEUIL IBERBANCO - CIC COLOMBES IBERBANCO
COLOMBES,cic,,unknown,CIC ARGENTEUIL IBERBANCO
ASNIERES SUR SEINE,cic,,unknown,CIC
BEZONS,cic,,unknown,CIC
HOUILLES,cic,,unknown,CIC
MEZIERES SUR SEINE,cic,,unknown,CIC
ST GERMAIN EN LAYE,cic,,unknown,CIC
MANTES LA JOLIE,cic,,unknown,CIC
LIMAY,cic,,unknown,CIC
NOGENT SUR MARNE,cic,,unknown,CIC NOGENT SUR MARNE - CIC NOGENT LE PERREUX
NOISY LE GRAND,cic,,unknown,CIC
ROMAINVILLE,cic,,unknown,CIC
FONTENAY SOUS BOIS,cic,,unknown,CIC
NEUILLY SUR MARNE,cic,,unknown,CIC
MAGNY EN VEXIN,cic,,unknown,CIC
SARTROUVILLE,cic,,unknown,CIC
CORMEILLES EN PARISIS,cic,,unknown,CIC
ORGEVAL,cic,,unknown,CIC
MAISONS LAFFITTE,cic,,unknown,CIC
MARINES,cic,,unknown,CIC
POISSY,cic,,unknown,CIC
HERBLAY SUR SEINE,cic,,unknown,CIC
LES MUREAUX,cic,,unknown,CIC
CONFLANS STE HONORINE,cic,,unknown,CIC
TRIEL SUR SEINE,cic,,unknown,CIC
ERAGNY SUR OISE,cic,,unknown,CIC
PONTOISE,cic,,unknown,CIC
CERGY,cic,,unknown,CIC
CERGY PONTOISE,cic,,unknown,CIC CERGY ENTREPRISES - CIC CERGY ENGHIEN ENTREPRI
JOUY LE MOUTIER,cic,,unknown,CIC
VAUREAL,cic,,unknown,CIC
TAVERNY,cic,,unknown,CIC
L ISLE ADAM,cic,,unknown,CIC
BEAUMONT SUR OISE,cic,,unknown,CIC
VIARMES,cic,,unknown,CIC
CESSON,cic,,unknown,CIC
FONTENAY TRESIGNY,cic,,unknown,CIC
LES LILAS,cic,,unknown,CIC
PONTAULT COMBAULT,cic,,unknown,CIC PONTAULT COMBAULT IBERBANCO - CIC SUCY EN BRIE IBERBANCO
CHENNEVIERES SUR MARNE,cic,,unknown,CIC
CHAMPS SUR MARNE,cic,,unknown,CIC CHAMPS SUR MARNE - CIC CHAMPS/MARNE CONSEIL
VILLIERS SUR MARNE,cic,,unknown,CIC
ST MANDE,cic,,unknown,CIC
LE PRE ST GERVAIS,cic,,unknown,CIC
BEYNES,cic,,unknown,CIC
LE PERRAY EN YVELINES,cic,,unknown,CIC
RAMBOUILLET,cic,,unknown,CIC
MONTFORT L AMAURY,cic,,unknown,CIC
HOUDAN,cic,,unknown,CIC
VINCENNES,cic,,unknown,CIC
MONTREUIL,cic,,unknown,CIC
LEVALLOIS PERRET,cic,,unknown,CIC
CLICHY,cic,,unknown,CIC
ATHIS MONS,cic,,unknown,CIC JUVISY
SAVIGNY SUR ORGE,cic,,unknown,CIC
JUVISY SUR ORGE,cic,,unknown,CIC JUVISY - CIC ATHIS MONS
MALAKOFF,cic,,unknown,CIC
SUCY EN BRIE,cic,,unknown,CIC
MONTGERON,cic,,unknown,CIC
VALENTON,cic,,unknown,CIC
LA GARENNE COLOMBES,cic,,unknown,CIC
FONTENAY LE FLEURY,cic,,unknown,CIC
MAUREPAS,cic,,unknown,CIC
BRETIGNY SUR ORGE,cic,,unknown,CIC
MARCOUSSIS,cic,,unknown,CIC
STE GENEVIEVE DES BOIS,cic,,unknown,CIC STE GENEVIEVE DES BOIS - CIC MORSANG SUR ORGE
BALLANCOURT SUR ESSONNE,cic,,unknown,CIC
BRIE COMTE ROBERT,cic,,unknown,CIC
MORSANG SUR ORGE,cic,,unknown,CIC STE GENEVIEVE DES BOIS
MOISSY CRAMAYEL,cic,,unknown,CIC COMBS LA VILLE
COMBS LA VILLE,cic,,unknown,CIC COMBS LA VILLE - CIC MOISSY CRAMAYEL
RIS ORANGIS,cic,,unknown,CIC
EVRY COURCOURONNES,cic,,unknown,CIC
CORBEIL ESSONNES,cic,,unknown,CIC
ST GERMAIN LES CORBEIL,cic,,unknown,CIC
ARPAJON,cic,,unknown,CIC
LES ULIS,cic,,unknown,CIC
ETAMPES,cic,,unknown,CIC ETAMPES - CIC LA FERTE ALAIS
ETRECHY,cic,,unknown,CIC
LA FERTE ALAIS,cic,,unknown,CIC ETAMPES
BREUILLET,cic,,unknown,CIC
MILLY LA FORET,cic,,unknown,CIC
LA FERTE GAUCHER,cic,,unknown,CIC COULOMMIERS
COULOMMIERS,cic,,unknown,CIC COULOMMIERS - CIC LA FERTE GAUCHER
ABLIS,cic,,unknown,CIC
ST ARNOULT EN YVELINES,cic,,unknown,CIC
DOURDAN,cic,,unknown,CIC
LE VESINET,cic,,unknown,CIC
CHATOU,cic,,unknown,CIC
ISSY LES MOULINEAUX,cic,,unknown,CIC
SEVRES,cic,,unknown,CIC
ELANCOURT,cic,,unknown,CIC
VILLEPREUX,cic,,unknown,CIC
LES CLAYES SOUS BOIS,cic,,unknown,CIC
JOUARS PONTCHARTRAIN,cic,,unknown,CIC
LE CHESNAY ROCQUENCOURT,cic,,unknown,CIC
LAGNY SUR MARNE,cic,,unknown,CIC
VAIRES SUR MARNE,cic,,unknown,CIC
CLAYE SOUILLY,cic,,unknown,CIC
GRETZ ARMAINVILLIERS,cic,,unknown,CIC GRETZ ARMAINVILLIERS - CIC TOURNAN EN BRIE
ROISSY EN BRIE,cic,,unknown,CIC OZOIR LA FERRIERE
ST GERMAIN SUR MORIN,cic,,unknown,CIC SAINT GERMAIN SUR MORIN - CIC CRECY LA CHAPELLE
CRECY LA CHAPELLE,cic,,unknown,CIC SAINT GERMAIN SUR MORIN - CIC ST GERMAIN SUR MORIN
CHESSY,cic,,unknown,CIC MONTEVRAIN
OZOIR LA FERRIERE,cic,,unknown,CIC OZOIR LA FERRIERE - CIC ROISSY EN BRIE
TOURNAN EN BRIE,cic,,unknown,CIC GRETZ ARMAINVILLIERS
BUSSY ST GEORGES,cic,,unknown,CIC
TORCY,cic,,unknown,CIC
MARLY LE ROI,cic,,unknown,CIC
MONTIGNY LE BRETONNEUX,cic,,unknown,CIC
ETAMPES,cigusto_fr,,unknown,CIGUSTO ETAMPES
VIRY CHATILLON,cigusto_fr,,unknown,CIGUSTO VIRY CHATILLON
VILLEBON SUR YVETTE,cigusto_fr,,unknown,CIGUSTO VILLEBON SUR YVETTE
VIGNEUX SUR SEINE,cigusto_fr,,unknown,CIGUSTO VIGNEUX SUR SEINE
ORMESSON SUR MARNE,cigusto_fr,,unknown,CIGUSTO ORMESSON
MONTESSON,cigusto_fr,,unknown,CIGUSTO MONTESSON
MAUREPAS,cigusto_fr,,unknown,CIGUSTO MAUREPAS
BUCHELAY,cigusto_fr,,unknown,CIGUSTO MANTES LA JOLIE
GIF SUR YVETTE,cigusto_fr,,unknown,CIGUSTO GIF SUR YVETTE
CHAMBOURCY,cigusto_fr,,unknown,CIGUSTO CHAMBOURCY
CESSON,cigusto_fr,,unknown,CIGUSTO CESSON BOISSENART
BRIE COMTE ROBERT,cigusto_fr,,unknown,CIGUSTO BRIE COMTE ROBERT
ATHIS MONS,cigusto_fr,,unknown,CIGUSTO ATHIS MONS
VILLEPARISIS,e_leclerc,,unknown,DRIVE Villeparisis
CARRIERES SOUS POISSY,e_leclerc,,unknown,Location
L'ISLE ADAM,e_leclerc,,unknown,Drive L'isle-Adam
LA FERTE SOUS JOUARRE CEDEX,e_leclerc,,unknown,Location
VARENNES SUR SEINE,e_leclerc,,unknown,Varennes-sur-Seine
Varennes-sur-Seine,e_leclerc,,unknown,Brico E.Leclerc Varennes-sur-Seine
TARBES,e_leclerc,,unknown,Espace Culturel Tarbes
COULOMMIERS,e_leclerc,,unknown,Drive Coulommiers
La Ferté Gaucher,e_leclerc,,unknown,Drive La Ferté Gaucher
Faremoutiers,e_leclerc,,unknown,Drive Faremoutiers
CHAMPIGNY SUR MARNE CEDEX,e_leclerc,,unknown,Voyages
CHAMPIGNY SUR MARNE,e_leclerc,,unknown,CHAMPIGNY
Saint-Doulchard,e_leclerc,,unknown,Location
DAMMARIE LES LYS,e_leclerc,,unknown,Drive Dammarie-les-Lys
CONFLANS SAINTE HONORINE CEDEX,e_leclerc,,unknown,Drive Conflans-Sainte-Honorine
CONFLANS SAINTE HONORINE,e_leclerc,,unknown,CONFLANS
MONTGERON,e_leclerc,,unknown,Drive Montgeron
VITRY SUR SEINE CEDEX,e_leclerc,,unknown,Drive Vitry-sur-Seine
VITRY SUR SEINE,e_leclerc,,unknown,VITRY SUR SEINE
PERSAN,e_leclerc,,unknown,PERSAN
MEAUX,e_leclerc,,unknown,Drive Le Piéton de Meaux
LIZY SUR OURCQ,e_leclerc,,unknown,LIZY SUR OURCQ
ACHERES,e_leclerc,,unknown,Drive Achères
MASSY,e_leclerc,,unknown,MASSY
palaiseau,e_leclerc,,unknown,Drive Massy Palaiseau
Morangis,e_leclerc,,unknown,Drive Morangis
PROVINS,e_leclerc,,unknown,Drive Provins
NANTERRE,e_leclerc,,unknown,NANTERRE
CLICHY SOUS BOIS,e_leclerc,,unknown,Location
Aulnay sous Bois,e_leclerc,,unknown,Drive Aulnay-sous-Bois
OSNY,e_leclerc,,unknown,Drive Osny
MARINES,e_leclerc,,unknown,Drive Marines
Pontoise,e_leclerc,,unknown,DRIVE Relais Pontoise
Mareuil les meaux,e_leclerc,,unknown,Drive Mareuil-le-Meaux
MAREUIL LES MEAUX,e_leclerc,,unknown,MAREUIL
Crécy La Chapelle,e_leclerc,,unknown,Drive Crécy-La-Chapelle
VIRY CHATILLON CEDEX,e_leclerc,,unknown,Drive Viry
LISSES,e_leclerc,,unknown,Drive Lisses
LEVALLOIS PERRET,e_leclerc,,unknown,Location
Paris 17ème,e_leclerc,,unknown,Station Service
EPINAY SUR SEINE SAINT LEU,e_leclerc,,unknown,Station Service
EPINAY SUR SEINE,e_leclerc,,unknown,EPINAY
Epinay Sur Seine,e_leclerc,,unknown,Location
Sannois,e_leclerc,,unknown,DRIVE Sannois
Epinay sur Seine,e_leclerc,,unknown,Drive Epinay sur Seine
ENGHIEN LES BAINS,e_leclerc,,unknown,Relais Enghein
LE KREMLIN BICETRE CEDEX,e_leclerc,,unknown,Location
LE KREMLIN BICETRE,e_leclerc,,unknown,DRIVE Le Kremlin Bicêtre
PANTIN CEDEX,e_leclerc,,unknown,PANTIN
SAINT PRIX,e_leclerc,,unknown,Location
SAINT LEU LA FORET,e_leclerc,,unknown,Drive Saint Leu la Forêt
Saint-Prix,e_leclerc,,unknown,Relais Saint-Prix
ORLY,e_leclerc,,unknown,Location
Magny-en-Vexin,e_leclerc,,unknown,DRIVE Magny-en-Vexin
Paris XIX,e_leclerc,,unknown,PARIS 19
LE CHATELET EN BRIE,e_leclerc,,unknown,Drive Le Châtelet en Brie
BOIS D'ARCY,e_leclerc,,unknown,Drive Bois d'Arcy
ANGERVILLE,e_leclerc,,unknown,Drive Angerville
BONNEUIL S/MARNE,e_leclerc,,unknown,Drive Bonneuil-sur-Marne
SERVON,e_leclerc,,unknown,Drive Servon
Paris Gaité Montparnasse,e_leclerc,,unknown,Montparnasse
MONTEVRAIN,e_leclerc,,unknown,Drive Montévrain
Torcy,e_leclerc,,unknown,Drive Torcy
LAGNY SUR MARNE,e_leclerc,,unknown,Drive Lagny Sur Marne
RAMBOUILLET,e_leclerc,,unknown,Location
Etampes,e_leclerc,,unknown,Drive Etampes
ETAMPES,e_leclerc,,unknown,ETAMPES
OZOIR LA FERRIERE,e_leclerc,,unknown,Location
Houilles,e_leclerc,,unknown,HOUILLES
FLEURY MEROGIS,e_leclerc,,unknown,FLEURY MÉROGIS
Fleury Mérogis,e_leclerc,,unknown,DRIVE Fleury-Mérogis
GENNEVILLIERS,e_leclerc,,unknown,GENNEVILLIERS
SAINT OUEN L'AUMONE,e_leclerc,,unknown,Drive Saint Ouen l'Aumône
SAINT OUEN L'AUMÔNE,e_leclerc,,unknown,Express LIESSE
FOSSES CEDEX,e_leclerc,,unknown,Location
LA CHAPELLE EN SERVAL,e_leclerc,,unknown,FOSSES
Saint-Witz,e_leclerc,,unknown,DRIVE Saint-Witz
MANTES LA VILLE,e_leclerc,,unknown,MANTES LA VILLE
Gometz-la-Ville,e_leclerc,,unknown,DRIVE Gometz-La-Ville
COLOMBES,e_leclerc,,unknown,COLOMBES 4 CHEMINS
LE BLANC MESNIL,e_leclerc,,unknown,Drive Blanc Mesnil
La Courneuve,e_leclerc,,unknown,Drive La Courneuve
CHELLES,e_leclerc,,unknown,Chelles
YERRES,e_leclerc,,unknown,Yerres
RUEIL MALMAISON CEDEX,e_leclerc,,unknown,Location
RUEIL MALMAISON,e_leclerc,,unknown,RUEIL
Rueil Malmaison,e_leclerc,,unknown,DRIVE Rueil-Malmaison Bonaparte
RUEIL-MALMAISON,e_leclerc,,unknown,Drive Rueil-Malmaison
BOBIGNY,e_leclerc,,unknown,BOBIGNY
FRANCONVILLE,e_leclerc,,unknown,Location
HERBLAY,e_leclerc,,unknown,Drive Herblay
Fontenay-Trésigny,e_leclerc,,unknown,Fontenay-Trésigny
MOISSELLES,e_leclerc,,unknown,Drive Moisselles/Domont
Groslay,e_leclerc,,unknown,DRIVE Groslay
CLICHY,e_leclerc,,unknown,CLICHY
ROSNY SOUS BOIS,e_leclerc,,unknown,ROSNY SOUS BOIS
GONESSE,e_leclerc,,unknown,Location
Breteuil,e_leclerc,,unknown,Location
MAGNY EN VEXIN,e_leclerc,,unknown,MAGNY EN VEXIN
CERGY,e_leclerc,,unknown,CERGY EXPLOITATION
Eragny Sur Oise,e_leclerc,,unknown,Eragny
Yerres,fedex,,unknown,unknown
Wissous,fedex,,unknown,FedEx Express FR
Vitry Sur Seine,fedex,,unknown,unknown
Viry Chatillon,fedex,,unknown,unknown
Viroflay,fedex,,unknown,unknown
Vincennes,fedex,,unknown,unknown
Villiers Sur Orge,fedex,,unknown,unknown
Villiers Sur Marne,fedex,,unknown,unknown
Villiers St Georges,fedex,,unknown,unknown
Villiers Le Bel,fedex,,unknown,unknown
Villiers Le Bacle,fedex,,unknown,unknown
Villetaneuse,fedex,,unknown,unknown
Villepreux,fedex,,unknown,unknown
Villepinte,fedex,,unknown,unknown
Villeparisis,fedex,,unknown,unknown
Villenoy,fedex,,unknown,unknown
Villeneuve Sur Bellot,fedex,,unknown,unknown
Villeneuve St Georges,fedex,,unknown,unknown
Villeneuve Le Roi,fedex,,unknown,unknown
Villeneuve La Garenne,fedex,,unknown,unknown
Villemomble,fedex,,unknown,unknown
Villemoisson Sur Orge,fedex,,unknown,unknown
Villejust,fedex,,unknown,unknown
Villejuif,fedex,,unknown,unknown
Villecresnes,fedex,,unknown,unknown
Villebon Sur Yvette,fedex,,unknown,unknown
Vigny,fedex,,unknown,unknown
Vigneux Sur Seine,fedex,,unknown,unknown
Viarmes,fedex,,unknown,unknown
Vert,fedex,,unknown,unknown
Vert St Denis,fedex,,unknown,unknown
Versailles,fedex,,unknown,unknown
Verrieres Le Buisson,fedex,,unknown,unknown
Vernouillet,fedex,,unknown,unknown
Verneuil L Etang,fedex,,unknown,unknown
Veneux Les Sablons,fedex,,unknown,unknown
Velizy Villacoublay,fedex,,unknown,unknown
Vaux Le Penil,fedex,,unknown,unknown
Vaureal,fedex,,unknown,unknown
Vaujours,fedex,,unknown,unknown
Vaudoy En Brie,fedex,,unknown,unknown
Varreddes,fedex,,unknown,unknown
Varennes Sur Seine,fedex,,unknown,unknown
Vanves,fedex,,unknown,unknown
Vallangoujard,fedex,,unknown,unknown
Valenton,fedex,,unknown,unknown
Vaires Sur Marne,fedex,,unknown,unknown
Ussy Sur Marne,fedex,,unknown,unknown
Trilport,fedex,,unknown,unknown
Triel Sur Seine,fedex,,unknown,unknown
Tremblay En France,fedex,,unknown,unknown
Trappes,fedex,,unknown,FedEx Express FR
Tournan En Brie,fedex,,unknown,unknown
Touquin,fedex,,unknown,unknown
Torcy,fedex,,unknown,unknown
Tigery,fedex,,unknown,unknown
Thorigny Sur Marne,fedex,,unknown,unknown
Thomery,fedex,,unknown,unknown
Thiais,fedex,,unknown,unknown
Taverny,fedex,,unknown,unknown
Survilliers,fedex,,unknown,unknown
Suresnes,fedex,,unknown,unknown
Sucy En Brie,fedex,,unknown,unknown
Ste Genevieve Des Bois,fedex,,unknown,unknown
Stains,fedex,,unknown,unknown
St Vrain,fedex,,unknown,unknown
St Thibault Des Vignes,fedex,,unknown,unknown
St Soupplets,fedex,,unknown,unknown
St Remy Les Chevreuse,fedex,,unknown,unknown
St Quentin En Yvelines Cedex,fedex,,unknown,unknown
St Pierre Les Nemours,fedex,,unknown,unknown
St Pierre Du Perray,fedex,,unknown,unknown
St Pathus,fedex,,unknown,unknown
St Ouen,fedex,,unknown,unknown
St Ouen L Aumone,fedex,,unknown,unknown
St Mesmes,fedex,,unknown,unknown
St Maur Des Fosses,fedex,,unknown,unknown
St Martin Du Tertre,fedex,,unknown,unknown
St Mard,fedex,,unknown,unknown
St Mammes,fedex,,unknown,unknown
St Leu La Foret,fedex,,unknown,unknown
St Leger En Yvelines,fedex,,unknown,unknown
St Lambert Des Bois,fedex,,unknown,unknown
St Gratien,fedex,,unknown,unknown
St Germain Les Corbeil,fedex,,unknown,unknown
St Germain Laval,fedex,,unknown,unknown
St Germain En Laye,fedex,,unknown,unknown
St Germain De La Grange,fedex,,unknown,unknown
St Fargeau Ponthierry,fedex,,unknown,unknown
St Denis,fedex,,unknown,unknown
St Cyr Sous Dourdan,fedex,,unknown,unknown
St Cyr L Ecole,fedex,,unknown,unknown
St Cloud,fedex,,unknown,unknown
St Cheron,fedex,,unknown,unknown
St Brice Sous Foret,fedex,,unknown,unknown
Souppes Sur Loing,fedex,,unknown,unknown
Soisy Sur Seine,fedex,,unknown,unknown
Soisy Sous Montmorency,fedex,,unknown,unknown
Sevres,fedex,,unknown,unknown
Sevran,fedex,,unknown,unknown
Servon,fedex,,unknown,unknown
Serris,fedex,,unknown,unknown
Seraincourt,fedex,,unknown,unknown
Sept Sorts,fedex,,unknown,unknown
Sceaux,fedex,,unknown,unknown
Savigny Sur Orge,fedex,,unknown,unknown
Savigny Le Temple,fedex,,unknown,unknown
Sartrouville,fedex,,unknown,unknown
Sarcelles,fedex,,unknown,unknown
Santeny,fedex,,unknown,unknown
Sannois,fedex,,unknown,unknown
Samoreau,fedex,,unknown,unknown
Sammeron,fedex,,unknown,unknown
Salins,fedex,,unknown,unknown
Saintry Sur Seine,fedex,,unknown,unknown
Saclas,fedex,,unknown,unknown
Saacy Sur Marne,fedex,,unknown,unknown
Rungis,fedex,,unknown,unknown
Rueil Malmaison,fedex,,unknown,unknown
Rozay En Brie,fedex,,unknown,unknown
Rosny Sur Seine,fedex,,unknown,unknown
Rosny Sous Bois,fedex,,unknown,unknown
Romainville,fedex,,unknown,unknown
Roissy En Brie,fedex,,unknown,unknown
Rocquencourt,fedex,,unknown,unknown
Ris Orangis,fedex,,unknown,unknown
Rebais,fedex,,unknown,unknown
Rambouillet,fedex,,unknown,unknown
Quincy Sous Senart,fedex,,unknown,unknown
Puteaux,fedex,,unknown,unknown
Pussay,fedex,,unknown,unknown
Puiseaux,fedex,,unknown,unknown
Prunay Sur Essonne,fedex,,unknown,unknown
Provins,fedex,,unknown,unknown
Pringy,fedex,,unknown,unknown
Presles,fedex,,unknown,unknown
Pontoise,fedex,,unknown,unknown
Pontcarre,fedex,,unknown,unknown
Pontault Combault,fedex,,unknown,unknown
Poissy,fedex,,unknown,unknown
Plaisir,fedex,,unknown,unknown
Pierrefitte Sur Seine,fedex,,unknown,unknown
Persan,fedex,,unknown,unknown
Pecqueuse,fedex,,unknown,unknown
Parmain,fedex,,unknown,unknown
Paris,fedex,,unknown,unknown
Paray Vieille Poste,fedex,,unknown,unknown
Pantin,fedex,,unknown,unknown
Pamfou,fedex,,unknown,unknown
Palaiseau,fedex,,unknown,unknown
Ozouer Le Voulgis,fedex,,unknown,unknown
Ozoir La Ferriere,fedex,,unknown,unknown
Othis,fedex,,unknown,unknown
Osny,fedex,,unknown,unknown
Orsay,fedex,,unknown,unknown
Ormoy,fedex,,unknown,unknown
Orly,fedex,,unknown,unknown
Orgeval,fedex,,unknown,unknown
Nucourt,fedex,,unknown,unknown
Noisy Le Sec,fedex,,unknown,unknown
Noisy Le Roi,fedex,,unknown,unknown
Noisy Le Grand,fedex,,unknown,unknown
Noisiel,fedex,,unknown,unknown
Nogent Sur Marne,fedex,,unknown,unknown
Neuilly Sur Marne,fedex,,unknown,unknown
Neuilly Plaisance,fedex,,unknown,unknown
Neufmoutiers En Brie,fedex,,unknown,unknown
Nemours,fedex,,unknown,unknown
Nanterre,fedex,,unknown,unknown
Nangis,fedex,,unknown,unknown
Moussy Le Neuf,fedex,,unknown,unknown
Mouroux,fedex,,unknown,unknown
Mortcerf,fedex,,unknown,unknown
Morsang Sur Orge,fedex,,unknown,unknown
Mormant,fedex,,unknown,unknown
Morigny Champigny,fedex,,unknown,unknown
Moret Sur Loing,fedex,,unknown,unknown
Morangis,fedex,,unknown,unknown
Montsoult,fedex,,unknown,unknown
Montrouge,fedex,,unknown,unknown
Montreuil,fedex,,unknown,unknown
Montmorency,fedex,,unknown,unknown
Montmagny,fedex,,unknown,unknown
Montlhery,fedex,,unknown,unknown
Montigny Les Cormeilles,fedex,,unknown,unknown
Montigny Le Bretonneux,fedex,,unknown,unknown
Montgeron,fedex,,unknown,unknown
Montfort L Amaury,fedex,,unknown,unknown
Montfermeil,fedex,,unknown,unknown
Montevrain,fedex,,unknown,unknown
Montesson,fedex,,unknown,unknown
Montereau Fault Yonne,fedex,,unknown,unknown
Montcourt Fromonville,fedex,,unknown,unknown
Mondeville,fedex,,unknown,unknown
Moissy Cramayel,fedex,,unknown,unknown
Moigny Sur Ecole,fedex,,unknown,unknown
Mitry Mory,fedex,,unknown,unknown
Milly La Foret,fedex,,unknown,unknown
Mezieres Sur Seine,fedex,,unknown,unknown
Meulan,fedex,,unknown,unknown
Meudon,fedex,,unknown,unknown
Meudon La Foret,fedex,,unknown,unknown
Mery Sur Oise,fedex,,unknown,unknown
Meriel,fedex,,unknown,unknown
Mereville,fedex,,unknown,unknown
Mere,fedex,,unknown,unknown
Mennecy,fedex,,unknown,unknown
Melun,fedex,,unknown,unknown
Meaux,fedex,,unknown,unknown
Maule,fedex,,unknown,unknown
Massy,fedex,,unknown,unknown
Marolles En Brie,fedex,,unknown,unknown
Marly Le Roi,fedex,,unknown,unknown
Marines,fedex,,unknown,unknown
Marcoussis,fedex,,unknown,unknown
Mantes La Ville,fedex,,unknown,unknown
Mantes La Jolie,fedex,,unknown,unknown
Malakoff,fedex,,unknown,unknown
Maisons Laffitte,fedex,,unknown,unknown
Maisons Alfort,fedex,,unknown,unknown
Maisoncelles En Brie,fedex,,unknown,unknown
Maison Rouge,fedex,,unknown,unknown
Maincy,fedex,,unknown,unknown
Magny Le Hongre,fedex,,unknown,unknown
Magny En Vexin,fedex,,unknown,unknown
Magnanville,fedex,,unknown,unknown
Machault,fedex,,unknown,unknown
Luzarches,fedex,,unknown,unknown
Louvres,fedex,,unknown,unknown
Louveciennes,fedex,,unknown,unknown
Lorrez Le Bocage Preaux,fedex,,unknown,unknown
Longperrier,fedex,,unknown,unknown
Longjumeau,fedex,,unknown,unknown
Lizy Sur Ourcq,fedex,,unknown,unknown
Livry Sur Seine,fedex,,unknown,unknown
Livry Gargan,fedex,,unknown,unknown
Lisses,fedex,,unknown,unknown
Linas,fedex,,unknown,unknown
Limours,fedex,,unknown,unknown
Limetz Villez,fedex,,unknown,unknown
Limeil Brevannes,fedex,,unknown,unknown
Limay,fedex,,unknown,unknown
Lieusaint,fedex,,unknown,unknown
Lierville,fedex,,unknown,unknown
Levallois Perret,fedex,,unknown,unknown
Leudeville,fedex,,unknown,unknown
Lesigny,fedex,,unknown,unknown
Les Ulis,fedex,,unknown,unknown
Les Pavillons Sous Bois,fedex,,unknown,unknown
Les Ormes Sur Voulzie,fedex,,unknown,unknown
Les Mureaux,fedex,,unknown,unknown
Les Mesnuls,fedex,,unknown,unknown
Les Lilas,fedex,,unknown,unknown
Les Clayes Sous Bois,fedex,,unknown,unknown
Les Breviaires,fedex,,unknown,unknown
Les Alluets Le Roi,fedex,,unknown,unknown
Le Vesinet,fedex,,unknown,unknown
Le Thillay,fedex,,unknown,unknown
Le Raincy,fedex,,unknown,unknown
Le Pre St Gervais,fedex,,unknown,unknown
Le Plessis Trevise,fedex,,unknown,unknown
Le Plessis Robinson,fedex,,unknown,unknown
Le Plessis Pate,fedex,,unknown,unknown
Le Plessis Bouchard,fedex,,unknown,unknown
Le Pin,fedex,,unknown,unknown
Le Perreux Sur Marne,fedex,,unknown,unknown
Le Pecq,fedex,,unknown,unknown
Le Mesnil St Denis,fedex,,unknown,unknown
Le Mesnil Le Roi,fedex,,unknown,unknown
Le Mesnil Amelot,fedex,,unknown,FedEx Express FR
Le Mee Sur Seine,fedex,,unknown,unknown
Le Kremlin Bicetre,fedex,,unknown,unknown
Le Coudray Montceaux,fedex,,unknown,unknown
Le Chatelet En Brie,fedex,,unknown,unknown
Le Bourget,fedex,,unknown,unknown
Le Blanc Mesnil,fedex,,unknown,unknown
Lardy,fedex,,unknown,unknown
Lagny Sur Marne,fedex,,unknown,unknown
La Ville Du Bois,fedex,,unknown,unknown
La Plaine St Denis,fedex,,unknown,unknown
La Grande Paroisse,fedex,,unknown,unknown
La Garenne Colombes,fedex,,unknown,unknown
La Ferte Sous Jouarre,fedex,,unknown,unknown
La Ferte Gaucher,fedex,,unknown,unknown
La Ferte Alais,fedex,,unknown,unknown
La Courneuve,fedex,,unknown,unknown
La Chapelle Gauthier,fedex,,unknown,unknown
La Celle St Cloud,fedex,,unknown,unknown
La Boissiere Ecole,fedex,,unknown,unknown
L Isle Adam,fedex,,unknown,unknown
L Ile St Denis,fedex,,unknown,unknown
L Hay Les Roses,fedex,,unknown,unknown
L Etang La Ville,fedex,,unknown,unknown
Juvisy Sur Orge,fedex,,unknown,unknown
Jouy Le Moutier,fedex,,unknown,unknown
Jouars Pontchartrain,fedex,,unknown,unknown
Jouarre,fedex,,unknown,unknown
Jossigny,fedex,,unknown,unknown
Joinville Le Pont,fedex,,unknown,unknown
Ivry Sur Seine,fedex,,unknown,unknown
Itteville,fedex,,unknown,unknown
Issy Les Moulineaux,fedex,,unknown,unknown
Houilles,fedex,,unknown,unknown
Houdan,fedex,,unknown,unknown
Herblay,fedex,,unknown,unknown
Hardricourt,fedex,,unknown,unknown
Guerville,fedex,,unknown,unknown
Guernes,fedex,,unknown,unknown
Guermantes,fedex,,unknown,unknown
Groslay,fedex,,unknown,unknown
Grisy Suisnes,fedex,,unknown,unknown
Grigny,fedex,,unknown,unknown
Grez Sur Loing,fedex,,unknown,unknown
Goussonville,fedex,,unknown,unknown
Goussainville,fedex,,unknown,unknown
Gournay Sur Marne,fedex,,unknown,unknown
Gonesse,fedex,,unknown,unknown
Gif Sur Yvette,fedex,,unknown,unknown
Gentilly,fedex,,unknown,unknown
Gennevilliers,fedex,,unknown,FedEx Express FR
Genicourt,fedex,,unknown,unknown
Gazeran,fedex,,unknown,unknown
Garges Les Gonesse,fedex,,unknown,unknown
Gargenville,fedex,,unknown,unknown
Garches,fedex,,unknown,unknown
Gagny,fedex,,unknown,unknown
Fublaines,fedex,,unknown,unknown
Frevent,fedex,,unknown,unknown
Fresnes,fedex,,unknown,unknown
Freneuse,fedex,,unknown,unknown
Franconville La Garenne,fedex,,unknown,unknown
Fourqueux,fedex,,unknown,unknown
Fosses,fedex,,unknown,unknown
Fontenay Tresigny,fedex,,unknown,unknown
Fontenay Sous Bois,fedex,,unknown,unknown
Fontenay En Parisis,fedex,,unknown,unknown
Fontenay Aux Roses,fedex,,unknown,unknown
Fontenailles,fedex,,unknown,unknown
Fontainebleau,fedex,,unknown,unknown
Follainville Dennemont,fedex,,unknown,unknown
Flins Sur Seine,fedex,,unknown,unknown
Fleury Merogis,fedex,,unknown,unknown
Flagy,fedex,,unknown,unknown
Ezanville,fedex,,unknown,unknown
Evry,fedex,,unknown,unknown
Etiolles,fedex,,unknown,unknown
Etampes,fedex,,unknown,unknown
Esbly,fedex,,unknown,unknown
Ermont,fedex,,unknown,unknown
Eragny Sur Oise,fedex,,unknown,unknown
Epone,fedex,,unknown,unknown
Epinay Sur Seine,fedex,,unknown,unknown
Epinay Sur Orge,fedex,,unknown,unknown
Epinay Sous Senart,fedex,,unknown,unknown
Epinal,fedex,,unknown,unknown
Enghien Les Bains,fedex,,unknown,unknown
Emerainville,fedex,,unknown,unknown
Elancourt,fedex,,unknown,unknown
Egreville,fedex,,unknown,unknown
Ecouen,fedex,,unknown,unknown
Echouboulains,fedex,,unknown,unknown
Eaubonne,fedex,,unknown,unknown
Dugny,fedex,,unknown,unknown
Draveil,fedex,,unknown,unknown
Drancy,fedex,,unknown,unknown
Dourdan,fedex,,unknown,unknown
Donnemarie Dontilly,fedex,,unknown,unknown
Domont,fedex,,unknown,unknown
Deuil La Barre,fedex,,unknown,unknown
Dammartin En Serve,fedex,,unknown,unknown
Dammartin En Goele,fedex,,unknown,unknown
Dammarie Les Lys,fedex,,unknown,unknown
Croissy Beaubourg,fedex,,unknown,unknown
Crisenoy,fedex,,unknown,unknown
Creteil,fedex,,unknown,unknown
Crecy La Chapelle,fedex,,unknown,unknown
Courtry,fedex,,unknown,unknown
Courcouronnes,fedex,,unknown,unknown
Courbevoie,fedex,,unknown,unknown
Coulommiers,fedex,,unknown,unknown
Coubron,fedex,,unknown,unknown
Cormeilles En Vexin,fedex,,unknown,unknown
Cormeilles En Parisis,fedex,,unknown,unknown
Corbreuse,fedex,,unknown,unknown
Corbeil Essonnes,fedex,,unknown,unknown
Congis Sur Therouanne,fedex,,unknown,unknown
Conflans Ste Honorine,fedex,,unknown,unknown
Compans,fedex,,unknown,unknown
Combs La Ville,fedex,,unknown,unknown
Colombes,fedex,,unknown,unknown
Coignieres,fedex,,unknown,unknown
Clichy,fedex,,unknown,unknown
Clichy Sous Bois,fedex,,unknown,unknown
Claye Souilly,fedex,,unknown,unknown
Clamart,fedex,,unknown,unknown
Choisy Le Roi,fedex,,unknown,unknown
Chilly Mazarin,fedex,,unknown,unknown
Chevry Cossigny,fedex,,unknown,unknown
Chevreuse,fedex,,unknown,unknown
Chevannes,fedex,,unknown,unknown
Chessy,fedex,,unknown,unknown
Chenoise,fedex,,unknown,unknown
Chennevieres Sur Marne,fedex,,unknown,unknown
Chelles,fedex,,unknown,unknown
Chaville,fedex,,unknown,unknown
Chaumontel,fedex,,unknown,unknown
Chauconin Neufmontiers,fedex,,unknown,unknown
Chatou,fedex,,unknown,unknown
Chatillon,fedex,,unknown,unknown
Chatenay Sur Seine,fedex,,unknown,unknown
Chatenay Malabry,fedex,,unknown,unknown
Chateau Landon,fedex,,unknown,unknown
Chars,fedex,,unknown,unknown
Charenton Le Pont,fedex,,unknown,unknown
Chanteloup Les Vignes,fedex,,unknown,unknown
Chanteloup En Brie,fedex,,unknown,unknown
Champs Sur Marne,fedex,,unknown,unknown
Champlan,fedex,,unknown,unknown
Champigny Sur Marne,fedex,,unknown,unknown
Champcueil,fedex,,unknown,unknown
Chambry,fedex,,unknown,unknown
Cesson,fedex,,unknown,unknown
Cernay La Ville,fedex,,unknown,unknown
Cergy,fedex,,unknown,unknown
Carrieres Sur Seine,fedex,,unknown,unknown
Carrieres Sous Poissy,fedex,,unknown,unknown
Cannes Ecluse,fedex,,unknown,unknown
Paris,google_offices,"8 Rue de Londres
75009 Paris
France",unknown,Paris
Paris,hema,,unknown,HEMA
Rosny-Sous-Bois,hema,,unknown,HEMA
Evry,hema,,unknown,HEMA
Montreuil,hema,,unknown,HEMA
Levallois Perret,hema,,unknown,HEMA
Marne-la-Vallée,hema,,unknown,HEMA
11111,hema,,unknown,HEMA
Arcueil,hema,,unknown,HEMA
La Défense,hema,,unknown,HEMA
Parijs,hema,,unknown,HEMA
Boulogne-Billancourt,hema,,unknown,HEMA
Colombes,hema,,unknown,HEMA
Lieusaint,hema,,unknown,HEMA
Le Chesnay,hema,,unknown,HEMA
Roissy-en-France,hema,,unknown,HEMA
Vélizy-Villacoublay,hema,,unknown,HEMA
FONTAINEBLEAU,ikks,,unknown,IKKS Women FONTAINEBLEAU
CORBEIL ESSONNES,ikks,,unknown,IKKS Outlet Pop-up Corbeil XJO
THIAIS,ikks,,unknown,IKKS Women THIAIS
NOGENT SUR MARNE,ikks,,unknown,IKKS Women Men NOGENT SUR MARNE
VINCENNES,ikks,,unknown,IKKS Women VINCENNES
PARIS,ikks,,unknown,IKKS General Store PARIS Ternes
VELIZY-VILLACOUBLAY,ikks,,unknown,IKKS Outlet L'Ephémère Vélizy XGSO
ROISSY EN FRANCE,ikks,,unknown,IKKS Women ROISSY AEROVILLE
GONESSE,ikks,,unknown,IKKS Outlet L'Ephémère Gonesse XGSO
BOULOGNE BILLANCOURT,ikks,,unknown,IKKS General Store BOULOGNE BILLANCOURT
NEUILLY,ikks,,unknown,IKKS Women NEUILLY
NEUILLY SUR SEINE,ikks,,unknown,IKKS Junior NEUILLY SUR SEINE
LEVALLOIS PERRET,ikks,,unknown,IKKS Women LEVALLOIS PERRET
LEVALLOIS-PERRET,ikks,,unknown,IKKS Junior LEVALLOIS PERRET
L'ILE SAINT DENIS,ikks,,unknown,IKKS Outlet Ile Saint Denis XWJO
L'ILE ST DENIS,ikks,,unknown,OUTLET WOMEN JUNIOR ILE ST DENIS
VERSAILLES,ikks,,unknown,IKKS WOMEN VERSAILLES
PUTEAUX,ikks,,unknown,IKKS Women Men PARIS La Défense
RAMBOUILLET,ikks,,unknown,IKKS Women Men RAMBOUILLET
LE CHESNAY CEDEX,ikks,,unknown,IKKS Junior LE CHESNAY Parly 2
LE CHESNAY,ikks,,unknown,IKKS Women Men LE CHESNAY
RUEIL  MALMAISON,ikks,,unknown,IKKS Junior RUEIL MALMAISON
RUEIL MALMAISON,ikks,,unknown,IKKS Women RUEIL MALMAISON
ENGHIEN LES BAINS,ikks,,unknown,IKKS Junior ENGHIEN LES BAINS
MONTESSON,ikks,,unknown,IKKS Junior MONTESSON
ST GERMAIN EN LAYE,ikks,,unknown,IKKS Men ST GERMAIN
SAINT  GERMAIN EN LAYE,ikks,,unknown,IKKS WOMEN ST GERMAIN EN LAYE
LES CLAYES SOUS BOIS,ikks,,unknown,IKKS Outlet One Nation Paris XGSO
FRANCONVILLE,ikks,,unknown,IKKS Outlet Pop-Up Franconville XGSO
TAVERNY,ikks,,unknown,XandO Women TAVERNY
AUBERGENVILLE,ikks,,unknown,IKKS Outlet Aubergenville XWJO
Departement de Seine-et-Marne,ionity,,unknown,Aire de Darvault
Departement des Yvelines,ionity,,unknown,Rosny Nord
Departement du Val-d'Oise,ionity,,unknown,Saint-Witz
Departement de l'Essonne,ionity,,unknown,Longvilliers
PARIS,mercedes_benz,,unknown,Mercedes-Benz PARIS
Paris,meta,,unknown,Meta
Departement des Hauts-de-Seine,pokawa,14 Avenue Henri Barbusse  Colombes   92700,unknown,Pokawa Colombes
Departement des Hauts-de-Seine,pokawa,168 Avenue Charles de Gaulle  Neuilly sur Seine   92200,unknown,Pokawa Neuilly Sur Seine
Departement du Val-de-Marne,pokawa,101 Avenue de France  Paris   75013,unknown,Pokawa Paris BFM
Departement des Hauts-de-Seine,pokawa,5 Boulevard Gallieni  - Centre Commercial Qwartz  Villeneuve la Garenne   92390,unknown,Pokawa Qwartz
Departement des Yvelines,pokawa,5 Place Colbert  Montigny-le-Bretonneux   78180,unknown,Pokawa Saint Quentin en Yvelines
Departement des Yvelines,pokawa,20 rue du vieux marché  Saint Germain en Laye   78100,unknown,Pokawa Saint-Germain-en-Laye
78140 Velizy-Villacoublay,starbucks_eu,2 Avenue de L'Europe Centre Commercial Régional Vélizy 2 78140 Velizy-Villacoublay,unknown,Velizy 2
78140 Velizy-Villacoublay,starbucks_eu,Centre Commercial Velizy 2 78140 Velizy Villacoublay Francia 78140 Velizy-Villacoublay,unknown,Velizy CC Westfield Velizy 2
Lieusaint,starbucks_eu,3 All du Preambule 77127 Lieusaint Francia 77127 Lieusaint,unknown,Lieusaint CC Westfield Carre Senart
Evry,starbucks_eu,2 boulevard de l europe 91000 Evry,unknown,Evry 2
Orly,starbucks_eu,Orly Ouest BP 404 94546 Orly,unknown,Paris - Orly Airport West
Orly,starbucks_eu,Aeroport de Paris Orly 94396 Orly,unknown,Paris - Orly Airport South
Thiais,starbucks_eu,39 rue de la Resistance Centre Comm ZAC du Moulin a Cailloux 94321 Thiais,unknown,Belle Epine Village
Creteil,starbucks_eu,Avenue de la France libre 94112 Creteil,unknown,Creteil Soleil
Thiais,starbucks_eu,Centre d'affaires Regional de Belle Epin 94531 Thiais,unknown,Belle Epine Shopping Center
Paris,starbucks_eu,30 Av d Italie 75013 Paris Francia 75013 Paris,unknown,Paris CC Italie 2
Paris,starbucks_eu,118 rue Monge Paris 75005 Paris,unknown,Monge
Paris,starbucks_eu,107 Avenue de France 75013 Paris,unknown,Avenue de France
Paris,starbucks_eu,209 211 Rue de Bercy 75012 Paris,unknown,Rue de Bercy
Paris,starbucks_eu,196 rue de Bercy 75012 Paris,unknown,Paris Gare de Lyon
Paris,starbucks_eu,Place Louis Armand 75012 Paris,unknown,Gare de Lyon - Platforme Bleue
Paris,starbucks_eu,5 rue de lAmbroisie 75012 Paris,unknown,Bercy Parc
Arcueil,starbucks_eu,Centre Commercial la Vache Noire Boite No620. Place de la Vache Noire- RN 94748 Arcueil,unknown,La Vache Noire
Paris,starbucks_eu,24 boulevard Saint-Michel 75006 Paris,unknown,Saint Michel Cluny
Paris,starbucks_eu,70 boulevard du Montparnasse 75006 Paris,unknown,Montparnasse
Paris,starbucks_eu,13 boulevard Saint-Michel 75005 Paris,unknown,Saint Michel Seine
Paris,starbucks_eu,Gare Montparnasse 75015 Paris,unknown,Paris - Gare Montparnasse Metro
Paris,starbucks_eu,91 Boulevard Saint Germain 75006 Paris,unknown,Odeon
Paris,starbucks_eu,29 Rue du Faubourg Saint Antoine 75011 Paris,unknown,Saint Antoine
Paris,starbucks_eu,8/10 Rue de Rivoli 75004 Paris,unknown,Saint Paul
Paris,starbucks_eu,46 Rue de Rivoli 75004 Paris,unknown,46 Rivoli
Paris,starbucks_eu,Place Felix Eboue 75012 Paris,unknown,Paris Place Felix Eboue
Paris,starbucks_eu,101 Porte Berger 75001 Paris Francia 75001 Paris,unknown,Paris Westfield Forum des Halles
Paris,starbucks_eu,11 boulevard Sebastopol 75001 Paris,unknown,Sebastopol
Paris,starbucks_eu,4 Rue Aubry Le Boucher 75004 Paris,unknown,Beaubourg
Paris,starbucks_eu,Niveau -3 1 place de la Rotonde Centre Commercial Forum des Halles 75001 Paris,unknown,Forum des Halles
Paris,starbucks_eu,Chatelet Les Halles 75001 Paris,unknown,Paris Chatelet - Les Halles (M)
Paris,starbucks_eu,77 rue Rambuteau 75001 Paris,unknown,77 rue Rambuteau
Paris,starbucks_eu,Musee du Louvre 75000 Paris,unknown,Paris - Louvre Museum
Paris,starbucks_eu,Musee de Louvre 75001 Paris,unknown,Carrousel du Louvre
Paris,starbucks_eu,297 rue de Vaugirard 75015 Paris,unknown,Vaugirard
75001 PARIS,starbucks_eu,2 RUE DE I'ECHELLE 75001 PARIS,unknown,Echelle
Paris,starbucks_eu,21 rue des Petits Carreaux 75002 Paris,unknown,Petits Carreaux
Paris,starbucks_eu,2 Pl de la Republique 54 Bd du Temple 75011 Paris Francia 75011 Paris,unknown,Paris 2 Pl. de la Republique
Paris,starbucks_eu,26 Ave de l'Opera 1st arrondissement 75001 Paris,unknown,Opera 26
Paris,starbucks_eu,66 avenue de la Motte Piquet 75015 Paris,unknown,Motte Picquet
Paris,starbucks_eu,7 boulevard Poissonniere 75002 Paris,unknown,Poissonniere
Paris,starbucks_eu,90 Rue Saint Dominique 75007 Paris,unknown,Rue Saint Dominique
Paris,starbucks_eu,43 Avenue Felix Faure 75015 Paris,unknown,Felix Faure
Paris,starbucks_eu,18 boulevard Montmartre 75009 Paris,unknown,Montmartre
Paris,starbucks_eu,3 boulevard des Capucines 75002 Paris,unknown,Capucines
Paris,starbucks_eu,Place de l Opera 75009 Paris,unknown,Paris - Opera Station
Paris,starbucks_eu,4 Rue de Seze 75008 Paris,unknown,Rue de Seze
Paris,starbucks_eu,3 rue Auber 75009 Paris,unknown,Paris Auber Station
Paris,starbucks_eu,32 Boulevard Haussmann 75009 Paris,unknown,Boulevard Haussmann 32
Paris,starbucks_eu,83 rue Saint Charles 75015 Paris,unknown,Place Charles Michels
Paris,starbucks_eu,Gare de l Est Place du 11 Novembre 1918 75010 Paris,unknown,Gare de l'Est - C01 - Kiosk
Paris,starbucks_eu,Place du 11 Novembre 1918 75010 Paris,unknown,Gare de l'Est - Rail level
Paris,starbucks_eu,67 rue Lafayette 75009 Paris,unknown,67 rue Lafayette
Paris,starbucks_eu,10 rue du Havre 75009 Paris,unknown,Passage du Havre
Paris,starbucks_eu,2 rue de la Pepiniere 75008 Paris,unknown,Pepiniere
Paris,starbucks_eu,14 Rue Interieure 75008 Paris,unknown,Paris - Gare St Lazare - Mezzanine
92130 Issy-les-Moulineaux,starbucks_eu,Issy Coeur de ville Rue du General Leclerc 92130 Issy les Moulineaux 92130 Issy-les-Moulineaux,unknown,Issy-les-Moulineaux General Leclerc
Yvelines,starbucks_eu,15 rue Colbert 78190 Saint Quentin en Yvelines,unknown,CC Saint Quentin en Yvelines
78150 Le Chesnay-Rocquencourt,starbucks_eu,2 Av Charles de Gaulle 78150 Le Chesnay Rocquencourt Francia 78150 Le Chesnay-Rocquencourt,unknown,Le Chesnay-Rocquencourt CC Parly 2
Paris,starbucks_eu,161 chemin departementale 78370 Paris,unknown,Plaisir
Versailles,starbucks_eu,4 Place Lyautey 78000 Versailles,unknown,Place Lyautey
Laye,starbucks_eu,19  rue de la Salle 78100 Saint Germain en Laye,unknown,Saint Germain en Laye
Boulogne,starbucks_eu,5 rue Tony Garnier Hotel de Ville Centre Commercial 92100 Boulogne,unknown,CC Les Passages
Puteaux,starbucks_eu,Galerie marchande de la Grande Arche 92800 Puteaux,unknown,La Defense Metro Station
Puteaux,starbucks_eu,Centre Commercial les 4 Temps Le Parvis de la Defense 92092 Puteaux,unknown,4 Temps Dome
Cergy,starbucks_eu,Rue De La Croix Des Maheux 95003 Cergy,unknown,Cergy CC Les 3 Fontaines
Courbevoie,starbucks_eu,32 Avenue Leonard de Vinci 92400 Courbevoie,unknown,Leonard de Vinci
Puteaux,starbucks_eu,2 Pl de la Defense 92092 Puteaux Francia 92092 Puteaux,unknown,Puteaux CNIT Lower Ground
Courbevoie,starbucks_eu,90-102 esplanade du General de Gaulle Immeuble Coeur Defense 92400 Courbevoie,unknown,Coeur Defense
Paris,starbucks_eu,CC Levallois So Ouest 92300 Paris,unknown,Levallois So Ouest
Paris,starbucks_eu,Porte Maillot CC 75017 Paris,unknown,Palais des Congres
Paris,starbucks_eu,23 avenue Wagram 75017 Paris,unknown,Wagram
95700 Roissy-en-France,starbucks_eu,CdG Airport Terminal 2E Hall L 95700 Roissy-en-France,unknown,Paris - CDG Airport 2E Hall L
93000 TREMBLAY EN FRANCE,starbucks_eu,CC AEROVILLE 93000 TREMBLAY EN FRANCE,unknown,Aeroville Store
95700 Roissy-en-France,starbucks_eu,CdG Airport Terminal 1 Landside 95700 Roissy-en-France,unknown,Paris - CDG Airport T1 Landside
95700 Roissy-en-France,starbucks_eu,Charles de Gaulle Airport 95700 Roissy-en-France,unknown,CDG - S4
95700 Roissy-en-France,starbucks_eu,CdG Airport Terminal 2F 95700 Roissy-en-France,unknown,Paris - CDG Airport 2F Airside
77990 Le Mesnil-Amelot,starbucks_eu,Le Mesnil-Amelot 77990 Le Mesnil-Amelot,unknown,Paris - CDG Airport T2 TGV (Rail)
95700 Roissy-en-France,starbucks_eu,CdG Airport Terminal 2E Hall K 95700 Roissy-en-France,unknown,Paris - CDG Airport 2E Hall K
77290 Mitry-Mory,starbucks_eu,Charles de Gaulle Airport Terminal 2G 77290 Mitry-Mory,unknown,Paris - CDG Airport 2G
Sous   Bois,starbucks_eu,Le Haut De Galy 93606 Aulnay sous Bois Francia 93606 Aulnay Sous Bois,unknown,Aulnay Sous Bois CC OParinor
77410 CLAYE SOUILLY,starbucks_eu,CC Shopping Promenade Claye Souilly RN 77410 CLAYE SOUILLY,unknown,CC Shopping Promenade Claye Souilly
Rosny,starbucks_eu,Avenue du general de gaulle 93110 Rosny,unknown,Rosny 2
Grand,starbucks_eu,234 BD Du Mont d Est 93160 Noisy le Grand,unknown,CC Les Arcade - Noisy Le Grand
Serris,starbucks_eu,14 Cr du Danube 77700 Serris Francia 77700 Serris,unknown,Serris CCR Val d'Europe
Coupvray,starbucks_eu,Avenue Robert Schuman 77700 Coupvray,unknown,Paris Disneyland - Santa Fe Hotel
Chessy,starbucks_eu,Place des Passagers des Vents 77700 Chessy,unknown,Paris - Gare Marne La Vallee
Chessy,starbucks_eu,Disney Village 77700 Chessy,unknown,Disney Village 1
Coupvray,starbucks_eu,Rue du Boeuf Agile 77700 Coupvray,unknown,Paris Disneyland - Cheyenne Hotel
Rosny,starbucks_eu,47 Rue de Lommoye 78710 Rosny 78710 Rosny,unknown,Rosny Sur Seine Nord (A13)
Les Clayes Sous Bois,the_north_face_eu,,unknown,The North Face Outlet Paris One Nation
Departement des Hauts-de-Seine,tier,,unknown,Tier
Departement du Val-de-Marne,tier,,unknown,Tier
Departement des Yvelines,tier,,unknown,Tier
Paris,tier,,unknown,Tier
Departement de Seine-Saint-Denis,tier,,unknown,Tier
Departement du Val-d'Oise,tier,,unknown,Tier
Departement de Seine-et-Marne,tier,,unknown,Tier
Departement de l'Essonne,tier,,unknown,Tier
ORLY,travelex,Travelex Orly 1/2 - Zone Publique Niveau Départ ORLY 94000,unknown,Orly 1/2 Départs
Paris,travelex,4 boulevard St. Michel  Paris  75006,unknown,Paris St Michel
Paris,travelex,36 rue Rambuteau  Paris  75003,unknown,Paris Rambuteau
Paris,travelex,52 av des Champs-Elysées  Paris  75008,unknown,Paris 52 Av Des Champs Elysees
Paris,travelex,8 place de l'Opera  Paris  75009,unknown,Paris Opera
Paris,travelex,Village Disney Resort Paris,unknown,Paris Disney Village
Roissy,travelex,Aéroport Paris Charles De Gaulle T3 sous douane Départs Roissy 95716,unknown,Aeroport Paris Charles De Gaulle T3 Departs (Sous Douane)
Roissy,travelex,Aéroport Paris Charles de Gaulle-  T1 LS Départs Roissy Aéroport  95716,unknown,Aéroport Paris Charles de Gaulle - T1 Départs (zone publique) Niveau 1
Roissy,travelex,Aéroport Paris Charles De Gaulle - T2A LS Départs  ROISSY 95716,unknown,Aeroport Paris Charles de Gaulle T2A Départs
Roissy,travelex,Aéroport Paris Charles De Gaulle - T2C LS Départs Roissy 95716,unknown,Aeroport Paris Charles De Gaulle T2C Departs
Roissy,travelex,Aéroport Paris Charles De Gaulle - T2D LS Départs Roissy 95716,unknown,Aeroport Paris Charles De Gaulle T2D Departs
Roissy,travelex,Aéroport Paris Charles De Gaulle T2F LS Arrivées Roissy 95715,unknown,Aeroport Paris Charles de Gaulle T2F Arrivees
Roissy,travelex,Paris Charles De Gaulle Airport Roissy 95716,unknown,Terminal 2E Arrivals
LAGUIOLE,visa,,unknown,unknown
LA COURONNE,visa,,unknown,unknown
EPAGNY,visa,,unknown,unknown
BUSSY SAINT GEORGES,visa,,unknown,unknown
EGREVILLE,visa,,unknown,unknown
LORREZ LE BOCAGE,visa,,unknown,unknown
NEMOURS,visa,,unknown,unknown
ANGERVILLE,visa,,unknown,unknown
GALLARDON,visa,,unknown,unknown
LA CHAPELLE LA REINE,visa,,unknown,unknown
ORVANNE,visa,,unknown,unknown
CANNES ECLUSE,visa,,unknown,unknown
MORET SUR LOING,visa,,unknown,unknown
MAISSE,visa,,unknown,unknown
SAINT MAMMES,visa,,unknown,unknown
MILLY LA FORET,visa,,unknown,unknown
MONTEREAU,visa,,unknown,unknown
CHAMPAGNE SUR SEINE,visa,,unknown,unknown
FONTAINEBLEAU,visa,,unknown,unknown
ETAMPES,visa,,unknown,unknown
AVON,visa,,unknown,unknown
LA FERTE ALAIS,visa,,unknown,unknown
ETRECHY,visa,,unknown,unknown
DOURDAN,visa,,unknown,unknown
LARDY,visa,,unknown,unknown
ABLIS,visa,,unknown,unknown
BALLANCOURT SUR ESSONNE,visa,,unknown,unknown
BALLANCOURT,visa,,unknown,unknown
DAMMARIE LES LYS,visa,,unknown,unknown
SAINT FARGEAU,visa,,unknown,unknown
SAINT FARGEAU PONTHIERRY,visa,,unknown,unknown
VAUX LE PENIL,visa,,unknown,unknown
MELUN,visa,,unknown,unknown
LE MEE SUR SEINE,visa,,unknown,unknown
ST ARNOULT EN YVELINES,visa,,unknown,unknown
MAROLLES EN HUREPOIX,visa,,unknown,unknown
RUBELLES,visa,,unknown,unknown
BREUILLET,visa,,unknown,unknown
MENNECY,visa,,unknown,unknown
CESSON,visa,,unknown,unknown
NANGIS,visa,,unknown,unknown
ARPAJON,visa,,unknown,unknown
SAVIGNY LE TEMPLE,visa,,unknown,unknown
PROVINS,visa,,unknown,unknown
BRETIGNY SUR ORGE,visa,,unknown,unknown
BRETIGNY S/ORGE,visa,,unknown,unknown
CORBEIL ESSONNES,visa,,unknown,unknown
BRIIS SOUS FORGES,visa,,unknown,unknown
BONDOUFLE,visa,,unknown,unknown
EVRY,visa,,unknown,unknown
RAMBOUILLET,visa,,unknown,unknown
SAINT MICHEL,visa,,unknown,unknown
LIMOURS,visa,,unknown,unknown
MONTLHERY,visa,,unknown,unknown
MONTHLERY,visa,,unknown,unknown
STE GENEVIEVE DES BOIS,visa,,unknown,unknown
STE GENEVIEVE,visa,,unknown,unknown
MARCOUSSIS,visa,,unknown,unknown
LIEUSAINT,visa,,unknown,unknown
ST GERMAIN LES CORBEIL,visa,,unknown,unknown
RIS ORANGIS,visa,,unknown,unknown
MORSANG S/ORGE,visa,,unknown,unknown
LES ULIS,visa,,unknown,unknown
COMBS LA VILLE,visa,,unknown,unknown
EPINAY S/ORGE,visa,,unknown,unknown
VIRY CHATILLON,visa,,unknown,unknown
SAVIGNY S/ORGE,visa,,unknown,unknown
GIF SUR YVETTE,visa,,unknown,unknown
SAVIGNY SUR ORGE,visa,,unknown,unknown
QUINCY S/SENART,visa,,unknown,unknown
CHAUMES EN BRIE,visa,,unknown,unknown
DRAVEIL,visa,,unknown,unknown
JUVISY,visa,,unknown,unknown
ORSAY,visa,,unknown,unknown
JUVISY SUR ORGE,visa,,unknown,unknown
LONGJUMEAU,visa,,unknown,unknown
CHEVREUSE,visa,,unknown,unknown
SAINT REMY,visa,,unknown,unknown
PALAISEAU,visa,,unknown,unknown
BRIE CTE ROBERT,visa,,unknown,unknown
CHILLY MAZARIN,visa,,unknown,unknown
LES ESSARTS LE ROI,visa,,unknown,unknown
VILLEBON-SUR-YVETTE,visa,,unknown,unknown
ATHIS MONS,visa,,unknown,unknown
ROZAY EN BRIE,visa,,unknown,unknown
BRUNOY,visa,,unknown,unknown
VIGNEUX S/SEINE,visa,,unknown,unknown
MONTGERON,visa,,unknown,unknown
MANDRES LES ROSES,visa,,unknown,unknown
YERRES,visa,,unknown,unknown
VIGNEUX SUR SEINE,visa,,unknown,unknown
MASSY,visa,,unknown,unknown
IGNY,visa,,unknown,unknown
VILLECRESNES,visa,,unknown,unknown
LE MESNIL ST DENIS,visa,,unknown,unknown
VILLENEUVE ST G,visa,,unknown,unknown
VILLENEUVE ST GEORGES,visa,,unknown,unknown
VILLENEUVE ROI,visa,,unknown,unknown
VILLENEUVE LE ROI,visa,,unknown,unknown
VERRIERES LE BUISSON,visa,,unknown,unknown
VERRIERES,visa,,unknown,unknown
VOISINS LE BRETONNEUX,visa,,unknown,unknown
RUNGIS,visa,,unknown,unknown
ORLY,visa,,unknown,unknown
MAUREPAS,visa,,unknown,unknown
ANTONY,visa,,unknown,unknown
MONTIGNY LE BRETONNEUX,visa,,unknown,unknown
LESIGNY,visa,,unknown,unknown
BOISSY ST LEGER,visa,,unknown,unknown
FRESNES,visa,,unknown,unknown
TOURNAN EN BRIE,visa,,unknown,unknown
LIMEIL BREVANNE,visa,,unknown,unknown
THIAIS,visa,,unknown,unknown
GUYANCOURT,visa,,unknown,unknown
MONTIGNY,visa,,unknown,unknown
MONTFORT,visa,,unknown,unknown
MONTFORT L AMAURY,visa,,unknown,unknown
CHATENAY MALABRY,visa,,unknown,unknown
TRAPPES,visa,,unknown,unknown
CHOISY LE ROI,visa,,unknown,unknown
HOUDAN,visa,,unknown,unknown
OZOIR LA FERRIERE,visa,,unknown,unknown
CHEVILLY LARUE,visa,,unknown,unknown
LE PLESSIS ROBINSON,visa,,unknown,unknown
LE PLESSIS,visa,,unknown,unknown
OZOIR LA FERRIE,visa,,unknown,unknown
SUCY EN BRIE,visa,,unknown,unknown
SCEAUX,visa,,unknown,unknown
L'HAY LES ROSES,visa,,unknown,unknown
BONNEUIL SUR MARNE,visa,,unknown,unknown
BOURG LA REINE,visa,,unknown,unknown
L HAY LES ROSES,visa,,unknown,unknown
VELIZY VILLACOUBLAY,visa,,unknown,unknown
VELIZY,visa,,unknown,unknown
CRETEIL,visa,,unknown,unknown
MEUDON LA FORET,visa,,unknown,unknown
VILLEJUIF,visa,,unknown,unknown
FONTENAY AUX ROSES,visa,,unknown,unknown
PLAISIR,visa,,unknown,unknown
VERSAILLES,visa,,unknown,unknown
FONTENAY ROSES,visa,,unknown,unknown
BOIS D'ARCY,visa,,unknown,unknown
ST CYR L'ECOLE,visa,,unknown,unknown
ST CYR L ECOLE,visa,,unknown,unknown
VITRY-SUR-SEINE,visa,,unknown,unknown
CACHAN,visa,,unknown,unknown
VITRY SUR SEINE,visa,,unknown,unknown
VIROFLAY,visa,,unknown,unknown
ST MAUR DES FOSSES,visa,,unknown,unknown
CLAMART,visa,,unknown,unknown
ALFORTVILLE,visa,,unknown,unknown
NEAUPHLE LE CHATEAU,visa,,unknown,unknown
FONTENAY LE FLEURY,visa,,unknown,unknown
BAGNEUX,visa,,unknown,unknown
CHATILLON S/BAG,visa,,unknown,unknown
MEUDON,visa,,unknown,unknown
CHATILLON,visa,,unknown,unknown
ARCUEIL,visa,,unknown,unknown
SAINT MAUR,visa,,unknown,unknown
CHAVILLE,visa,,unknown,unknown
CHENNEVIERES,visa,,unknown,unknown
MAISONS ALFORT,visa,,unknown,unknown
LE CHESNAY,visa,,unknown,unknown
LES CLAYES SOUS BOIS,visa,,unknown,unknown
LE KREMLIN BICETRE,visa,,unknown,unknown
IVRY SUR SEINE,visa,,unknown,unknown
KREMLIN BICETRE,visa,,unknown,unknown
LA VARENNE SAINT HILAIRE,visa,,unknown,unknown
KREMLIN-BICETRE,visa,,unknown,unknown
MONTROUGE,visa,,unknown,unknown
ISSY LES MOULINEAUX,visa,,unknown,unknown
GENTILLY,visa,,unknown,unknown
LA VARENNE ST H,visa,,unknown,unknown
VILLEPREUX,visa,,unknown,unknown
PONTAULT COMBAU,visa,,unknown,unknown
SEVRES,visa,,unknown,unknown
PLESSIS TREVISE,visa,,unknown,unknown
LE PLESSIS TREVISE,visa,,unknown,unknown
MALAKOFF,visa,,unknown,unknown
VANVES,visa,,unknown,unknown
VILLE D'AVRAY,visa,,unknown,unknown
CHAMPIGNY SUR MARNE,visa,,unknown,unknown
CHAMPIGNY,visa,,unknown,unknown
ISSY LES MOULIN,visa,,unknown,unknown
JOINVILLE,visa,,unknown,unknown
PARIS,visa,,unknown,unknown
LA FERTE GAUCHER,visa,,unknown,unknown
CHARENTON,visa,,unknown,unknown
ISSY MOULINEAUX,visa,,unknown,unknown
JOINVILLE LE PONT,visa,,unknown,unknown
PARIS 14,visa,,unknown,unknown
BOULOGNE,visa,,unknown,unknown
PARIS 13,visa,,unknown,unknown
FAREMOUTIERS,visa,,unknown,unknown
CHARENTON LE PONT,visa,,unknown,unknown
BOULOGNE B.,visa,,unknown,unknown
VAUCRESSON,visa,,unknown,unknown
BOULOGNE BILLANCOURT,visa,,unknown,unknown
VILLIERS S/MARN,visa,,unknown,unknown
BAILLY,visa,,unknown,unknown
ERMONT,visa,,unknown,unknown
BAIE MAHAULT,visa,,unknown,unknown
LOUVRES,visa,,unknown,unknown
GOYAVE,visa,,unknown,unknown
GONESSE,visa,,unknown,unknown
ST PIERRE DU PERRAY,visa,,unknown,unknown
NOISY LE ROI,visa,,unknown,unknown
PARIS 15,visa,,unknown,unknown
VILLIERS SUR MARNE,visa,,unknown,unknown
PARIS 16,visa,,unknown,unknown
PARIS 05,visa,,unknown,unknown
GARCHES,visa,,unknown,unknown
PARIS 12,visa,,unknown,unknown
NOGENT S/MARNE,visa,,unknown,unknown
BEYNES,visa,,unknown,unknown
LE PERREUX,visa,,unknown,unknown
ST CLOUD,visa,,unknown,unknown
SAINT MANDE,visa,,unknown,unknown
FERRIERES EN BRIE,visa,,unknown,unknown
NOGENT SUR MARNE,visa,,unknown,unknown
NOGENT S/ MARNE,visa,,unknown,unknown
PARIS 06,visa,,unknown,unknown
SAINT CLOUD,visa,,unknown,unknown
BRY SUR MARNE,visa,,unknown,unknown
COULOMMIERS,visa,,unknown,unknown
PARIS 07,visa,,unknown,unknown
CELLE ST CLOUD,visa,,unknown,unknown
LE PERREUX SUR MARNE,visa,,unknown,unknown
ST MANDE,visa,,unknown,unknown
ST NOM BRETECHE,visa,,unknown,unknown
VINCENNES,visa,,unknown,unknown
TORCY,visa,,unknown,unknown
PARIS 11,visa,,unknown,unknown
NOISIEL,visa,,unknown,unknown
LOUVECIENNES,visa,,unknown,unknown
PARIS 20,visa,,unknown,unknown
FONTENAY S/BOIS,visa,,unknown,unknown
BUSSY-SAINT-GEORGES,visa,,unknown,unknown
NOISY LE GRAND,visa,,unknown,unknown
PARIS 04,visa,,unknown,unknown
BUSSY ST GEORGES,visa,,unknown,unknown
FONTENAY-SOUS-BOIS,visa,,unknown,unknown
RUEIL MALMAISON,visa,,unknown,unknown
MONTREUIL,visa,,unknown,unknown
MARLY LE ROI,visa,,unknown,unknown
SURESNES,visa,,unknown,unknown
CHAMPS SUR MARNE,visa,,unknown,unknown
NEUILLY SUR MARNE,visa,,unknown,unknown
PARS,visa,,unknown,unknown
PARIS 01,visa,,unknown,unknown
PARIS 08,visa,,unknown,unknown
DECAZEVILLE,visa,,unknown,unknown
PARIS 03,visa,,unknown,unknown
BAILLY ROMAINVILLIERS,visa,,unknown,unknown
PARIS 02,visa,,unknown,unknown
CROISSY SUR SEINE,visa,,unknown,unknown
CROISSY S/SEINE,visa,,unknown,unknown
SEPTEUIL,visa,,unknown,unknown
SERRIS,visa,,unknown,unknown
CHESSY,visa,,unknown,unknown
NEUILLY S/SEINE,visa,,unknown,unknown
PARIS 10,visa,,unknown,unknown
PUTEAUX,visa,,unknown,unknown
PARIS 17,visa,,unknown,unknown
PARIS 09,visa,,unknown,unknown
NEUILLY SUR SEINE,visa,,unknown,unknown
ROSNY SOUS BOIS,visa,,unknown,unknown
NEUILLY S/MARNE,visa,,unknown,unknown
NEUILLY,visa,,unknown,unknown
CHATOU,visa,,unknown,unknown
CRECY LA CHAPEL,visa,,unknown,unknown
CRECY LA CHAPELLE,visa,,unknown,unknown
NANTERRE,visa,,unknown,unknown
CHELLES,visa,,unknown,unknown
LES LILAS,visa,,unknown,unknown
PARIS 19,visa,,unknown,unknown
MAGNY LE HONGRE,visa,,unknown,unknown
LE VESINET,visa,,unknown,unknown
PARIS 18,visa,,unknown,unknown
REBAIS,visa,,unknown,unknown
LEVALLOIS,visa,,unknown,unknown
PARIS LA DEFENSE CEDEX,visa,,unknown,unknown
PRE ST GERVAIS,visa,,unknown,unknown
VAIRES SUR MARNE,visa,,unknown,unknown
VAIRES S/MARNE,visa,,unknown,unknown
ROMAINVILLE,visa,,unknown,unknown
LA DEFENSE,visa,,unknown,unknown
ROSNY,visa,,unknown,unknown
SAINT GERMAIN,visa,,unknown,unknown
ST GERMAIN EN LAYE,visa,,unknown,unknown
VILLEMOMBLE,visa,,unknown,unknown
GAGNY,visa,,unknown,unknown
LAGNY SUR MARNE,visa,,unknown,unknown
COURBEVOIE,visa,,unknown,unknown
LEVALLOIS PERRET,visa,,unknown,unknown
PANTIN,visa,,unknown,unknown
NOISY LE SEC,visa,,unknown,unknown
COUILLY PONT AUX DAMES,visa,,unknown,unknown
MAULE,visa,,unknown,unknown
THORIGNY SUR MARNE,visa,,unknown,unknown
LE RAINCY,visa,,unknown,unknown
CLICHY,visa,,unknown,unknown
BONDY CEDEX,visa,,unknown,unknown
MONTESSON,visa,,unknown,unknown
LA GARENNE COLOMBES,visa,,unknown,unknown
LA GARENNE,visa,,unknown,unknown
CARRIERE SUR SEINE,visa,,unknown,unknown
BOIS COLOMBES,visa,,unknown,unknown
ASNIERES,visa,,unknown,unknown
ORGEVAL,visa,,unknown,unknown
COLOMBES,visa,,unknown,unknown
MONTFERMEIL,visa,,unknown,unknown
ASNIERES SUR SEINE,visa,,unknown,unknown
SAINT OUEN,visa,,unknown,unknown
BONDY,visa,,unknown,unknown
LA GARENNE COL.,visa,,unknown,unknown
ST OUEN,visa,,unknown,unknown
LES PAVILLONS SOUS BOIS,visa,,unknown,unknown
BOBIGNY,visa,,unknown,unknown
ESBLY,visa,,unknown,unknown
LIVRY GARGAN,visa,,unknown,unknown
AUBERVILLIERS,visa,,unknown,unknown
HOUILLES,visa,,unknown,unknown
SAINT DENIS,visa,,unknown,unknown
POISSY,visa,,unknown,unknown
ST DENIS,visa,,unknown,unknown
BREVAL,visa,,unknown,unknown
BEZONS,visa,,unknown,unknown
DRANCY,visa,,unknown,unknown
LA COURNEUVE,visa,,unknown,unknown
GENNEVILLIERS,visa,,unknown,unknown
VILLENNES,visa,,unknown,unknown
VOISINS BRETONN,visa,,unknown,unknown
SARTROUVILLE,visa,,unknown,unknown
LE BLANC MESNIL,visa,,unknown,unknown
AULNAY SOUS BOIS,visa,,unknown,unknown
VILLENEUVE LA G,visa,,unknown,unknown
ARGENTEUIL,visa,,unknown,unknown
AULNAY S/BOIS,visa,,unknown,unknown
LE BOURGET,visa,,unknown,unknown
MAISONS LAFFITTE,visa,,unknown,unknown
MAISONS LAFFITT,visa,,unknown,unknown
SEVRAN,visa,,unknown,unknown
STAINS,visa,,unknown,unknown
VILLEPARISIS,visa,,unknown,unknown
TREMBLAY FRANCE,visa,,unknown,unknown
EPINAY-SUR-SEINE,visa,,unknown,unknown
ACHERES,visa,,unknown,unknown
CORMEILLES EN PARISIS,visa,,unknown,unknown
EPINAY S/SEINE,visa,,unknown,unknown
VILLEPINTE,visa,,unknown,unknown
AUBERGENVILLE,visa,,unknown,unknown
MAGNANVILLE,visa,,unknown,unknown
CLAYE SOUILLY,visa,,unknown,unknown
BUCHELAY,visa,,unknown,unknown
CORMEILLE,visa,,unknown,unknown
PIERREFITTE,visa,,unknown,unknown
MITRY MORY,visa,,unknown,unknown
ST GRATIEN,visa,,unknown,unknown
DEUIL LA BARRE,visa,,unknown,unknown
SAINT GRATIEN,visa,,unknown,unknown
VERNEUIL,visa,,unknown,unknown
SANNOIS,visa,,unknown,unknown
VERNEUIL SUR SEINE,visa,,unknown,unknown
TRIEL S/SEINE,visa,,unknown,unknown
ENGHIEN LES BAINS,visa,,unknown,unknown
MANTES LA JOLIE,visa,,unknown,unknown
ENGHIEN,visa,,unknown,unknown
LIMAY,visa,,unknown,unknown
MEAUX,visa,,unknown,unknown
LA FERTE SOUS JOUARRE,visa,,unknown,unknown
GARGES,visa,,unknown,unknown
SARCELLES,visa,,unknown,unknown
LES MUREAUX,visa,,unknown,unknown
ANDRESY,visa,,unknown,unknown
FRANCONVILLE,visa,,unknown,unknown
CHAUCONIN NEUFMONTIERS,visa,,unknown,unknown
TRILPORT,visa,,unknown,unknown
LA FERTE S/J,visa,,unknown,unknown
CONFLANS,visa,,unknown,unknown
HERBLAY,visa,,unknown,unknown
GROSLAY,visa,,unknown,unknown
MONTMORENCY,visa,,unknown,unknown
SOISY,visa,,unknown,unknown
EAUBONNE,visa,,unknown,unknown
MEULAN,visa,,unknown,unknown
PLESSIS BOUCHAR,visa,,unknown,unknown
ARNOUVILLE,visa,,unknown,unknown
ROISSY EN FRANCE,visa,,unknown,unknown
CONFLANS STE HONORINE,visa,,unknown,unknown
ARNOUVILLE LES GONESSE,visa,,unknown,unknown
SAINT BRICE,visa,,unknown,unknown
BEAUCHAMPS,visa,,unknown,unknown
TAVERNY,visa,,unknown,unknown
SAINT LEU,visa,,unknown,unknown
BONNIERES,visa,,unknown,unknown
BONNIERES SUR SEINE,visa,,unknown,unknown
ST LEU LA FORET,visa,,unknown,unknown
PIERRELAYE,visa,,unknown,unknown
VAUREAL,visa,,unknown,unknown
DOMONT,visa,,unknown,unknown
ECOUEN,visa,,unknown,unknown
CERGY,visa,,unknown,unknown
EZANVILLE,visa,,unknown,unknown
CERGY ST CHRIST,visa,,unknown,unknown
GOUSSAINVILLE,visa,,unknown,unknown
ST OUEN AUMONE,visa,,unknown,unknown
ST OUEN L AUMONE,visa,,unknown,unknown
PONTOISE,visa,,unknown,unknown
SAINT MARD,visa,,unknown,unknown
OSNY,visa,,unknown,unknown
LIZY SUR OURCQ,visa,,unknown,unknown
MERY SUR OISE,visa,,unknown,unknown
ST SOUPPLETS,visa,,unknown,unknown
PUISEUX EN FRANCE,visa,,unknown,unknown
AUVERS SUR OISE,visa,,unknown,unknown
DAMMARTIN,visa,,unknown,unknown
MONTSOULT,visa,,unknown,unknown
SAINT PATHUS,visa,,unknown,unknown
FOSSES,visa,,unknown,unknown
L'ISLE-ADAM,visa,,unknown,unknown
L'ISLE ADAM,visa,,unknown,unknown
LUZARCHES,visa,,unknown,unknown
VIARMES,visa,,unknown,unknown
MARINES,visa,,unknown,unknown
MAGNY EN VEXIN,visa,,unknown,unknown
BEAUMONT S/OISE,visa,,unknown,unknown
BEAUMONT SUR OISE,visa,,unknown,unknown
LAMORLAYE,visa,,unknown,unknown
NANTEUIL LE HAUDOUIN,visa,,unknown,unknown
CHAMBLY,visa,,unknown,unknown
BORAN SUR OISE,visa,,unknown,unknown
GOUVIEUX,visa,,unknown,unknown
CHANTILLY,visa,,unknown,unknown
SENLIS,visa,,unknown,unknown
NEUILLY EN THELLE,visa,,unknown,unknown
MERU,visa,,unknown,unknown
CHAUMONT EN VEXIN,visa,,unknown,unknown
CREIL,visa,,unknown,unknown
CREPY EN VALOIS,visa,,unknown,unknown
MONTATAIRE,visa,,unknown,unknown
GISORS,visa,,unknown,unknown
CIRES LES MELLO,visa,,unknown,unknown
VILLERS ST PAUL,visa,,unknown,unknown
MOUY,visa,,unknown,unknown
NOAILLES,visa,,unknown,unknown
CINQUEUX,visa,,unknown,unknown
RANTIGNY,visa,,unknown,unknown
AUNEUIL,visa,,unknown,unknown
CLERMONT,visa,,unknown,unknown
BRESLES,visa,,unknown,unknown
BEAUVAIS,visa,,unknown,unknown
COMPIEGNE,visa,,unknown,unknown
ST GERMER DE FLY,visa,,unknown,unknown
CUISE LA MOTTE,visa,,unknown,unknown
LA CHAPELLE AUX POTS,visa,,unknown,unknown
ESTREES ST DENIS,visa,,unknown,unknown
MARGNY LES COMPIEGNE,visa,,unknown,unknown
TILLE,visa,,unknown,unknown
SAINT JUST EN CHAUSSEE,visa,,unknown,unknown
SONGEONS,visa,,unknown,unknown
RESSONS SUR MATZ,visa,,unknown,unknown
MAIGNELAY MONTIGNY,visa,,unknown,unknown
TRICOT,visa,,unknown,unknown
NOYON,visa,,unknown,unknown
BRETEUIL,visa,,unknown,unknown
ROYE,visa,,unknown,unknown
CONTY,visa,,unknown,unknown
AILLY SUR NOYE,visa,,unknown,unknown
MOREUIL,visa,,unknown,unknown
HORNOY LE BOURG,visa,,unknown,unknown
ROSIERES EN SANTERRE,visa,,unknown,unknown
AMIENS,visa,,unknown,unknown
SALOUEL,visa,,unknown,unknown
LONGUEAU,visa,,unknown,unknown
CAMON,visa,,unknown,unknown
CORBIE,visa,,unknown,unknown
AILLY SUR SOMME,visa,,unknown,unknown
OISEMONT,visa,,unknown,unknown
PERONNE,visa,,unknown,unknown
BRAY SUR SOMME,visa,,unknown,unknown
GAMACHES,visa,,unknown,unknown
VILLERS BOCAGE,visa,,unknown,unknown
FLIXECOURT,visa,,unknown,unknown
VIGNACOURT,visa,,unknown,unknown
ALBERT,visa,,unknown,unknown
FEUQUIERES EN VIMEU,visa,,unknown,unknown
PONT REMY,visa,,unknown,unknown
DOMART EN PONTHIEU,visa,,unknown,unknown
ABBEVILLE,visa,,unknown,unknown
BERNAVILLE,visa,,unknown,unknown
SAINT VALERY SUR SOMME,visa,,unknown,unknown
LE CROTOY,visa,,unknown,unknown
CRECY EN PONTHIEU,visa,,unknown,unknown
RUE,visa,,unknown,unknown
QUEND PLAGE,visa,,unknown,unknown
FORT MAHON PLAGE,visa,,unknown,unknown
ABYMES,visa,,unknown,unknown
POINTE A PITRE,visa,,unknown,unknown
Souppes Sur Loing,western_union,,unknown,SOUPPES SUR LOING BP
Dormelles,western_union,,unknown,AUBERGE DU BOCAGE
Nemours,western_union,,unknown,NEMOURS BP
Montereau,western_union,,unknown,MONTEREAU BP
Montereau Fault Yonne,western_union,,unknown,TABAC PRESSE DU LYCEE
Angerville,western_union,,unknown,ANGERVILLE BP
Avon,western_union,,unknown,AVON BP
Fontainebleau,western_union,,unknown,FDJ TABAC DU CARROUSEL
Fontainbleau,western_union,,unknown,FONTAINEBLEAU BP
Moret Sur Loing,western_union,,unknown,MORET SUR LOING BP
Provins,western_union,,unknown,NT SHOP
Milly La Foret,western_union,,unknown,MILLY LA FORET BP
Nangis,western_union,,unknown,NANGIS BP
Champagne Sur Seine,western_union,,unknown,CHAMPAGNE SUR SEINE BP
Le Mee Sur Seine,western_union,,unknown,LE MEE SUR SEINE BP
Melun,western_union,,unknown,MELUN BP
Etampes,western_union,,unknown,ETAMPES BP
Cesson,western_union,,unknown,CESSON BP
Saint Fargeau Ponthierry,western_union,,unknown,SAINT FARGEAU PONTHIERRY BP
La Ferte Alais,western_union,,unknown,LA FERTE ALAIS BP
Combs La Ville,western_union,,unknown,FDJ LA TABATIERE
Arpajon,western_union,,unknown,PLANET PHONE
Evry,western_union,,unknown,EVRY HOTEL DE VILLE BP
Corbeil Essonnes,western_union,,unknown,CIRTA DESTOCKAGE
Breuillet,western_union,,unknown,BREUILLET BP
Saint Germain Les Corbeil,western_union,,unknown,SAINT GERMAIN LES CORBEIL BP
Lieusaint,western_union,,unknown,LIEUSAINT BP
Coulommiers,western_union,,unknown,COULOMMIERS BP
La Ferte Gaucher,western_union,,unknown,LA FERTE GAUCHER BP
Bois Le Roi,western_union,,unknown,BOIS LE ROI BP
Savigny Le Temple,western_union,,unknown,SAVIGNY LE TEMPLE BP
Ballancourt Sur Essonne,western_union,,unknown,BALLANCOURT SUR ESSONNE BP
Ris Orangis,western_union,,unknown,RIS ORANGIS BP
Quincy Sous Senart,western_union,,unknown,QUINCY SOUS SENART BP
Soisy Sur Seine,western_union,,unknown,SOISY SUR SEINE BP
Gretz Armainvilliers,western_union,,unknown,GRETZ ARMAINVILLIERS BP
Brie Comte Robert,western_union,,unknown,BRIE COMTE ROBERT BP
Evry Courcouronnes,western_union,,unknown,COMFORT SERVICES
Courcouronnes,western_union,,unknown,COURCOURONNES CANAL BP
Bretigny Sur Orge,western_union,,unknown,PLANET PHONE BRETIGNY
Dammarie Les Lys,western_union,,unknown,DAMMARIE LES LYS BP
Vaux Le Penil,western_union,,unknown,VAUX LE PENIL BP
Morsang Sur Orge,western_union,,unknown,MORSANG SUR ORGE BP
Grigny,western_union,,unknown,MULTISERVICES GRIGNY
Saint Michel Sur Orge,western_union,,unknown,TST EXOTIQUE AND COSMETIQUE
Sainte Genevieve Des Bois,western_union,,unknown,SAINTE GENEVIEVE DES BOIS GARE BP
Ste Genevieve Des Bois,western_union,,unknown,DONJON MULTISERVICES
Epinay Sur Orge,western_union,,unknown,EPINAY SUR ORGE BP
Ozoir La Ferriere,western_union,,unknown,OZOIR LA FERRIERE BP
Viry Chatillon,western_union,,unknown,ESSONNE SUPERMARKET
Brunoy,western_union,,unknown,BRUNOY BP
Epinay Sous Senart,western_union,,unknown,EPINAY SOUS SENART BP
Crecy La Chapelle,western_union,,unknown,CRECY LA CHAPELLE BP
Montlhery,western_union,,unknown,ADA PHONE REPAIR
St Pierre Du Perray,western_union,,unknown,ST PIERRE DU PERRAY BP
Faremoutiers,western_union,,unknown,FAREMOUTIERS BP
Moissy Cramayel,western_union,,unknown,MASAMEK TELECOM
Juvisy Sur Orge,western_union,,unknown,THONY PHONE SERVICE
Rambouillet,western_union,,unknown,RAMBOUILLET BP
Yerres,western_union,,unknown,YERRES BP
Montgeron,western_union,,unknown,MONTGERON BP
Limours En Hurepoix,western_union,,unknown,LIMOURS BP
Savigny Sur Orge,western_union,,unknown,A D A PHONE REPAIR
Tournan En Brie,western_union,,unknown,TOURNAN EN BRIE BP
St Arnoult En Yvelines,western_union,,unknown,SAINT ARNOULT EN YVELINES BP
La Ferte Sous Jouarre,western_union,,unknown,LA FERTE SOUS JOUARRE BP
Bondoufle,western_union,,unknown,BONDOUFLE BP
Villecresnes,western_union,,unknown,VILLECRESNES BP
Draveil,western_union,,unknown,DRAVEIL BP
Marolles En Hurepoix,western_union,,unknown,MAROLLES EN HUREPOIX BP
Dourdan,western_union,,unknown,DOURDAN BP
Mennecy,western_union,,unknown,MENNECY BP
Athis Mons,western_union,,unknown,ATHIS MONS PRINCIPAL BP
Vigneux Sur Seine,western_union,,unknown,VIGNEUX SUR SEINE BP
Bailly,western_union,,unknown,BAILLY ROMAINVILLIERS BP
Roissy En Brie,western_union,,unknown,INFORMATIQUE MINUTE
Trilport,western_union,,unknown,TRILPORT BP
Villeneuve Saint Georges,western_union,,unknown,MULTISERVICES
Longjumeau,western_union,,unknown,TELECOM SERVICES
Paray Vieille Poste,western_union,,unknown,PARAY VIEILLE POSTE BP
Chilly Mazarin,western_union,,unknown,ADA PHONE SERVICE
Rungis,western_union,,unknown,RUNGIS VILLE BP
Choisy Le Roi,western_union,,unknown,MULTI SERVICE
Creteil,western_union,,unknown,CRETEIL MONT MESLY BP
Massy,western_union,,unknown,CYBER@PHONE
La Varenne Saint Hilaire,western_union,,unknown,LA VARENNE SAINT HILAIRE BP
Antony,western_union,,unknown,ANTONY AUGUSTE MOUNIE BP
Igny,western_union,,unknown,IGNY BP
Lagny Sur Marne,western_union,,unknown,LAGNY SUR MARNE BP
Chennevieres Sur Marne,western_union,,unknown,CHENNEVIERES RABELAIS BP
Gif Sur Yvette,western_union,,unknown,GIF SUR YVETTE BP
Le Perray En Yvelines,western_union,,unknown,LE PERRAY EN YVELINES BP
Orly,western_union,,unknown,ORLY PRINCIPAL BP
Esbly,western_union,,unknown,ESBLY BP
Palaiseau,western_union,,unknown,PALAISEAU BP
La Queue En Brie,western_union,,unknown,LA QUEUE EN BRIE BP
Sucy En Brie,western_union,,unknown,SUCY EN BRIE BP
Pontault Combault,western_union,,unknown,PONTAULT COMBAULT BP
Orsay,western_union,,unknown,ORSAY BP
Meaux,western_union,,unknown,MEAUX PRINCIPAL BP
Creteil        ***eng***,western_union,,unknown,E SERVICES
Magny Les Hameaux,western_union,,unknown,MAGNY LES HAMEAUX BP
Verrieres Le Buisson,western_union,,unknown,VERRIERES LE BUISSON BP
Les Essarts Le Roi,western_union,,unknown,LES ESSARTS LE ROI BP
Fresnes,western_union,,unknown,FRESNES MARKET
Champigny Sur Marne,western_union,,unknown,DELLIL
Marne La Vallee,western_union,,unknown,CHAMPS SUR MARNE BP
Lognes,western_union,,unknown,LOGNES BP
Thiais,western_union,,unknown,THIAIS BP
Chevilly Larue,western_union,,unknown,CHEVILLY LARUE BP
Alfortville,western_union,,unknown,DROUJBA
Vitry Sur Seine,western_union,,unknown,VICTORIA
Saint Maur Des Fosses,western_union,,unknown,SAINT MAUR BERTHELOT BP
Noisiel,western_union,,unknown,NOISIEL LE LUZARD BP
Les Ulis,western_union,,unknown,LES ULIS BP
Serris,western_union,,unknown,SERRIS VAL D EUROPE BP
Morangis,western_union,,unknown,MORANGIS BP
Noisy Le Grand,western_union,,unknown,NOISY LE GRAND ARCADES BP
L Hay Les Roses,western_union,,unknown,LE WEEK END
Maisons Alfort,western_union,,unknown,MAISONS ALFORT LES PLANETES BP
Champs Sur Marne,western_union,,unknown,SMILOU
Villiers Sur Marne,western_union,,unknown,RAJA
Torcy,western_union,,unknown,TRANSFCOM
Le Plessis Trevise,western_union,,unknown,LE PLESSIS TREVISE BP
Bonneuil Sur Marne,western_union,,unknown,BONNEUIL SUR MARNE BP
Montevrain,western_union,,unknown,MONTEVRAIN BP
Bussy St Georges,western_union,,unknown,BUSSY ST GEORGES BP
Villeneuve Le Roi,western_union,,unknown,VILLENEUVE LE ROI BP
Limeil Brevannes,western_union,,unknown,SMOKE AND CLOPE
Valenton,western_union,,unknown,VALENTON BP
Boissy Saint Leger,western_union,,unknown,MARCHE BOISSY
Montry,western_union,,unknown,HALL DE PRESSE
Bourg La Reine,western_union,,unknown,BOURG LA REINE BP
Chatenay Malabry,western_union,,unknown,CHATENAY MALABRY PRINCIPAL BP
Le Perreux Sur Marne,western_union,,unknown,LE PERREUX SUR MARNE BP
Villejuif,western_union,,unknown,VILLEJUIF PRINCIPAL BP
Le Mesnil Saint Denis,western_union,,unknown,LE MESNIL ST DENIS BP
Joinville Le Pont,western_union,,unknown,JOINVILLE POLANGIS BP
Charenton Le Pont,western_union,,unknown,CHARENTON MULTIMEDIA
Chelles,western_union,,unknown,CHELLES LES COUDREAUX BP
Ivry Sur Seine,western_union,,unknown,IVRY SUR SEINE PETIT IVRY BP
Nogent Sur Marne,western_union,,unknown,NOGENT SUR MARNE BP
Le Plessis Robinson,western_union,,unknown,LE PLESSIS ROBINSON BP
Cachan,western_union,,unknown,CACHAN PRINCIPAL BP
Vaires Sur Marne,western_union,,unknown,VAIRES SUR MARNE BP
Bagneux,western_union,,unknown,BAGNEUX CHATEAUBRIANT BP
Sceaux,western_union,,unknown,SCEAUX HOUDAN BP
Bry Sur Marne,western_union,,unknown,BRY SUR MARNE BP
Gournay Sur Marne,western_union,,unknown,GOURNAY SUR MARNE BP
Brou Sur Chantereine,western_union,,unknown,ALIMENTATION GENERALE DU PARC
Fontenay Aux Roses,western_union,,unknown,FONTENAY AUX ROSES BP
Neuilly Plaisance,western_union,,unknown,NEUILLY PLAISANCE PRINCIPAL BP
Neuilly Sur Marne,western_union,,unknown,NEUILLY SUR MARNE FAUVETTES BP
Clamart,western_union,,unknown,CLAMART LA FOURCHE BP
Paris,western_union,,unknown,MM INFORMATIQUE
Guyancourt,western_union,,unknown,GUYANCOURT VILLAROY BP
Velizy Villacoublay,western_union,,unknown,VELIZY VILLACOUBLAY BP
Fontenay Sous Bois,western_union,,unknown,LINDA
Gagny,western_union,,unknown,GAGNY PRINCIPAL BP
Gentilly,western_union,,unknown,GENTILLY BP
Elancourt,western_union,,unknown,ELANCOURT CLE ST PIERRE BP
Montigny Le Bretonneux,western_union,,unknown,MONTIGNY LE BRETONNEUX BP
Le Kremlin Bicetre,western_union,,unknown,LE KREMLIN BICETRE BP
Meudon La Foret,western_union,,unknown,MEUDON LA FORET BP
Arcueil,western_union,,unknown,SODAG
Maurepas,western_union,,unknown,MAUREPAS BP
Houdan,western_union,,unknown,HOUDAN BP
Montfort L Amaury,western_union,,unknown,MONTFORT L AMAURY BP
Chatillon,western_union,,unknown,CHATILLON BP
Montrouge,western_union,,unknown,MONTROUGE VERDIER BP
Villemomble,western_union,,unknown,VILLEMOMBLE BP
Trappes,western_union,,unknown,TRAPPES BP
Vincennes,western_union,,unknown,EXPOTECH PHONE SERVICES
Rosny Sous Bois,western_union,,unknown,ROSNY SOUS BOIS CTRE COMMERCIAL BP
Claye Souilly,western_union,,unknown,CLAYE SOUILLY BP
Saint Mande,western_union,,unknown,SAINT MANDE BP
Choisy,western_union,,unknown,AGENCE CHOISY
Chatillon Cedex,western_union,,unknown,CHATILLON MAISON BLANCHE BP
Malakoff,western_union,,unknown,AIRNET FUTURE
Montreuil,western_union,,unknown,S S MULTISERVICE
Meudon,western_union,,unknown,MEUDON REPUBLIQUE BP
Montfermeil,western_union,,unknown,MONTFERMEIL BP
Saint Quentin En Yvelines,western_union,,unknown,SAINT QUENTIN EN YVELINES BP
Issy Les Moulineaux,western_union,,unknown,ISSY FORUM SEINE BP
Viroflay,western_union,,unknown,VIROFLAY BP
Chaville,western_union,,unknown,CHAVILLE BP
St Soupplets,western_union,,unknown,SAINT SOUPPLETS BP
Versailles,western_union,,unknown,VERSAILLES NOTRE DAME BP
Vanves,western_union,,unknown,VANVES HOTEL DE VILLE BP
Saint Cyr L Ecole,western_union,,unknown,SAINT CYR L ECOLE BP
Bagnolet,western_union,,unknown,BAGNOLET PRINCIPAL BP
Clichy Sous Bois,western_union,,unknown,CLICHY SOUS BOIS CHENE POINTU BP
Bois D Arcy,western_union,,unknown,BOIS D ARCY BP
Le Raincy,western_union,,unknown,LE RAINCY BP
Romainville,western_union,,unknown,ARSHIA TELECOM
Ville D Avray,western_union,,unknown,VILLE D AVRAY BP
Les Pavillons Sous Bois,western_union,,unknown,LES PAVILLONS SOUS BOIS BP
Sevres,western_union,,unknown,SEVRES BP
Boulogne Billancourt,western_union,,unknown,BOULOGNE BILLANCOURT JAURES BP
Les Lilas,western_union,,unknown,SL MULTISERVICES
Bondy,western_union,,unknown,BONDY LA NOUE CAILLET BP
Livry Gargan,western_union,,unknown,LIVRY GARGAN SULLY BP
Es Pavillons Sous Bois,western_union,,unknown,AB PHONE
Neauphle Le Chateau,western_union,,unknown,NEAUPHLE LE CHATEAU BP
Noisy Le Sec,western_union,,unknown,ANC TECH
Vaujours,western_union,,unknown,VAUJOURS BP
Fontenay Le Fleury,western_union,,unknown,FONTENAY LE FLEURY BP
Villeparisis,western_union,,unknown,VILLEPARISIS BP
Mitry Mory,western_union,,unknown,MITRY MORY BP
Sevran,western_union,,unknown,PSS
Le Pre Saint Gervais,western_union,,unknown,LE PRE SAINT GERVAIS BP
Tremblay En France,western_union,,unknown,TREMBLAY EN FRANCE BP
Plaisir,western_union,,unknown,PLAISIR BP
Le Chesnay,western_union,,unknown,LE CHESNAY PRINCIPAL BP
Saint Cloud,western_union,,unknown,SAINT CLOUD PRINCIPAL BP
Villepinte,western_union,,unknown,VILLEPINTE BP
Bobigny,western_union,,unknown,BOBIGNY RECETTE PRINCIPALE BP
Les Clayes Sous Bois,western_union,,unknown,LES CLAYES SOUS BOIS BP
Aulnay Sous Bois,western_union,,unknown,AULNAY SOUS BOIS GALION BP
Garches,western_union,,unknown,GARCHES BP
Pantin,western_union,,unknown,E TELECOM
Paris Cedex 18,western_union,,unknown,PARIS BOINOD BP
La Celle Saint Cloud,western_union,,unknown,LA CELLE ST CLOUD HOTEL DE VILLE BP
Bobignu,western_union,,unknown,VMS TELECOM
Villepreux,western_union,,unknown,VILLEPREUX BP
Paris 8,western_union,,unknown,KIOSQUE A JOURNAUX
Aubervilliers,western_union,,unknown,AUBERVILLIERS PRINCIPAL BP
Drancy,western_union,,unknown,BROTHERS TELECOM
Le Blanc Mesnil,western_union,,unknown,LE BLANC MESNIL TILLEULS BP
Noisy Le Roy,western_union,,unknown,NOISY LE ROI BP
Suresnes,western_union,,unknown,SURESNES CITE JARDINS BP
Rueil Malmaison,western_union,,unknown,RUEIL 2000 BP
Neuilly Sur Seine,western_union,,unknown,FDJ KIOSQUE DE L HOTEL DE VILLE
Clichy,western_union,,unknown,CLICHY HOTEL DE VILLE BP
Saint Denis,western_union,,unknown,ASK LIMITED
Le Bourget,western_union,,unknown,LE BOURGET BP
Levallois Perret,western_union,,unknown,LEVALLOIS PERRET EIFFEL BP
Puteaux,western_union,,unknown,KIOSQUE A JOURNEAUX
La Courneuve,western_union,,unknown,LA COURNEUVE OUEST BP
Dammartin En Goele,western_union,,unknown,DAMMARTIN EN GOELE BP
Saint Denis La Plaine,western_union,,unknown,KHANDAKER
St Ouen,western_union,,unknown,UNITEL SERVICES
Paris La Defense,western_union,,unknown,LA DEFENSE CNIT BP
Saint Ouen,western_union,,unknown,SAINT OUEN PRINCIPAL BP
Courbevoie Cedex,western_union,,unknown,COURBEVOIE ABREUVOIR BP
Colombes,western_union,,unknown,GIULIETTA SHOP
Saint Germain En Laye,western_union,,unknown,SAINT GERMAIN EN LAYE CENTRE BP
Ns,western_union,,unknown,AFRICA 93
Stains,western_union,,unknown,ALIF
Bois Colombes,western_union,,unknown,BOIS COLOMBES BP
Chatou,western_union,,unknown,CHATOU BP
Villeneuve La Garenne,western_union,,unknown,VILLENEUVE LA GARENNE BP
Le Pecq,western_union,,unknown,L EXOTIQUE DU PECQ
Gennevilliers,western_union,,unknown,GENNEVILLIERS GRESILLONS BP
L Ile Saint Denis,western_union,,unknown,PHONOMANIA
St Denis,western_union,,unknown,SAINT DENIS BARBUSSE DIEZ BP
Le Vesinet,western_union,,unknown,LE VESINET CENTRE BP
Asnieres Sur Seine,western_union,,unknown,ASNIERES HOTEL DE VILLE BP
Nanterre,western_union,,unknown,NANTERRE CHEMIN DE L ILE BP
Courbevoie,western_union,,unknown,COURBEVOIE BECON BP
Roissy Charles De Gaulle,western_union,,unknown,ROISSY EN FRANCE VILLAGE BP
Paris La Defense Cedex,western_union,,unknown,CHANGEDEF
Carrieres Sur Seine,western_union,,unknown,CARRIERES SUR SEINE BP
Mantes La Jolie,western_union,,unknown,MANTES LA JOLIE GAMBETTA BP
Epinay Sur Seine,western_union,,unknown,ZAHAN
Garges Les Gonesse,western_union,,unknown,TECHNO PHONE
Gonesse,western_union,,unknown,YALINI INFORMATIQUE
Montesson,western_union,,unknown,MONTESSON BP
Marly Le Roi,western_union,,unknown,MARLY LE ROI GRANDES TERRES BP
Dugny,western_union,,unknown,SA MULTISERVICES
Othis,western_union,,unknown,OTHIS BP
La Garenne Colombes,western_union,,unknown,LA GARENNE COLOMBES REPUBLIQUE BP
Argenteuil,western_union,,unknown,AGENCE ARGENTEUIL
Arnouville Les Gonesse,western_union,,unknown,ARNOUVILLE GARE BP
Villetaneuse,western_union,,unknown,AARIFAH
Bezons,western_union,,unknown,S S K
Epinay,western_union,,unknown,EPINAY SUR SEINE PRINCIPAL BP
Pierrefitte Sur Seine,western_union,,unknown,RABBI COMMERCES
Houilles,western_union,,unknown,HOUILLES BP
Chambourcy,western_union,,unknown,CHAMBOURCY BP
Sartrouville,western_union,,unknown,SARTROUVILLE PRINCIPAL BP
Deuil La Barre,western_union,,unknown,DEUIL LA BARRE BP
Villiers Le Bel,western_union,,unknown,VILLIERS LE BEL BP
Poissy,western_union,,unknown,POISSY BEAUREGARD BP
Montmagny,western_union,,unknown,MONTMAGNY BP
Arnouville,western_union,,unknown,FAST TELECOM
Aubergenville,western_union,,unknown,AUBERGENVILLE BP
Ermont,western_union,,unknown,MULTI SERVICES
Franconville,western_union,,unknown,FRANCONVILLE BP
Eaubonne,western_union,,unknown,EAUBONNE ORANGERIE BP
Cormeilles En Parisis,western_union,,unknown,CORMEILLES EN PARISIS BP
Soisy Sous Montmorency,western_union,,unknown,SOISY SOUS MONTMORENCY BP
Carrieres Sous Poissy Bp,western_union,,unknown,CARRIERES SOUS POISSY BP
Montmorency,western_union,,unknown,MONTMORENCY BP
Carrieres Sous Poissy,western_union,,unknown,SUPERETTE DU CENTRE
Sannois,western_union,,unknown,SANNOIS CENTRE BP
Goussainville,western_union,,unknown,LE BAZAR VERT
Saint Brice Sous Foret,western_union,,unknown,SAINT BRICE SOUS FORET BP
Maisons Laffitte,western_union,,unknown,MAISONS LAFFITTE BP
Le Mesnil Le Roi,western_union,,unknown,LE MESNIL LE ROI BP
Sarcelles,western_union,,unknown,SARCELLES CHOLETTES BP
Fosses,western_union,,unknown,FOSSES BP
Le Plessis Bouchard,western_union,,unknown,LE PLESSIS BOUCHARD BP
Ezanville,western_union,,unknown,EZANVILLE BP
Acheres,western_union,,unknown,ACHERES BP
Mantes La Ville,western_union,,unknown,MANTES LA VILLE BP
Taverny,western_union,,unknown,TAVERNYPHONE
Bonnieres Sur Seine,western_union,,unknown,BONNIERES SUR SEINE BP
Saint Leu La Foret,western_union,,unknown,NR MULTISERVICES
Beauchamp,western_union,,unknown,BEAUCHAMP BP
Conflans Sainte Honorine,western_union,,unknown,CONFLANS STE HONORINE CHENNEVIERES BP
Gargenville,western_union,,unknown,GARGENVILLE BP
Verneuil Sur Seine,western_union,,unknown,VERNEUIL SUR SEINE BP
Limay,western_union,,unknown,LIMAY BP
Les Mureaux,western_union,,unknown,LES MUREAUX BP
Mantes La Jolie Cedex,western_union,,unknown,MANTES LA JOLIE GASSICOURT BP
Meulan,western_union,,unknown,MEULAN PRINCIPAL BP
Vaureal,western_union,,unknown,VAUREAL BP
Montsoult,western_union,,unknown,MONTSOULT BP
Luzarches,western_union,,unknown,LUZARCHES BP
Eragny Sur Oise,western_union,,unknown,ERAGNY SUR OISE BP
Jouy Le Moutier,western_union,,unknown,JOUY LE MOUTIER BP
Pierrelaye,western_union,,unknown,PIERRELAYE BP
Persan,western_union,,unknown,R V R
Beaumont Sur Oise,western_union,,unknown,BEAUMONT SUR OISE BP
L Isle Adam,western_union,,unknown,L ISLE ADAM BP
Osny,western_union,,unknown,OSNY BP
Cergy,western_union,,unknown,DM INFORMATIQUE
Cergy Pontoise,western_union,,unknown,CERGY GRAND CENTRE BP
Cergy Saint Christophe,western_union,,unknown,KN PARADIS
Pontoise,western_union,,unknown,PONTOISE BP
Saint Ouen L Aumone,western_union,,unknown,SAINT OUEN L AUMONE BP
Mery Sur Oise,western_union,,unknown,MERY SUR OISE BP
Marines,western_union,,unknown,MARINES LE VEXIN BP
Herblay,western_union,,unknown,HERBLAY BP
Domont,western_union,,unknown,DOMONT BP
Montigny Les Cormeilles,western_union,,unknown,MONTIGNY LES CORMEILLES BP
