City,Place Name,Zipcode,Name
unknown,accor,Lateral Sur Acceso Este 4241 Guaymallen 5521 MENDOZA,unknown,ibis Mendoza
unknown,accor,Hipolito Yrigoyen 1592 Capital Federal 1089 BUENOS AIRES,unknown,ibis Buenos Aires Congreso
unknown,accor,Av Corrientes 1344 Esq. Talcahuano y Uruguay C1043ABN BUENOS AIRES,unknown,ibis Buenos Aires Obelisco
unknown,accor,Av. Corrientes 1334 C1043ABN BUENOS AIRES,unknown,Novotel Buenos Aires
unknown,accor,Ruta Panamericana No. 9 Km 61 Campana Buenos Aires 2804 CAMPANA,unknown,Sofitel La Reserva Cardales
unknown,accor,Av Batlle y Ordoñez y Bv Oroño City Center S2000DSI ROSARIO,unknown,Pullman Rosario City Center
unknown,accor,Selva Iryapu S N Predio 600 Has MISIONES 3370 PUERTO IGUAZU,unknown,Mercure Iguazu Hotel Iru
unknown,accor,Las Magnolias 533 Km 50 Ramal Pilar 1629 PILAR,unknown,ibis Pilar
unknown,accor,Posadas 1232 1011 BUENOS AIRES,unknown,Sofitel Buenos Aires Recoleta
unknown,accor,Av Santiago Marzo N 25 Interseccion Ruta 5 Y 35 L6300BCS SANTA ROSA,unknown,Mercure Santa Rosa La Pampa
unknown,accor,Avenida Callao 924 C1023AAP BUENOS AIRES,unknown,Palladio Hotel Buenos Aires - MGallery
unknown,accor,1043 Buenos Aires,unknown,ibis Styles Buenos Aires Florida
unknown,accor,JUANA MANSO 1725 Puerto Madero C1107CHI Buenos Aires,unknown,SLS BUENOS AIRES PUERTO MADERO
unknown,accor,Boulevard Rondeau 101 2000 ROSARIO,unknown,Mercure Rosario
Buenos Aires,adidas,,unknown,"adidas Outlet Store Buenos Aires, Soleil"
La Plata,adidas,,unknown,adidas Outlet Store La Plata
San Miguel De Tucuamn,alamo,,unknown,San Miguel de Tucumán
Bahia Blanca,alamo,,unknown,Bahia Blanca Airport
San Luis,alamo,,unknown,San Luis
Posadas Misiones,alamo,,unknown,Posadas Airport
Posadas,alamo,,unknown,Posadas
El Calafate,alamo,,unknown,El Calafate Airport
Neuquen,alamo,,unknown,Neuquén Capital Airport
Mendoza,alamo,,unknown,Mendoza Gov. Francisco Gabrielli Arpt.
Bariloche,alamo,,unknown,Bariloche
Buenos Aires,alamo,,unknown,Buenos Aires Ezeiza Airport
Cordoba,alamo,,unknown,Cordoba Airport
Rosario,alamo,,unknown,Rosário
Comodoro Rivadavia,alamo,,unknown,Comodoro Rivadavia
Rio Gallegos,alamo,,unknown,Rio Gallegos Airport
Salta,alamo,,unknown,Salta Martín Miguel de Güemes Airport
Ushuaia,alamo,,unknown,Ushuaia
Tucuman,alamo,,unknown,Tucumán International Airport
unknown,alstom,Av. L. N. Alem 896  7° floor - Buenos Aires C1001AAQ - Argentina,unknown,Alem
unknown,alstom,Guanahani 308 - C1274ACF Buenos Aires - Argentina,unknown,Guanahani
unknown,alstom,Calle 57 y 136 Los Hornos - La Plata - Argentina,unknown,Los Hornos
unknown,coto_ar,PATERNAL Av. San Martín 2095,unknown,Coto 002-AV.SAN MARTIN
unknown,coto_ar,Av Juan de GaraySan CristobalBuenos Aires 2700,unknown,Coto 007-JUAN DE GARAY
unknown,coto_ar,ElcanoBelgranoBuenos Aires 3002,unknown,Coto 022-ELCANO
unknown,coto_ar,PALERMO Av. Scalabrini Ortíz 1688,unknown,Coto 024-SCALABRINI ORTIZ
unknown,coto_ar,SAN TELMO Brasil 575,unknown,Coto 025-SAN TELMO
unknown,coto_ar,Av CerviñoPalermoBuenos Aires 3515,unknown,Coto 026-CERVINO
unknown,coto_ar,FLORIDA Av. San Martín 3055,unknown,Coto 038-FLORIDA
unknown,coto_ar,Av Emilio CastroLiniersBuenos Aires 7661,unknown,Coto 039-EMILIO CASTRO
unknown,coto_ar,FLORES Av. Eva Perón 2202,unknown,Coto 040-AV.DEL TRABAJO
unknown,coto_ar,ALMAGRO Av. Díaz Vélez 4531,unknown,Coto 041-DIAZ VELEZ
unknown,coto_ar,BARRIO NORTE Jean Jaures 1093,unknown,Coto 042-PARAGUAY
unknown,coto_ar,BOEDO Av. Boedo 777,unknown,Coto 043-BOEDO
unknown,coto_ar,BELGRANO Av. Monroe 3284,unknown,Coto 044-MONROE
unknown,coto_ar,BELGRANO Av. Cabildo 515,unknown,Coto 045-CABILDO
unknown,coto_ar,ONCE Av. Rivadavia 2846,unknown,Coto 046-ONCE
unknown,coto_ar,BELGRANO Amenábar 2134,unknown,Coto 047-AMENABAR
unknown,coto_ar,FLORES Av. Directorio 2647,unknown,Coto 048-DIRECTORIO
unknown,coto_ar,RAMOS MEJÍA Av. Rivadavia 13810,unknown,Coto 051-RAMOS MEJIA
unknown,coto_ar,VILLA DEVOTO Sanabria 3320,unknown,Coto 052-SANABRIA
unknown,coto_ar,SANTOS LUGARES Av. La Plata 3635,unknown,Coto 053-SANTOS LUGARES
unknown,coto_ar,FLORESTA Av. Avellaneda 3758,unknown,Coto 055-AV. AVELLANEDA
unknown,coto_ar,PALERMO Honduras 3862,unknown,Coto 056-HONDURAS
unknown,coto_ar,SAN MARTÍN San Martín 122,unknown,Coto 057-SAN MARTIN
unknown,coto_ar,CENTRO Viamonte 1571,unknown,Coto 058-VIAMONTE
unknown,coto_ar,VILLA URQUIZA Av. Monroe 5055,unknown,Coto 059-URQUIZA
unknown,coto_ar,FLORES Av. J. B. Alberdi 1737,unknown,Coto 060-ALBERDI
unknown,coto_ar,ONCE Alsina 2300,unknown,Coto 061-SPINETTO
unknown,coto_ar,POMPEYA AV.FRANCISCO RABANAL 1345,unknown,Coto 063-POMPEYA
unknown,coto_ar,AVELLANEDA Av. Mitre 3300,unknown,Coto 064-SARANDI
unknown,coto_ar,QUILMES Hipólito Yrigoyen 380,unknown,Coto 065-QUILMES
unknown,coto_ar,BELGRANO Maure 1725,unknown,Coto 066-MAURE
unknown,coto_ar,OLIVOS Av. del Libertador 3100,unknown,Coto 071-OLIVOS TREN DE LA COSTA
unknown,coto_ar,ALMAGRO Gallo 250,unknown,Coto 074-GALLO
unknown,coto_ar,BALVANERA México 2236,unknown,Coto 078-PICHINCHA
unknown,coto_ar,RECOLETA French 2417,unknown,Coto 080-FRENCH
unknown,coto_ar,VILLA CRESPO Murillo 551,unknown,Coto 082-MURILLO
unknown,coto_ar,VILLA LURO Av. Rivadavia 9840,unknown,Coto 083-VILLA LURO
unknown,coto_ar,ALMAGRO Castro Barros 24,unknown,Coto 084-CASTRO BARROS
unknown,coto_ar,MATADEROS Av. Eva Perón 4730,unknown,Coto 085-EVA PERON
unknown,coto_ar,Av la PlataCaballitoBuenos Aires 541,unknown,Coto 088-AV. LA PLATA
unknown,coto_ar,VILLA DEVOTO AV. SEGUROLA 1701,unknown,Coto 090-GEORGALOS
unknown,coto_ar,ABASTO Agüero 616,unknown,Coto 091-ABASTO
unknown,coto_ar,VICENTE LOPEZ Av. Maipú 1758,unknown,Coto 092-VTE LOPEZ
unknown,coto_ar,TAPIALES Boulogne Sur Mer esq. 0,unknown,Coto 094-TAPIALES
unknown,coto_ar,B° ECHESORTU Mendoza 3901,unknown,Coto 095-ROSARIO (MENDOZA-LA REINA)
unknown,coto_ar,FISHERTON Circunvalación y Córdoba 0,unknown,Coto 096-FISHERTON ROSARIO
unknown,coto_ar,CENTRO Urquiza 1644,unknown,Coto 097-ROSARIO (URQUIZA)
unknown,coto_ar,CENTRO Tres de Febrero 1602,unknown,Coto 099-ROSARIO (3 DE FEBRERO)
unknown,coto_ar,AVELLANEDA Italia 62,unknown,Coto 101-AVELLANEDA
unknown,coto_ar,CABALLITO Av. Gaona 1950,unknown,Coto 103-IVONNE
unknown,coto_ar,TEMPERLEY H. Yrigoyen 10699,unknown,Coto 107-TEMPERLEY
unknown,coto_ar,NUÑEZ A. Cabildo 4125,unknown,Coto 108-CABILDO
unknown,coto_ar,SAN MARTÍN Av. Balbín 2030,unknown,Coto 111-SAN MARTIN RUTA 8
unknown,coto_ar,Av LarrazabalVilla LuganoBuenos Aires 3443,unknown,Coto 121-LARRAZABAL
unknown,coto_ar,SAN CRISTOBAL Av. San Juan 2168,unknown,Coto 124-SAN JUAN
unknown,coto_ar,Av Lope de VegaVilla LuroBuenos Aires 1742,unknown,Coto 125-LOPE DE VEGA
unknown,coto_ar,BERNAL Av. Dardo Rocha 251,unknown,Coto 130-BERNAL
unknown,coto_ar,CABALLITO Pedro Goyena 565,unknown,Coto 136-PEDRO GOYENA
unknown,coto_ar,LA PLATA Calle 43 entr 10 y 11 782,unknown,Coto 149-LA PLATA
unknown,coto_ar,ASAMBLEA Av. Asamblea 1176,unknown,Coto 151-ASAMBLEA
unknown,coto_ar,ALVAREZ JONTE 2502,unknown,Coto 153-JONTE
unknown,coto_ar,CHARCAS  3200,unknown,Coto 158-CHARCAS
unknown,coto_ar,BARTOLOME MITRE 1560,unknown,Coto 159-BME MITRE
unknown,coto_ar,JUNIN  1111,unknown,Coto 163-JUNIN
unknown,coto_ar,José Hernandez 2965,unknown,Coto 164-VILLA BALLESTER
unknown,coto_ar,Junin 590,unknown,Coto 165-ROSARIO (TALLERES)
unknown,coto_ar,Av. Nazca 1250,unknown,Coto 167-FLORES
unknown,coto_ar,Av. Corrientes  5748,unknown,Coto 168-VILLA CRESPO
unknown,coto_ar,AV DEL LIBERTADOR 6840,unknown,Coto 170-LIBERTADOR
unknown,coto_ar,CULLEN 5085,unknown,Coto 174-CULLEM
unknown,coto_ar,PERON 2070,unknown,Coto 175-BALVANERA
unknown,coto_ar,TEODORO GARCIA NN 2419,unknown,Coto 176-BELGRANO
unknown,coto_ar,AV SAN PEDRITO 72,unknown,Coto 180-SAN PEDRITO
unknown,coto_ar,Av. Ricardo Balbín  4027,unknown,Coto 181-SAAVEDRA
unknown,coto_ar,Irigoyen  8000,unknown,Coto 183-BANFIELD
unknown,coto_ar,Av. Hipolito Yrigoyen 6174,unknown,Coto 186-REMEDIO DE ESCALADA
unknown,coto_ar,Av. Btme Mitre 2800,unknown,Coto 188-MUNRO
unknown,coto_ar,nd 0,unknown,Coto 192-SAN FERNANDO
unknown,coto_ar,DR RAMON 382,unknown,Coto 185-NEUQUEN
unknown,coto_ar,TAPIA DE CRUZ 420,unknown,Coto 154-ESCOBAR
unknown,coto_ar,Puerto 1,unknown,Coto 179-SANTA FE PUERTO
unknown,coto_ar,RUTA 11 KM 404  404,unknown,Coto 178-MADARIAGA
unknown,coto_ar,CIUDADELA Comesaña s/n 0,unknown,Coto 129-CIUDADELA
unknown,coto_ar,GRAL JUAN JOSE VALLE 51,unknown,Coto 215-MORON
unknown,coto_ar,LOMAS DE SAN ISIDRO Jorge Newbery 555,unknown,Coto 068-LAS LOMAS
unknown,coto_ar,MORENO AV VICTORICA 660,unknown,Coto 219-MORENO
unknown,coto_ar,PUNTA CHICA Av. del Libertador 18213,unknown,Coto 069-PUNTA CHICA
unknown,coto_ar,JOSE C. PAZ H. Yrigoyen 1826,unknown,Coto 131-JOSE C. PAZ
unknown,coto_ar,AV GRAL MANUEL BELGRANO 950,unknown,Coto 197-GARIN
unknown,coto_ar,AV SANTA FE 3760,unknown,Coto 203-BOTANICO
unknown,coto_ar,Av. Agustín M. García 5548,unknown,Coto 182-NORDELTA
unknown,coto_ar,MAR DE AJÓ Libertador San Martín 251,unknown,Coto 049-MAR DE AJO
unknown,coto_ar,MERLO AV PTE J. D. PERON 24080,unknown,Coto 208-MERLO
unknown,coto_ar,SANTA ROSA 1753/65,unknown,Coto 199-CASTELAR
unknown,coto_ar,QUILMES-HUMBERTO PRIMO 165,unknown,Coto 235-QUILMES CENTRO
unknown,coto_ar,jjj 888,unknown,Coto 162-TORTUGUITAS
unknown,coto_ar,Ruta Nacional 3Gonzalez CatanBuenos Aires 4440,unknown,Coto 013-RUTA 3
unknown,coto_ar,SANTA FE Rivadavia 3396,unknown,Coto 118-SANTA FE
unknown,coto_ar,AV SARMIENTO (RUTA 205) 524,unknown,Coto 171-TRISTAN SUAREZ
unknown,coto_ar,Av la PlataNueva PompeyaBuenos Aires 2392,unknown,Coto 006-AV. LA PLATA
unknown,coto_ar,LANUS Av. B. Rivadavia 2602,unknown,Coto 075-LANUS
unknown,coto_ar,CONSTITUCIÓN Lima 1553,unknown,Coto 019-CONSTITUCION
unknown,coto_ar,CAPITAL FEDERAL-JOVELLANOS 151,unknown,Coto 220-MARTIN GARCIA
unknown,coto_ar,Av. Ruta 205 Entre 52 y Reconquista 1,unknown,Coto 189-EZEIZA
unknown,coto_ar,BELLA VISTA Av. O Higgins 1280,unknown,Coto 123-BELLA VISTA
unknown,coto_ar,ACASSUSO Albarellos 854,unknown,Coto 067-ALBARELLOS
unknown,coto_ar,MONTE GRANDE Boulevard Bs. As. 710,unknown,Coto 105-MONTE GRANDE
unknown,coto_ar,Hipolito YrigoyenAlmagroBuenos Aires 3702,unknown,Coto 018-H.YRIGOYEN
unknown,coto_ar,PARANÁ Cnel. Juan M. Pirán 801,unknown,Coto 109-PARANA
unknown,coto_ar,PANAMERICANA KM36 1,unknown,Coto 184-MALVINAS ARGENTINAS
unknown,coto_ar,Av Piedra BuenaVilla RiachueloBuenos Aires 4902,unknown,Coto 037-LUGANO
unknown,coto_ar,QUILMES Av. Calchaquí 1740,unknown,Coto 104-QUILMES
unknown,coto_ar,RUTA 11 KM 330 330,unknown,Coto 204-MAR DEL TUYU
unknown,coto_ar,ANTARTIDA ARGENTINA 1160,unknown,Coto 160-SADOS
unknown,coto_ar,SAN ISIDRO Lasalle 653,unknown,Coto 070-SAN ISIDRO TREN DE LA COSTA
unknown,coto_ar,VILLA LUGANO Soldado de la Frontera 5258,unknown,Coto 110-LUGANO
unknown,coto_ar,Av Lope de VegaVilla RealBuenos Aires 2503,unknown,Coto 035-LOPEZ DE VEGA
unknown,coto_ar,ElcanoBelgranoBuenos Aires 3693,unknown,Coto 020-AV EL CANO
unknown,coto_ar,CAMPANA J. M. Estrada 878,unknown,Coto 117-CAMPANA
unknown,coto_ar,AV REP DE PERU 2760,unknown,Coto 209-MENDOZA
unknown,coto_ar,HIGHLAND PARK E/LOS JAZMINES Y LAS CAMPANILLAS 1,unknown,Coto 155-HIGHLAND PARK
unknown,coto_ar,Gral. Martin de GainzaCaballitoBuenos Aires 90,unknown,Coto 116-YERBAL
Buenos Aires,enterprise,,unknown,Buenos Aires Downtown
Rosario,enterprise,,unknown,Rosario Downtown
Rio Gallegos,enterprise,,unknown,Rio Gallegos Airport
El Calafate,enterprise,,unknown,El Calafate Central
El Calfate,enterprise,,unknown,El Calafate Airport
Neuquen,enterprise,,unknown,Neuquen Airport
San Luis,enterprise,,unknown,San Luis Airport
San Carlos De Bariloche,enterprise,,unknown,Bariloche Downtown
Salta,enterprise,,unknown,Salta Martin Miguel Airport
Tucuman,enterprise,,unknown,Tucuma Downtown
Ushuaia,enterprise,,unknown,Ushuaia Downtown
Bariloche,enterprise,,unknown,San Carlos de Bariloche Airport
Mendoza,enterprise,,unknown,Mendoza Downtown
Cordoba,enterprise,,unknown,Cordoba Airport
Buenos Aires,ernst_young,25 de Mayo 487 Capital Federal,unknown,EY
Buenos Aires,ernst_young,25 de Mayo 476 Capital Federal,unknown,EY
Buenos Aires,ernst_young,Luna 49 Capital Federal,unknown,EY
Buenos Aires,ernst_young,Av. Leandro N. Alem 518 Capital Federal,unknown,EY
Buenos Aires,ernst_young,Luna 49 Pisos 3 4 y 5,unknown,Bs As-Distrito Tecnológico
Córdoba,ernst_young,Av. Colón 778 – Piso 12 Ciudad de Córdoba,unknown,EY
Rafaela,ford,,unknown,QUICK LANE RAFAELA
Lobos,ford,,unknown,ALBERTO LOGARZO
Cordoba,ford,,unknown,QUICK LANE CORDOBA
Neuquen,ford,,unknown,SAPAC
Corrientes,ford,,unknown,AYALA AUTOMOTORES
Tigre,ford,,unknown,ROBAYNA
Bahia Blanca,ford,,unknown,QUICK LANE BAHIA BLANCA
Resistencia,ford,,unknown,PABLO ELOY DONNET
Capital Federal,ford,,unknown,QUICK LANE PARQUE PATRICIOS
Ciudad De San Luis,ford,,unknown,MARTIN AUTOS
Pergamino,ford,,unknown,MONTANARI MOTORS
Moreno,ford,,unknown,QUICK LANE FRANCISCO ALVAREZ
San Jose - Guaymallen,ford,,unknown,GOLDSTEIN AUTOMOTORES
Trelew,ford,,unknown,PEDRO CORRADI
Lomas De Zamora,ford,,unknown,LUIS STRIANESE
Victoria,ford,,unknown,FOLMER
La Rioja,ford,,unknown,KARAM AUTOMOTORES
Cipolletti,ford,,unknown,ORO TRUCKS
Salta,ford,,unknown,PUSSETTO SALTA
Rio Grande,ford,,unknown,SEVILLANO
Santa Fe,ford,,unknown,QUICK LANE SANTA FE
San Jose De La Esquina,ford,,unknown,RAYCO
Ramos Mejia,ford,,unknown,AUTOBIZ
Campana,ford,,unknown,ASPEN MOTORS S.A.
San Rafael,ford,,unknown,JC. LORENZO
Sarandi,ford,,unknown,QUICK LANE AVELLANEDA
Coronel Suarez,ford,,unknown,MAISONNAVE
Dolores,ford,,unknown,MAXIMO PINASCO
La Plata,ford,,unknown,GUILLERMO SIMONE
Rio Gallegos,ford,,unknown,AUTOSTOP
Santiago Del Estero,ford,,unknown,LO BRUNO AUTOMOTORES
Trenque Lauquen,ford,,unknown,HERFEI
San Carlos De Bariloche,ford,,unknown,MAPUCHES
Devoto,ford,,unknown,ALBINO PICCO E HIJO
Eldorado,ford,,unknown,LOWE
Olavarria,ford,,unknown,GUILLERMO SIMONE
Vicente Lopez,ford,,unknown,VIEL AUTOMOTORES
Coronel Brandsen,ford,,unknown,GUILLERMO SIMONE
Tandil,ford,,unknown,GUILLERMO SIMONE
Las Varillas,ford,,unknown,ALBINO PICCO E HIJO
San Francisco,ford,,unknown,QUICK LANE SAN FRANCISCO
Pico Truncado,ford,,unknown,DEL SOL AUTOMOTOR
San Nicolas,ford,,unknown,GIORGI AUTOMOTORES
Morteros,ford,,unknown,LONG AUTOMOTORES
Chivilcoy,ford,,unknown,ALBERTO LOGARZO
General Roca,ford,,unknown,SAPAC
Santa Rosa,ford,,unknown,GUSPAMAR
Cremonte,ford,,unknown,PABLO ELOY DONNET
Villa Mercedes,ford,,unknown,QUICK LANE VILLA MERCEDES
Los Polvorines,ford,,unknown,FORCAM
9 De Julio,ford,,unknown,FORCAM
Esquel,ford,,unknown,PEDRO CORRADI
Puerto Madryn,ford,,unknown,PEDRO CORRADI
Concordia,ford,,unknown,FOLMER
San Salvador De Jujuy,ford,,unknown,PUSSETTO SALTA
Ushuaia,ford,,unknown,SEVILLANO
Parana,ford,,unknown,ESCOBAR SANTA FE
Marcos Juarez,ford,,unknown,RAYCO
Venado Tuerto,ford,,unknown,RAYCO
Quilmes,ford,,unknown,AUTOS DEL SUR
Coronel Pringles,ford,,unknown,MAISONNAVE
Pinamar,ford,,unknown,MAXIMO PINASCO
Mar De Ajo,ford,,unknown,MAXIMO PINASCO
San Juan,ford,,unknown,GOLDSTEIN AUTOMOTORES
Jesus Maria,ford,,unknown,MONTIRONI AUTOMOTORES
Martinez,ford,,unknown,ROBAYNA
Puerto Iguazu,ford,,unknown,LOWE
Jose Ingenieros,ford,,unknown,AUTO SPECIAL
Florencio Varela,ford,,unknown,AUTOS DEL SUR
Escobar,ford,,unknown,ASPEN MOTORS S.A.
Zarate,ford,,unknown,ASPEN MOTORS S.A.
Obera,ford,,unknown,SELVA
San Fernando Del Valle De Catamarca,ford,,unknown,KARAM AUTOMOTORES
Don Torcuato,ford,,unknown,ROBAYNA
Canning - Ezeiza,ford,,unknown,LUIS STRIANESE
San Miguel De Tucuman,ford,,unknown,LEON ALPEROVICH
Ciudad De Formosa,ford,,unknown,PABLO ELOY DONNET
Rio Cuarto,ford,,unknown,MONTIRONI AUTOMOTORES
Rio Tercero,ford,,unknown,FORCOR
Ciudad De Córdoba,ford,,unknown,MONTIRONI AUTOMOTORES
Ituzaingo,ford,,unknown,AUTOBIZ
Tres Arroyos,ford,,unknown,ROAS
Godoy Cruz,ford,,unknown,JC. LORENZO
Recoleta,ford,,unknown,BRENSON AUTOS S.A.
Villa Maria,ford,,unknown,MONTIRONI AUTOMOTORES SACIFIA
Gualeguaychu,ford,,unknown,FOLMER
La Lonja,ford,,unknown,ASPEN MOTORS S.A.
Villa Martelli,ford,,unknown,BRENSON AUTOS S.A.
Mar Del Plata,ford,,unknown,GUILLERMO SIMONE
Junin,ford,,unknown,MONTANARI MOTORS
Comodoro Rivadavia,ford,,unknown,DEL SOL AUTOMOTOR
Hernando,ford,,unknown,FORCOR
Yerba Buena,ford,,unknown,LEON ALPEROVICH
Rosario,ford,,unknown,GIORGI AUTOMOTORES
Azul,ford,,unknown,ROAS
Necochea,ford,,unknown,QUICK LANE NECOCHEA
General Pacheco,ford,,unknown,QUICK LANE PACHECO
Alta Gracia,ford,,unknown,QUICK LANE ALTA GRACIA
Presidencia Roque Saenz Peña,ford,,unknown,QUICK LANE ROQUE SAENZ PEÑA
Munro,ford,,unknown,QUICK LANE MUNRO
Barrio Cochangasta,ford,,unknown,QUICK LANE LA RIOJA
Posadas,ford,,unknown,SELVA
San Ramon De La Nueva Oran,ford,,unknown,QUICK LANE ORAN
Monte Caseros,ford,,unknown,QUICK LANE MONTE CASEROS
Barrio Alto Alberdi,ford,,unknown,QUICK LANE ALBERDI
Balcarce,ford,,unknown,BALCARCE AUTOS
unknown,gbfs,,unknown,Oroño y Ombú
Buenos Aires,hardrock,,unknown,Hard Rock Cafe Puerto Madero
Iguazu,hardrock,,unknown,Hard Rock Cafe Iguazu Airport
Ushuaia,hardrock,,unknown,Hard Rock Cafe Ushuaia
unknown,hilton,Av Macacha Guemes 351 Buenos Aires C1106BKG Argentina,unknown,Hilton Buenos Aires
Buenos Aires,lhw,Av. Alvear 1891 C1129AAA Buenos Aires Argentina,unknown,Alvear Palace Hotel
Ushuaia,lhw,Cerro Alarkén 1 Ushuaia 9410 Tierra del Fuego Argentina,unknown,Arakur Ushuaia Resort & Spa
Mendoza,lhw,Ruta Provincial 94 Km 11 Tunuyan Uco Valley CP 5500 Mendoza Argentina,unknown,The Vines Resort & Spa
Buenos Aires,man_truck_and_bus,,unknown,EILERS S.A.
Avellaneda,man_truck_and_bus,,unknown,BUSWAGEN S.A.
Buenos Aires,marriott,,unknown,Sheraton Buenos Aires Hotel & Convention Center
Mar del Plata,marriott,,unknown,Sheraton Mar del Plata Hotel
Mendoza,marriott,,unknown,Sheraton Mendoza Hotel
Pilar,marriott,,unknown,Sheraton Pilar Hotel & Convention Center
Salta,marriott,,unknown,Sheraton Salta Hotel
San Carlos de Bariloche,marriott,,unknown,Hotel Panamericano Bariloche
Tucuman,marriott,,unknown,Sheraton Tucuman Hotel
Posadas,mcdonalds_latin_america,Av. Quaranta 3598 Posadas,unknown,Libertad Posadas
Corrientes,mcdonalds_latin_america,PROV. Corrientes AV. CENTENARIO 3535,unknown,Centenario Shopping
Corrientes,mcdonalds_latin_america,Calle Junin 1034,unknown,Peatonal Junin-Corrientes
Resistencia,mcdonalds_latin_america,Avenida Sarmiento 2610 - Resistencia,unknown,Av Sarmiento 1999
Salta,mcdonalds_latin_america,Av. del Bicentenario de la Batalla de Salta 702,unknown,Salta- Alto Noa Shopping
Salta,mcdonalds_latin_america,Alberdi N° 25,unknown,Alberdi - Salta
SALTA,mcdonalds_latin_america,Avenida Tavella Y Avenida Excombatientes De Malvinas,unknown,Paseo Salta
Santiago del Estero,mcdonalds_latin_america,Rivadavia Y Av. Ejercito Argentino - Local 1501,unknown,Santiago Del Estero
Tucumán,mcdonalds_latin_america,25 De Mayo 398,unknown,"25  de Mayo, Tucumán"
Tucumán,mcdonalds_latin_america,Av. Belgrano 4658,unknown,Distrito Tucumán
Tucumán,mcdonalds_latin_america,Av. Roca 3440 Tucumán,unknown,Libertad- Tucumán
Yerba Buena,mcdonalds_latin_america,Av. Fermín Cariola 42,unknown,Portal Tucumán
Entre Ríos,mcdonalds_latin_america,España 1 Paraná,unknown,Peatonal Paraná
Santa Fé,mcdonalds_latin_america,Remolcador Meteoro 2700,unknown,Torre Puerto Santa Fé
Santa Fé,mcdonalds_latin_america,San Martin 2702 Santa Fe,unknown,Eva Perón
Santa Fé,mcdonalds_latin_america,Puerto Santa Fe Dique 1,unknown,Shopping la Rivera
Santa Fé,mcdonalds_latin_america,San Martín 2139 Santa Fe,unknown,Santa Fe
Rosario,mcdonalds_latin_america,Nansen 323 Galería Portal Rosario,unknown,Portal Jumbo- Rosario
Rosario,mcdonalds_latin_america,Córdoba 1001 Rosario,unknown,Córdoba y San Martín
Rosario,mcdonalds_latin_america,Junín Thedy Int.Lemas Y Echeverría Ro,unknown,Alto Rosario
Rosario,mcdonalds_latin_america,Córdoba 1643,unknown,Paseo del Siglo- Rosario
Santa Fe,mcdonalds_latin_america,Av 25 de Mayo 1810 Bis,unknown,Paso del Bosque - Rosario
Rosario,mcdonalds_latin_america,Vera Mujica 732,unknown,Terminal Automac Rosario
Rosario,mcdonalds_latin_america,Av. Pellegrini 1402 Rosario Santa Fe,unknown,Pellegrini y Corrientes - Rosario
Rosario,mcdonalds_latin_america,Dante Alighieri 2210,unknown,Hipódromo Rosario
Rosario,mcdonalds_latin_america,San Lorenzo 5823,unknown,Automac Village - Rosario
Rosario,mcdonalds_latin_america,Bvd. Oroño Y Av. Battle Y Ordoñez Rosar,unknown,Hipermercado Libertad- Rosario
Campana,mcdonalds_latin_america,Ruta Nacional 9 Km. 72.5,unknown,Campana
Tigre,mcdonalds_latin_america,Avenida Italia E Bme. Mitre,unknown,Tigre Estación Fluvial
Buenos Aires,mcdonalds_latin_america,Av. Libertador 2194 San Fernando,unknown,Libertador San Fernando
Tigre,mcdonalds_latin_america,Ruta 27 Km 6.5,unknown,Nordelta
Tigre,mcdonalds_latin_america,Luis Garcia y  Montevideo 1398,unknown,Tigre Bajada Acceso
Buenos Aires,mcdonalds_latin_america,Avenida del Libertador 14701/19,unknown,Acassuso
San Isidro,mcdonalds_latin_america,Avenida Centenario 72,unknown,San Isidro Hipódromo
San Fernando,mcdonalds_latin_america,Av. Hipólito Irigoyen S/N Ramal Tigre,unknown,San Fernando Carrefour
Olivos,mcdonalds_latin_america,Av. Del Libertador 2803 Olivos,unknown,Olivos
Escobar,mcdonalds_latin_america,25 De Mayo 1264 Escobar,unknown,Escobar
Escobar,mcdonalds_latin_america,Ruta Panam. Ramal EscobarCol. Este 2451,unknown,Maschwitz
Vicente López,mcdonalds_latin_america,Avenida Maipu 2767,unknown,Av. Maipú
San Isidro,mcdonalds_latin_america,Tomkinson 2967 San Isidro,unknown,Sucre y Tomkinson
Buenos Aires,mcdonalds_latin_america,Av Costanera Rafael Obligado,unknown,Aeroparque
San Isidro,mcdonalds_latin_america,564 Blanco Encalada,unknown,San Isidro Club
Vicente López,mcdonalds_latin_america,Maipú 1050 Vte. López,unknown,Av.Maipú 1050 Vte.López
Martínez,mcdonalds_latin_america,Paraná 3745,unknown,Unicenter-Patio de Comidas
Boulogne,mcdonalds_latin_america,Av. Rolon y Colect. Panameric. Boulogne,unknown,Rolón y Panamericana
Capital Federal,mcdonalds_latin_america,Rodolfo Walsh 100,unknown,Barrio 31
Vicente López,mcdonalds_latin_america,Capitán Bermudez Y White 4500. Vte. López,unknown,Norcenter
Ciudad Autónoma de Buenos Aires,mcdonalds_latin_america,Av. Libertador 7112,unknown,Av. Libertador-Nuñez
Ciudad Autónoma de Buenos Aires,mcdonalds_latin_america,Avenida Salguero 3172 L.3301,unknown,Shopping Paseo Alcorta
San Fernando,mcdonalds_latin_america,Camino Bancalari Y Boulogne,unknown,San Fernando Walmart
Boulogne,mcdonalds_latin_america,Bernardo de Irigoyen 2647,unknown,Soleil
Ciudad Autónoma de Buenos Aires,mcdonalds_latin_america,Avenida Luis María Campos 901,unknown,Solar Shopping
Ciudad Autónoma de Buenos Aires,mcdonalds_latin_america,Av. Las Heras 3215,unknown,Av. Las Heras y Coronel Díaz
Ciudad Autónoma de Buenos Aires,mcdonalds_latin_america,Vte. López 2008/98 Y Junín,unknown,Recoleta Mall
Ciudad Autónoma de Buenos Aires,mcdonalds_latin_america,Av. Cabildo 2523/7,unknown,Cabildo y Monroe
Ciudad Autónoma de Buenos Aires,mcdonalds_latin_america,Av. Bullrich 345,unknown,Jumbo Palermo
Ciudad Autónoma de Buenos Aires,mcdonalds_latin_america,Vedia 3626 Plaza Dot Shopping,unknown,Dot Shopping-Patio de Comidas
Ciudad Autónoma de Buenos Aires,mcdonalds_latin_america,Larrea 1573/41/31,unknown,Paseo Larrea
Ciudad Autónoma de Buenos Aires,mcdonalds_latin_america,Av. Cabildo 2254/60,unknown,Cabildo y Olazábal
Don Torcuato,mcdonalds_latin_america,Av Marcelo T. de Alvear 2956,unknown,Ruta 202
Ciudad Autónoma de Buenos Aires,mcdonalds_latin_america,Florida 570,unknown,Florida 568
Ciudad Autónoma de Buenos Aires,mcdonalds_latin_america,Av. Santa Fe 4601,unknown,Santa Fe y Godoy Cruz
Ciudad Autónoma de Buenos Aires,mcdonalds_latin_america,Av Santa Fe 4280,unknown,Plaza Italia
Ciudad Autónoma de Buenos Aires,mcdonalds_latin_america,Cabildo 742,unknown,Cabildo y Lacroze
Ciudad Autónoma de Buenos Aires,mcdonalds_latin_america,Avenida Santa Fe 1780,unknown,Santa Fé y Callao
Ciudad Autónoma de Buenos Aires,mcdonalds_latin_america,Arenales 3360 L.2044/2045A,unknown,Alto Palermo
Ciudad Autónoma de Buenos Aires,mcdonalds_latin_america,Av. Santa Fe 3684,unknown,Av. Santa Fe -Scalabrini Ortiz
Ciudad Autónoma de Buenos Aires,mcdonalds_latin_america,Florida 281,unknown,Florida 281
Ciudad Autónoma de Buenos Aires,mcdonalds_latin_america,Lavalle 964,unknown,Lavalle
Ciudad Autónoma de Buenos Aires,mcdonalds_latin_america,Avenida Corrientes 992 6,unknown,Obelisco
Ciudad Autónoma de Buenos Aires,mcdonalds_latin_america,Av. Santa Fé 2468/70,unknown,Av. Santa Fe- Pueyrredón
Ciudad Autónoma de Buenos Aires,mcdonalds_latin_america,Avenida Córdoba 1765,unknown,Córdoba y Callao
Ciudad Autónoma de Buenos Aires,mcdonalds_latin_america,Alicia M. De Justo 1190,unknown,Madero
Ciudad Autónoma de Buenos Aires,mcdonalds_latin_america,Scalabrin Ortíz 2034,unknown,Scalabrini Ortiz
Ciudad Autónoma de Buenos Aires,mcdonalds_latin_america,Avenida Córdoba 2039,unknown,Córdoba y Junín
Buenos Aires,mcdonalds_latin_america,Av. Córdoba 2141 C1054 CABA,unknown,Plaza Houssay
Ciudad Autónoma de Buenos Aires,mcdonalds_latin_america,Av. Corrientes 1650,unknown,Paseo la Plaza
Ciudad Autónoma de Buenos Aires,mcdonalds_latin_america,Av. Elcano 3240,unknown,Elcano
Ciudad Autónoma de Buenos Aires,mcdonalds_latin_america,Av. Federico Lacroze 3496,unknown,Colegiales
Ciudad Autónoma de Buenos Aires,mcdonalds_latin_america,Córdoba 3821 Esq. Medrano,unknown,Córdoba y Medrano
Ciudad Autónoma de Buenos Aires,mcdonalds_latin_america,Lima 667,unknown,Lima
Ciudad Autónoma de Buenos Aires,mcdonalds_latin_america,Av. Rivadavia 2199 Esq. Uriburu,unknown,Av. Rivadavia y Uriburu
Ciudad Autónoma de Buenos Aires,mcdonalds_latin_america,Avenida Corrientes 3247,unknown,Abasto-Planta baja
Malvinas Argentinas,mcdonalds_latin_america,Ramal Pilar Panamericana Ramal Pilar,unknown,Tortugas Open Mall-Patio de Comidas
Ciudad Autónoma de Buenos Aires,mcdonalds_latin_america,Av. Pueyrredón 230,unknown,Av. Pueyrredón - Once
Malvinas Argentinas,mcdonalds_latin_america,Panamericana Km 365 - Ramal Pilar,unknown,Tortugas Open Mall Estacionamiento
Ciudad Autónoma de Buenos Aires,mcdonalds_latin_america,Av. Corrientes 3966,unknown,Corrientes y Medrano
Ciudad Autónoma de Buenos Aires,mcdonalds_latin_america,Av. Martín García 270,unknown,Parque Lezama
Ciudad Autónoma de Buenos Aires,mcdonalds_latin_america,Av. Triunvirato 4680 Villa Urquiza,unknown,Triunvirato y Monroe
Ciudad Autónoma de Buenos Aires,mcdonalds_latin_america,Av. Rivadavia 3145,unknown,Av. Rivadavia-Once
Ciudad Autónoma de Buenos Aires,mcdonalds_latin_america,Corrientes  5230/34,unknown,Corrientes- Villa Crespo
Ciudad Autónoma de Buenos Aires,mcdonalds_latin_america,Av. Brasil 1160,unknown,Av. Brasil
Buenos Aires,mcdonalds_latin_america,Av. Alvear 2486 Villa Ballester,unknown,Villa Ballester
Ciudad Autónoma de Buenos Aires,mcdonalds_latin_america,Av. De los Constituyentes 6020,unknown,Walmart Constituyentes
Del Viso,mcdonalds_latin_america,12 de Octubre Ruta 26 Y,unknown,Del Viso
Ciudad Autónoma de Buenos Aires,mcdonalds_latin_america,Av. San Juan 2826,unknown,Av. San Juan- Vea
Buenos Aires,mcdonalds_latin_america,Avenida Rivadavia 4515,unknown,Av. Rivadavia y Av. La Plata
Ciudad Autónoma de Buenos Aires,mcdonalds_latin_america,Av. Entre Rios N° 2195,unknown,Entre Ríos y Caseros
Ciudad Autónoma de Buenos Aires,mcdonalds_latin_america,Avenida San Martín 2880,unknown,Paternal
Ciudad Autónoma de Buenos Aires,mcdonalds_latin_america,Avenida Rivadavia 5108,unknown,Caballito Shopping
San Martín,mcdonalds_latin_america,San Lorenzo 3773 L.1056 San Martín,unknown,Jumbo San Martin
San Martín,mcdonalds_latin_america,Belgrano 3645,unknown,San Martin Peatonal
Buenos Aires,mcdonalds_latin_america,Avenida Rivadavia 5730,unknown,Primera Junta
Buenos Aires,mcdonalds_latin_america,Au Dr. Ricardo Balbín Km 9,unknown,Changomas Avellaneda
San Martín,mcdonalds_latin_america,Avenida San Martín 400,unknown,Carrefour Gral Paz y San Martin
Avellaneda,mcdonalds_latin_america,Mitre 639 Avellaneda,unknown,Mitre Avellaneda
San Martín,mcdonalds_latin_america,Avenida 101 Doctor Ricardo Balbín 2549,unknown,San Martin Balbín
Ciudad Autónoma de Buenos Aires,mcdonalds_latin_america,Cuenca 3234,unknown,Cuenca Villa del Parque
Ciudad Autónoma de Buenos Aires,mcdonalds_latin_america,Rivadavia 6620,unknown,Av. Rivadavia  y Camacuá
Quilmes,mcdonalds_latin_america,Brandsen Esq. Mitre Quilmes,unknown,Mitre y Brandsen
Quilmes,mcdonalds_latin_america,Rivadavia 124/6 Quilmes,unknown,Quilmes Peatonal
Quilmes,mcdonalds_latin_america,Av. Humberto 1º Y Moreno Quilmes,unknown,Quilmes Coto
Ciudad Autónoma de Buenos Aires,mcdonalds_latin_america,Av. Sáenz 945,unknown,Pompeya
Buenos Aires,mcdonalds_latin_america,Guemes 897,unknown,Alto Avellaneda Automac
Avellaneda,mcdonalds_latin_america,Güemes 897 Avellaneda,unknown,Alto Avellaneda-Patio de Comidas
Ciudad Autónoma de Buenos Aires,mcdonalds_latin_america,Av. Rivadavia 7302,unknown,Av Rivadavia  y Lafuente
Ciudad Autónoma de Buenos Aires,mcdonalds_latin_america,José Pedro Varela 4866 C1417EYZ,unknown,Devoto Shopping
Pilar,mcdonalds_latin_america,Ruta 8 - Km 505,unknown,Pilar Village
Buenos Aires,mcdonalds_latin_america,Av. Presidente Perón (Av. 14) 4985,unknown,Berazategui
Pilar,mcdonalds_latin_america,Las Magnolias 754,unknown,Palmas-Patio de Comidas
Ciudad Autónoma de Buenos Aires,mcdonalds_latin_america,Av. Francisco Beiro 5275/79,unknown,Beiro y Lope de Vega
Malvinas Argentinas,mcdonalds_latin_america,Ruta 202 Y Ruta 8,unknown,Terrazas de Mayo- Patio de comidas
San Miguel,mcdonalds_latin_america,avenida presidente Arturo illia 3770,unknown,Automac Ruta 8 y 202
Caseros,mcdonalds_latin_america,Gral. Urquiza 4785 Caseros,unknown,Caseros
San Miguel,mcdonalds_latin_america,Avenida Presidente Juan Domingo Perón 1522,unknown,San Miguel Centro
San Miguel,mcdonalds_latin_america,Perón 989 San Miguel,unknown,Muñiz
Pilar,mcdonalds_latin_america,Panameric. Ram. Pilar Y Av. Trat. Del Pi,unknown,Ruta 8 Pilar
Palomar,mcdonalds_latin_america,Bvd. San Martín 3099 C. Jardín Palomar,unknown,Palomar
Hurlingham,mcdonalds_latin_america,Jauretche 978 Hurlingham,unknown,Hurlingham
3 de Febrero,mcdonalds_latin_america,Comesaña 4056,unknown,Coto Ciudadela
Ciudad Autónoma de Buenos Aires,mcdonalds_latin_america,Ramón L. Falcón 7115/65,unknown,Plaza Liniers Shopping
Lanús,mcdonalds_latin_america,Av. Hipólito Irigoyen 4475 Lanús,unknown,Lanús
Buenos Aires,mcdonalds_latin_america,Av. gral Francisco de la Cruz 4602  Factory Parque Brown,unknown,Factory Parque Brown
Buenos Aires,mcdonalds_latin_america,9 de Julio 1194,unknown,9 de Julio- Lanús
Quilmes,mcdonalds_latin_america,Calchaquí 3950 Quilmes,unknown,Quilmes Jumbo
Buenos Aires,mcdonalds_latin_america,Av. Centanario Y 504 La Plata,unknown,Av Centenario. La plata
Buenos Aires,mcdonalds_latin_america,Avenida 7 524,unknown,Avenida 7 La plata
La Plata,mcdonalds_latin_america,Camino Gral. Belgrano y calle 514,unknown,Carrefour - La Plata
Buenos Aires,mcdonalds_latin_america,CALLE 47 Nº631. LA PLATA,unknown,47  La Plata
Buenos Aires,mcdonalds_latin_america,Calle 50 642/50,unknown,50  La Plata
Ciudad Autónoma de Buenos Aires,mcdonalds_latin_america,Av. J.B. Alberdi 7450,unknown,Mataderos
Buenos Aires,mcdonalds_latin_america,Av. Rivadavia 14350 Ramos Mejía,unknown,Ramos Mejía
Buenos Aires,mcdonalds_latin_america,Av. Rivadavia 16335/53 Haedo,unknown,Haedo
Quilmes,mcdonalds_latin_america,Av. 844 Nro. 2582 San Francisco Solano Quilmes,unknown,San Francisco Solano
Castelar,mcdonalds_latin_america,Av. Juan M. de Rosas 658/760,unknown,Shopping Plaza Oeste-Morón
Banfield,mcdonalds_latin_america,Av. Hipólito Irigoyen 7545 Banfield,unknown,Banfield
La Plata,mcdonalds_latin_america,Rot. Gutiérrez Y Autop. B.A.-La Plata,unknown,Rotonda Gutierrez
Lomas de Zamora,mcdonalds_latin_america,Av. Hipólito Yrigoyen 8230 L. De Zamora,unknown,Lomas de Zamora
Morón,mcdonalds_latin_america,9 De Julio N°56 Morón Pcia. De Buenos Aires.,unknown,Morón Estación
San Justo,mcdonalds_latin_america,Ignacio Arieta 3025 San Justo,unknown,San Justo Plaza
Morón,mcdonalds_latin_america,Belgrano 149 Morón,unknown,Morón
San Justo,mcdonalds_latin_america,Avenida Doctor Ignacio Arieta 3474,unknown,San Justo Arieta
San Justo,mcdonalds_latin_america,Juan Manuel De Rosas 3910,unknown,Shopping de San Justo -Patio de Comidas
Lomas de Zamora,mcdonalds_latin_america,Peatonal Laprida 177 Lomas De Zamora,unknown,Peatonal  Lomas  de Zamora
San Justo,mcdonalds_latin_america,Provincias Unidas 3900,unknown,ChangoMas  San Justo
Castelar,mcdonalds_latin_america,Avenida Santa Rosa 1535,unknown,Castelar
Buenos Aires,mcdonalds_latin_america,Av. Crovara y Ruta 4  La Tablada,unknown,Changomas La Tablada
Temperley,mcdonalds_latin_america,Avenida Presidente Hipólito Yrigoyen 10699,unknown,Temperley  Coto
Adrogué,mcdonalds_latin_america,Avenida Tomás Espora 611 1846,unknown,Adrogué
Lomas de Zamora,mcdonalds_latin_america,Av. Antártida Arg. 703 L. De Zamora,unknown,Lomas Center Shopping
Buenos Aires,mcdonalds_latin_america,H. Yrigoyen 13200 Adrogué,unknown,Boulevard Adrogue Shopping
unknown,mcdonalds_latin_america,Avenida del Libertador 756 B1722ERH,unknown,Merlo
Moreno,mcdonalds_latin_america,Av. Victorica Marmol Y B1744,unknown,Nine shopping
Moreno,mcdonalds_latin_america,Bartolomé Mitre 2857,unknown,Moreno Centro
Laferrere,mcdonalds_latin_america,Av. Gral. Rojo (Rpnº 21) Esq.Luque Lafe,unknown,Laferrere
Monte Grande,mcdonalds_latin_america,Boulevard Buenos Aires 150,unknown,Monte Grande Automac
GENERAL RODRIGUEZ,mcdonalds_latin_america,Los naranjos S/N entre Colectora Acceso Oeste y Ruta provincial 28,unknown,General Rodriguez
Ezeiza,mcdonalds_latin_america,Ezeiza International Airport,unknown,Ezeiza Terminal A Planta Baja
Buenos Aires,mcdonalds_latin_america,AU Tte. Gral. Pablo Riccheri Km 335 B1802 Ezeiza Provincia de Buenos Aires,unknown,Ezeiza Pre embarque Primer piso
Ezeiza,mcdonalds_latin_america,Mariano Castex 51,unknown,Canning
Ezeiza,mcdonalds_latin_america,Av. Castex Y Formosa,unknown,Shopping Las Toscas
Luján,mcdonalds_latin_america,San Martín 191 Luján,unknown,Lujan
Córdoba,mcdonalds_latin_america,Mauricio Yadarola 1699 Bº Talleres Cdb,unknown,CHANGOMAS B° TALLERES
Villa Allende,mcdonalds_latin_america,Colón Rio De Janeiro N 1725 - Local N 271,unknown,Villa Allende
Córdoba,mcdonalds_latin_america,Av. Amadeo Sabattini 3250,unknown,Av. Sabattini- Córdoba
Córdoba,mcdonalds_latin_america,Jacinto Rios Y D Luque,unknown,Jacinto Rios- Libertad
Córdoba,mcdonalds_latin_america,Fray Luis Beltran Y Cardeñosa,unknown,Libertad Lugones
Córdoba,mcdonalds_latin_america, Rodríguez del Busto 4086 Dinosaurio Mall Alto Verde,unknown,Dino  Córdoba
Córdoba,mcdonalds_latin_america,José A. De Goyechea 2851 Córdoba,unknown,Shopping Villa Cabrera
Córdoba,mcdonalds_latin_america,Av. Rafael Núñez 4764 Cerro,unknown,Núñez Mujer Urbana
Córdoba,mcdonalds_latin_america,25 de Mayo 52,unknown,25 de Mayo 52- Córdoba
Córdoba,mcdonalds_latin_america,Av. Nuñez 3987 Cerro Córdoba,unknown,Núñez y Victorino
Córdoba,mcdonalds_latin_america,General Paz 134,unknown,General Paz - Córdoba
Córdoba,mcdonalds_latin_america,Av.Colón Esq. Avellaneda Córdoba,unknown,Colón y Avellaneda
Córdoba,mcdonalds_latin_america,Boulevard San Juan Y Av. Vélez Sarsfield,unknown,Patio Olmos Córdoba
Córdoba,mcdonalds_latin_america,Bv. Chacabuco esq. Av. Ambrosio Olmos,unknown,Plaza  España- Córdoba
Córdoba,mcdonalds_latin_america,Quinta Santa Ana Av. Duarte Quirós 1400 Local 230 Nuevo Centro Shopping,unknown,Nuevo Centro Shopping - Córdoba
Córdoba,mcdonalds_latin_america,Calmayo 2250 2298X5014ESN,unknown,Av. Ohiggins- Córdoba
Córdoba,mcdonalds_latin_america,Elías Yofre 1050 Barrio Jardín.,unknown,Paseo Jockey -Córdoba
Córdoba,mcdonalds_latin_america,Av. Colón Y Pasco Córdoba,unknown,Changomas Colón
Chascomús,mcdonalds_latin_america,Ruta 2 Km. 115 Chascomús,unknown,Chascomús
Villa Carlos Paz,mcdonalds_latin_america,Gral Paz Esq Jose Ingenieros,unknown,Villa Carlos Paz
Pinamar,mcdonalds_latin_america,Av. Bunge 682 Pinamar,unknown,Pinamar
Rio Cuarto,mcdonalds_latin_america,Granaderos 200,unknown,Granaderos  Rio Cuarto
Villa Gesell,mcdonalds_latin_america,Avenida 3 Numero 472,unknown,Villa Gesell
Mar del Plata,mcdonalds_latin_america,Av.Constitución y Ruta 2 s/n,unknown,Constitucion
Mar del Plata,mcdonalds_latin_america,Avenida Constitución 3950,unknown,AV. Constitución y Playa
Mar del Plata,mcdonalds_latin_america,Av. San Martín 2535,unknown,Mar del Plata- Peatonal
Mar del Plata,mcdonalds_latin_america,Diagonal Pueyrredón 3050,unknown,Belgrano y Diagonal Pueyrredón
Mar del Plata,mcdonalds_latin_america,Terminal 2685 Sarmiento,unknown,Paseo Aldrey Shopping
Mar del Plata,mcdonalds_latin_america,Blvd Peralta Ramos 5499,unknown,Blvd. Peralta Ramos
San Juan,mcdonalds_latin_america,Avenida Jose Ignacio De Las Rosas 806,unknown,Av Jose Ignacio de la Rosa. Rivadavia.
San Juan,mcdonalds_latin_america,Av. Libertador Gral San Martin 1826,unknown,Libertador San Martin
Mendoza,mcdonalds_latin_america,Avenida de Acceso Este 3280,unknown,Plaza Center Shopping  Mendoza
Mendoza,mcdonalds_latin_america,Las Heras 301 Mendoza,unknown,Las Heras y Patricias Mendocinas
MENDOZA Guaymallen,mcdonalds_latin_america, Acceso ESTE 69ESTACIÓN TERMINAL MENDOZA- ALA SUR – LCN001 – GUAYMALLÉN - MENDOZA,unknown,Terminal Mendoza
Mendoza,mcdonalds_latin_america,Avenida San Martín 1177,unknown,Av San Martín y Catamarca-Ciudad
Mendoza,mcdonalds_latin_america,Dorrego Mendoza Las Cañas 1833,unknown,Barracas Mall- Mendoza
Mendoza,mcdonalds_latin_america,Av. Colón 385,unknown,Colón 369
Mendoza,mcdonalds_latin_america,Avenida San Martín 1202,unknown,Av San Martin y Maipú- Godoy Cruz
Mendoza,mcdonalds_latin_america,Palmares Open Mall Panamericana 2650 Godoy Cruz,unknown,Automac Palmares Open Mall
Bahía Blanca,mcdonalds_latin_america,Sarmiento 2600 Shop. Plaza Bahía Blanc,unknown,Shopping Plaza Bahía
Buenos Aires,mcdonalds_latin_america,Brown 266 Bahía Blanca,unknown,Brown-Bahía Blanca
Neuquén,mcdonalds_latin_america,Av. Dr. Ramón 355,unknown,Alto Comahue
Neuquén,mcdonalds_latin_america,Calle Perticone Nº 540 Neuquén,unknown,Automac Neuquén
Neuquén,mcdonalds_latin_america,Antartida Argentina 1111 Nequén,unknown,Shopping La Anónima
Neuquén,mcdonalds_latin_america,Juan Julian Lastra 2400 Neuquen,unknown,Shopping Jumbo- Neuquén
Bariloche,mcdonalds_latin_america,Mitre 161,unknown,Bariloche
SAN JUAN,moneygram,,unknown,MEGATONE SAN JUAN
LA PLATA,moneygram,,unknown,MEGATONE - LA PLATA
JUJUY,moneygram,,unknown,ANDESMAR - #336 - JUJUY
BUENOS AIRES,moneygram,,unknown,MAGUIEXPRESS - SF EXPRESS - #10 - FLORES
SAN FERNANDO DEL VALLE DE CATAMARCA,moneygram,,unknown,MAXIKIOSCO CLICK - SAN FERNANDO DEL VALL
SALTA,moneygram,,unknown,MAGUIEXPRESS - MONEY EXPRESS - SALTA
RECONQUISTA,moneygram,,unknown,DE TODO UN POCO - RECONQUISTA
AZUL,moneygram,,unknown,CIGARRERIA RIZZI - AZUL
RIO CUARTO,moneygram,,unknown,MEGATONE - RIO CUARTO
ROSARIO,moneygram,,unknown,BANCO PIANO - #8
VERA,moneygram,,unknown,PARADA 0 - VERA
SALSIPUEDES,moneygram,,unknown,RO & SA - SALSIPUEDES
TRES ARROYOS,moneygram,,unknown,LOCUTORIO BETOLAZA
PEHUAJO,moneygram,,unknown,ORGANIZACION BIAFORE - PEHUAJO
PALPALA,moneygram,,unknown,V.Q.Z SERVICIOS - PALPALA
OLAVARRIA,moneygram,,unknown,ENDULZA 2 - OLAVARRIA
VICTORIA,moneygram,,unknown,SEGUROS DURE - VICTORIA
SANTA FE,moneygram,,unknown,SANTA FE PLUS PAGOS
LA PUERTA,moneygram,,unknown,HARD & SOFT 1 - LA PUERTA
PEREZ MILLAN,moneygram,,unknown,LIBRERIA COLORES - PEREZ MILLAN
J B MOLINA,moneygram,,unknown,AGENCIA TATIN - J B MOLINA
CURUZU CUATIA,moneygram,,unknown,DISTRIBUIDORA GABY - CURUZU CUATIA
COSQUIN,moneygram,,unknown,MEGATONE - COSQUIN
FIRMAT,moneygram,,unknown,MAXIKIOSCO JANDAY - FIRMAT
CATUNA,moneygram,,unknown,DIFUNTA CORREA - CATUNA
CHACABUCO,moneygram,,unknown,MB SERVICIOS - CHACABUCO
CIUDAD AUTONOMA DE BUENOS AIRES,moneygram,,unknown,CONGRESO - #526 - CIUDAD AUTONOMA DE BUE
SARANDI,moneygram,,unknown,AVELLANEDA SARANDI - #508 - SARANDI - AV
CABA,moneygram,,unknown,CONSTITUCION HORIZONTE - CABA
COLON,moneygram,,unknown,COLON
RAFAEL CASTILLO,moneygram,,unknown,GALDIS ZUNILDA SANCHEZ BRITOS - SAN CAYE
CAPITAL FEDERAL,moneygram,,unknown,CE BUENOS AIRES - CABA - CAPITAL FEDERAL
SAN FERNANDO,moneygram,,unknown,VIRREYES CARLOS PELLEGRINI - VIRREYES
CIUDADELA,moneygram,,unknown,ROMERO GUSTAVO RODOLFO - CIUDADELA
RAFAELA,moneygram,,unknown,MAXIKIOSCO MELTO
CIUDAD AUTONOMA BUENOS AIRES,moneygram,,unknown,ONCE F.NET TRAVEL - #551 - CIUDAD AUTONO
BAHIA BLANCA,moneygram,,unknown,GIROS EXPRESS-ANDESMAR - #GRS33 - BAHIA
MAR DEL PLATA,moneygram,,unknown,RIPSA - #740 - MAR DEL PLATA - RIPSA BAL
GARIN,moneygram,,unknown,RIPSA GARIN - GARIN
PILAR,moneygram,,unknown,CE BUENOS AIRES - PILAR
SANTA CLARA,moneygram,,unknown,RIPSA SANTA CLARA - SANTA CLARA
DEL VISO,moneygram,,unknown,SHOPPING PASEO PILAR - DEL VISO
CARNERILLO,moneygram,,unknown,PAULINA SOLEDAD GOMEZ - CARNERILLO
GENERAL DEHEZA,moneygram,,unknown,LA ISLA - GENERAL DEHEZA
SAN MIGUEL DE TUCUMAN,moneygram,,unknown,GIROS EXPRESS-ANDESMAR - #GR269 - SAN MI
RIO GALLEGOS,moneygram,,unknown,ANDESMAR - #318 - RIO GALLEGOS
PASTEUR,moneygram,,unknown,PASTEUR TELEFONIA - PASTEUR
BARILOCHE,moneygram,,unknown,ANDESMAR - #359 - BARILOCHE
PASCANAS,moneygram,,unknown,CELESTE Y BLANCA
COLONIA LIEBIGS,moneygram,,unknown,TELECENTRO COLONIA LIEBIGS - COLONIA LIE
VILLA CELINA,moneygram,,unknown,VILLA CELINA ROTONDA
CATAMARCA,moneygram,,unknown,MEGATONE - CATAMARCA
RINCON DE LOS SAUCES,moneygram,,unknown,ANDESMAR - #B97 - RINCON DE LOS SAUCES
MERLO,moneygram,,unknown,GIROS EXPRESS-ANDESMAR - #GRL89 - MERLO
GENERAL ALVEAR,moneygram,,unknown,ANDESMAR - #14 - GENERAL ALVEAR
BIEDMA,moneygram,,unknown,ANDESMAR - #80 - BIEDMA
RAWSON,moneygram,,unknown,ANDESMAR - #86 - RAWSON
PERICO,moneygram,,unknown,TERMINAL II - PERICO
RESITENCIA,moneygram,,unknown,ANDESMAR - #687 - RESITENCIA
VIEDMA,moneygram,,unknown,PINGUINO - #P2 - VIEDMA
LEDESMA,moneygram,,unknown,EL RAPIDO INTERNACIONAL - #N50 - LEDESMA
LAS HERAS,moneygram,,unknown,ANDESMAR - #814 - LAS HERAS
S.RAFAEL,moneygram,,unknown,ANDESMAR - #8 - S.RAFAEL
SAN PEDRO,moneygram,,unknown,TRAMAT - #M07 - SAN PEDRO
NEUQUEN,moneygram,,unknown,MEGATONE - NEUQUEN
CHILECITO,moneygram,,unknown,MEGATONE - CHILECITO
CORDOBA,moneygram,,unknown,GIROS EXPRESS-ANDESMAR - #GR094 - CORDOB
LA RIOJA,moneygram,,unknown,MEGATONE - LA RIOJA
GENERAL PUEYRREDON,moneygram,,unknown,ANDESMAR - #224 - GENERAL PUEYRREDON
CIPOLLETTI,moneygram,,unknown,MEGATONE - CIPOLLETTI
MENDOZA,moneygram,,unknown,MAGUIEXPRESS - SHIPMENT EXPRESS - MENDOZ
PUNTA ALTA,moneygram,,unknown,ANDESMAR - #328 - PUNTA ALTA
SANTIAGO DEL ESTERO,moneygram,,unknown,SEGUROS RIVADAVIA - SANTIAGO DEL ESTERO
DR MANUEL BELGRANO,moneygram,,unknown,EL RAPIDO INTERNACIONAL - #N44 - DR MANU
COMODORO RIVADAVIA,moneygram,,unknown,CASA OSTOICH - COMODORO RIVADAVIA
TARTAGAL,moneygram,,unknown,ANDESMAR - #B99 - TARTAGAL
ORAN,moneygram,,unknown,ANDESMAR - #408 - ORAN
SANTA ROSA,moneygram,,unknown,ANDESMAR - #B46 - SANTA ROSA
P.BUENA,moneygram,,unknown,ANDESMAR - #312 - P.BUENA
MARACO,moneygram,,unknown,ANDESMAR - #168 - MARACO
CALAFATE,moneygram,,unknown,ANDESMAR - #V10 - CALAFATE
PARANA,moneygram,,unknown,MEGATONE PARANA
FORMOSA,moneygram,,unknown,MEGATONE FORMOSA
TUNUYAN,moneygram,,unknown,ANDESMAR - #2 - TUNUYAN
CORRIENTES,moneygram,,unknown,MEGATONE - CORRIENTES
GENERAL MARTIN M. GUEMES,moneygram,,unknown,ANDESMAR - #294 - GENERAL MARTIN M. GUEM
POCITOS,moneygram,,unknown,EL RAPIDO INTERNACIONAL - #N83 - POCITOS
RETIRO,moneygram,,unknown,ANDESMAR - #861 - RETIRO
CALETA OLIVIA,moneygram,,unknown,ANDESMAR - #302 - CALETA OLIVIA
CATRIEL,moneygram,,unknown,ANDESMAR - #40 - CATRIEL
GENERAL ROCA,moneygram,,unknown,MAXI-KIOSCO CHANGO - GENERAL ROCA
CIUDAD DE BUENOS AIRES,moneygram,,unknown,BALVANERA LA RIOJA - #513 - CIUDAD DE BU
TRELEW,moneygram,,unknown,ANDESMAR - #84 - TRELEW
HELVECIA,moneygram,,unknown,FARMACIA CHEMES - HELVECIA
LIBERTAD,moneygram,,unknown,MAXIKIOSCO EL ABUELO BIGOTE - LIBERTAD
LAS ARRIAS,moneygram,,unknown,RESTO BAR VIRGEN NINA - LAS ARRIAS
TINTINA,moneygram,,unknown,COBRO VIRTUAL TINTINA - TINTINA
OBISPO TREJO,moneygram,,unknown,HARD & SOFT 1 - #5684 - OBISPO TREJO
CRUZ DEL EJE,moneygram,,unknown,LIBRERIA AGUS - CRUZ DEL EJE
VILLA NUEVA,moneygram,,unknown,SUPER DE TODO - VILLA NUEVA
MARCOS JUARES,moneygram,,unknown,FARMACIA BOSIO-SCORTICHINI - MARCOS JUAR
COLONIA PASTORIL,moneygram,,unknown,AL PASO - COLONIA PASTORIL
PICO TRUNCADO,moneygram,,unknown,NOVEDADES JIREH - PICO TRUNCADO
CASBAS,moneygram,,unknown,DOS ANGELES - CASBAS
EL FORTIN,moneygram,,unknown,MINOS - EL FORTIN
CORONEL DU GRATY,moneygram,,unknown,RINCON DE LUNA - CORONEL DU GRATY
SALVADOR MAZZA,moneygram,,unknown,HECTOR NAVARRO - SALVADOR MAZZA
JOVITA,moneygram,,unknown,JM - JOVITA
VILLA OCAMPO,moneygram,,unknown,JACK CEL ACCESORIOS - VILLA OCAMPO
LA QUIACA,moneygram,,unknown,GIROS EXPRESS-ANDESMAR - #GR424 - LA QUI
ABRA PAMPA,moneygram,,unknown,TELECABINAS 12 DE OCTUBRE - ABRA PAMPA
LA FLORIDA,moneygram,,unknown,CENTRO DE SERVICIOS - LA FLORIDA
LOMAS DE ZAMORA,moneygram,,unknown,GIROS EXPRESS-ANDESMAR - #GRL80 - LOMAS
GOBERNADOR CRESPO,moneygram,,unknown,G & B GESTORIA Y SEGUROS - GOBERNADOR CR
ACEBAL,moneygram,,unknown,DELICIAS FRUTALES - ACEBAL
VILLA DOLORES,moneygram,,unknown,MEGATONE - VILLA DOLORES
BELLA VISTA,moneygram,,unknown,FARMACIA RT LA DEL NORTE SCS - BELLA VIS
SIERRA GRANDE,moneygram,,unknown,ANDESMAR - #B47 - SIERRA GRANDE
CONCEPCION DEL URUGUAY,moneygram,,unknown,NORMA VALIENTE - CONCEPCION DEL URUGUAY
MORENO,moneygram,,unknown,CARREFOUR MAXI MORENO - #20703
MINA CLAVERO,moneygram,,unknown,PANADERIA LAURITA - MINA CLAVERO
VILLANUEVA,moneygram,,unknown,GIROS EXPRESS-ANDESMAR - #GRC01 - VILLAN
CARRILOBO,moneygram,,unknown,MPG ESTUDIO CONTABLE - CARRILOBO
SAN MARCOS SIERRA,moneygram,,unknown,IMAGINA VIDEOCLUB COMPUTACION - #8179
VILLA CARLOS PAZ,moneygram,,unknown,KIWICO
LA CARLOTA,moneygram,,unknown,TELECENTRO DEL BOULEVARD - LA CARLOTA
VIRGINIA,moneygram,,unknown,IN BOCCA AL LUPO
RIO DE LOS SAUCES,moneygram,,unknown,HELADERIA Y CAFETERIA ICE CREAM - RIO DE
JUANA KOSLAY,moneygram,,unknown,LA SEGUNDA- GRUPO ASEGURADORA - JUANA KO
TOTORAS,moneygram,,unknown,MELISA GASPARETTI - TOTORAS
SANTA CLARA DE SAGUIER,moneygram,,unknown,ORG MIGLIORI DE BESSO - SANTA CLARA DE S
TERMAS DE RIO HONDO,moneygram,,unknown,GIROS EXPRESS-ANDESMAR - #GR731 - TERMAS
COLONIA DORA,moneygram,,unknown,SA INSUMOS - COLONIA DORA
LAS GRUTAS,moneygram,,unknown,GIROS EXPRESS-TRAMAT - #GRM21 - LAS GRUT
SAN CARLOS,moneygram,,unknown,GIROS EXPRESS-ANDESMAR - #GR003 - SAN CA
USPALLATA,moneygram,,unknown,GIROS EXPRESS-ANDESMAR - #GR142 - USPALL
GARUPA,moneygram,,unknown,JR PRODUCTORES Y ASESORES DE SEGUROS
FLORENCIO VARELA,moneygram,,unknown,FLORENCIO VARELA EL PUENTE
SAN MARTIN DE LOS ANDES,moneygram,,unknown,ENTER - SAN MARTIN DE LOS ANDES
MBURUCUYA,moneygram,,unknown,PRONTO MBURUCUYA - MBURUCUYA
SAN VICENTE,moneygram,,unknown,BIEN NATURAL - #8591 - SAN VICENTE
ESPERANZA,moneygram,,unknown,FOTOCOPIAS GUADA
BUENO AIRES,moneygram,,unknown,INGENIERO BUDGE BRAGADO - BUENO AIRES
HIPOLITO BUCHARD,moneygram,,unknown,MILANO SUSANA NOEMI - HIPOLITO BUCHARD
LEANDRO N ALEM,moneygram,,unknown,PABLO BATIROLA PRODUCTOR - ASESOR DE SEG
SAN SALVADOR DE JUJUY,moneygram,,unknown,MEGATONE - SAN SALVADOR DE JUJUY
GUALEGUAY,moneygram,,unknown,SEGURO DAL BO - GUALEGUAY
SAN FRANCISCO,moneygram,,unknown,MEGATONE - SAN FRANCISCO
MACIEL,moneygram,,unknown,FLORENCIA PEANO PRODUCTORA ASESORA DE SE
MARCOS JUAREZ,moneygram,,unknown,CERRAJERIA EMS7COR - MARCOS JUAREZ
VILLA GIARDINO,moneygram,,unknown,LOTERIA DE CORDOBA - VILLA GIARDINO
EL MAITEN,moneygram,,unknown,PONCE ESTUDIO - EL MAITEN
SOLEDAD,moneygram,,unknown,"""AGENCIA """" EL TREBOL DE LA BUENA SUERTE"""""""
ROSARIO DE LA FRONTERA,moneygram,,unknown,POLLERIA EMANUEL - ROSARIO DE LA FRONTE
LOMA NEGRA,moneygram,,unknown,DESPENSA Y KIOSCO - LOMA NEGRA
ALTA GRACIA,moneygram,,unknown,MEGATONE - ALTA GRACIA
SALSACATE,moneygram,,unknown,ENTRE COMILLAS - SALSACATE
MONTE CASEROS,moneygram,,unknown,IRTUS ASESORES EN SEGURO - MONTE CASEROS
SAN JORGE,moneygram,,unknown,FARMACIA RON - SAN JORGE
LOS POLVORINES,moneygram,,unknown,CE BUENOS AIRES - LOS POLVORINES 2 - LOS
ITUZAINGO,moneygram,,unknown,CE BUENOS AIRES - ITUZAINGO - ITUZAINGO
ONCE,moneygram,,unknown,CE BUENOS AIRES - ONCE - ONCE
MISIONES,moneygram,,unknown,MEGATONE PASADAS
POSADAS,moneygram,,unknown,MAGUIEXPRESS - POSADAS - POSADAS
JUNIN,moneygram,,unknown,POLIRRUBRO SAN CAYETANO
9 DE ABRIL,moneygram,,unknown,ESTEBAN ECHEVERRIA SALTA
VILLA MADERO,moneygram,,unknown,VILLA CELINA 0418 - VILLA CELINA 0418
PRESIDENCIA ROQUE SAENZ PENA,moneygram,,unknown,MEGATONE ROQUE SAENZ PENA
ELDORADO,moneygram,,unknown,MEGATONE ELDORADO
VILLA DEL ROSARIO,moneygram,,unknown,MB PRODUCTORA ASESORA DE SEGUROS
TANDIL,moneygram,,unknown,VARIETE
SALADAS,moneygram,,unknown,FARMACIA TRESSENSS - SALADAS
FERNANDEZ,moneygram,,unknown,MEGATONE - FERNANDEZ
MERCEDES,moneygram,,unknown,DIETETICA TU SALUD
MALARGUE,moneygram,,unknown,GIROS EXPRESS-ANDESMAR - #GRB41 - MALARG
SANTO TOME,moneygram,,unknown,AGENCIA LA REDOBLONA
VILLA MARIA,moneygram,,unknown,MEGATONE - VILLA MARIA
PERGAMINO,moneygram,,unknown,DE TODO COMO EN BOTICA
CERRILLOS,moneygram,,unknown,JUAN DRUGSTORE
RANCUL,moneygram,,unknown,GIROS EXPRESS-ANDESMAR - #GRL85 - MUNICI
NUEVA GALICIA,moneygram,,unknown,GIROS EXPRESS-ANDESMAR - #GRL86 - MUNICI
MARTINEZ,moneygram,,unknown,MEGATONE UNICENTER
SAN RAFAEL,moneygram,,unknown,GIROS EXPRESS-ANDESMAR - #GRL87 - SAN RA
GUAYMALLEN,moneygram,,unknown,PAGO DE SERVICIOS
FRIAS,moneygram,,unknown,LO DE FLACOCH - LO DE FLACOCH
PAMPA BLANCA,moneygram,,unknown,AGENCIA 148
SALADILLO,moneygram,,unknown,KIOSCO RIVADAVIA - #9528
LABOULAYE,moneygram,,unknown,LAS PEQUES
ESTACION CLUCELLAS,moneygram,,unknown,MINIMERCADO LIBRA
TIO PUJIO,moneygram,,unknown,POLIRUBRO MILENA
CONCORDIA,moneygram,,unknown,SR GATO
VILLA BERTHET,moneygram,,unknown,"""COMPLEJO """" LOS TURQUITOS """""""
LA TOMA,moneygram,,unknown,GIROS EXPRESS-ANDESMAR - #GRL81 - LA TOM
CONCEPCION,moneygram,,unknown,GIROS EXPRESS-ANDESMAR - #GRL88 - CONCEP
CAPITAL,moneygram,,unknown,GIROS EXPRESS-ANDESMAR - #GR337 - CAPITA
CARMEN DE PATAGONES,moneygram,,unknown,FULL SPORT
NECOCHEA,moneygram,,unknown,MEGATONE - NECOCHEA
SUBTENIENTE PERIN,moneygram,,unknown,CASA FELDMANN
BERAZATEGUI,moneygram,,unknown,AREVALO LOBOS DIEGO NICOLAS - EL PATO
CAMPO VIERA,moneygram,,unknown,IMPRESIONES E Y N
MONTE CRISTO,moneygram,,unknown,PUNTO PIXEL
LA LEONESA,moneygram,,unknown,LIBRERIA LAPER
CLUCELLAS,moneygram,,unknown,MERCADITO CLUCELLAS - CLUCELLAS
TRISTAN SUAREZ,moneygram,,unknown,TRISTAN SUAREZ LATIN EXPRESS
SAN CARLOS DE BARILOCHE,moneygram,,unknown,BARILOCHE SENDMONEY
BALVANERA,moneygram,,unknown,BALVANERA NEVADO EXPRESS
QUILMES,moneygram,,unknown,QUILMES PAGO 24
SAMPACHO,moneygram,,unknown,ANYMAR
TORTUGUITAS,moneygram,,unknown,CARREFOUR MAXI TORTUGUITAS - #20708
TIGRE,moneygram,,unknown,CARREFOUR RINCON DE MILBERG - #20051
VILLA ALLENDE LOMAS,moneygram,,unknown,CARREFOUR CORDOBA VILLA ALLENDE - #20054
VILLA DEVOTO,moneygram,,unknown,VILLA DEVOTO RAPI
VIRREY DEL PINO,moneygram,,unknown,GALDIS ZUNILDA SANCHEZ BRITOS - SAN CAYE
VIRREYES DE SAN FERNANDO,moneygram,,unknown,GIROS EXPRESS-ANDESMAR - #GRSFV - VIRREY
JESUS MARIA,moneygram,,unknown,MEGATONE - JESUS MARIA
LA FALDA,moneygram,,unknown,MEGATONE - LA FALDA
RIO SEGUNDO,moneygram,,unknown,MEGATONE - RIO SEGUNDO
SAN LUIS,moneygram,,unknown,MEGATONE - SAN LUIS
SUNCHALES,moneygram,,unknown,MEGATONE - SUNCHALES
TOSTADO,moneygram,,unknown,MEGATONE - TOSTADO
CHAMICAL,moneygram,,unknown,MEGATONE - CHAMICAL
CARLOS PAZ,moneygram,,unknown,MEGATONE - CARLOS PAZ
CAPITAN BERMUDEZ,moneygram,,unknown,MEGATONE - CAPITAN BERMUDEZ
TUCUMAN,moneygram,,unknown,MEGATONE - TUCUMAN
GENERAL PICO,moneygram,,unknown,MEGATONE - GENERAL PICO
ANATUYA,moneygram,,unknown,MEGATONE - ANATUYA
SANTA ROSA DE CALAMUCHITA,moneygram,,unknown,MEGATONE - SANTA ROSA DE CALAMUCHITA
RIO TERCERO,moneygram,,unknown,MEGATONE - RIO TERCERO
CERES,moneygram,,unknown,MEGATONE - CERES
AIMOGASTA,moneygram,,unknown,MEGATONE - AIMOGASTA
VILLA MERCEDES,moneygram,,unknown,MEGATONE - VILLA MERCEDES
RESISTENCIA,moneygram,,unknown,MEGATONE - RESISTENCIA
RIO CEBALLOS,moneygram,,unknown,MEGATONE - RIO CEBALLOS
FRAILE PINTADO,moneygram,,unknown,GIROS EXPRESS-ANDESMAR - #GRN59 - FRAILE
PALPALA EST.GRL.MANUEL N.SAVIO,moneygram,,unknown,GIROS EXPRESS-ANDESMAR - #GR456 - PALPAL
MIRAMAR,moneygram,,unknown,RIPSA - #744 - MIRAMAR - RIPSA MIRAMAR
San Luis,national,,unknown,San Luis Airport
Posadas,national,,unknown,Posadas
El Calafate,national,,unknown,El Calafate Airport
Neuquen,national,,unknown,Neuquén Capital Airport
Mendoza,national,,unknown,Mendoza Gov. Francisco Gabrielli Arpt.
Posadas Misiones,national,,unknown,Posadas Airport
Buenos Aires,national,,unknown,Buenos Aires Jorge Newbry Airport
Cordoba,national,,unknown,Cordoba Airport
Comodoro Rivadavia,national,,unknown,Comodoro Rivadavia
Rio Gallegos,national,,unknown,Rio Gallegos Airport
Salta,national,,unknown,Salta Martín Miguel de Güemes Airport
Ushuaia,national,,unknown,Ushuaia Airport
Bahia Blanca,national,,unknown,Bahia Blanca International Airport
Bariloche,national,,unknown,San Carlos de Bariloche Airport
Rosario,national,,unknown,Rosário
Tucuman,national,,unknown,Tucumán International Airport
San Miguel De Tucuman,national,,unknown,San Miguel de Tucumán
Córdoba,pandora,,unknown,Acerca de Joyería Pandora Nuevocentro Shopping
Santa Fe,pandora,,unknown,Acerca de Joyería Pandora 3805ARR Pandora @ Alto Rosario - Store #881
Cordoba,pandora,,unknown,Acerca de Joyería Pandora Pandora @ Nuevo Centro Shopping
Buenos Aires,pandora,,unknown,Acerca de Joyería Pandora Pandora @ Solar de la Abadia
Bahía Blanca-Buenos Aires,scania,,unknown,Región Pampeana Bahía Blanca
Banda del Río Salí-Tucuman,scania,,unknown,Región NOA Tucumán
Capital Federal-Buenos Aires,scania,,unknown,Baisur Motor S.A.
Cipolletti-Río Negro,scania,,unknown,Feadar S.A.
Comodoro Rivadavia-Chubut,scania,,unknown,Feadar S.A.
Concordia-Yuquerí-Entre Ríos,scania,,unknown,Gonar Automotores S.A.
Córdoba-Córdoba,scania,,unknown,Región Centro Córdoba
Gobernador Virasoro-Corrientes,scania,,unknown,Gonar Automotores S.A.
Grand Bourg-Buenos Aires,scania,,unknown,Región Buenos Aires Norte
Guaymallén-Mendoza,scania,,unknown,Región Cuyo Mendoza
Junín-Buenos Aires,scania,,unknown,C.V.C. S.A.
Mar del Plata-Buenos Aires,scania,,unknown,Región Pampeana Mar del Plata
Moreno-Buenos Aires,scania,,unknown,Región Buenos Aires Oeste
Palpala-Jujuy,scania,,unknown,Región NOA Jujuy
Pocito-San Juan,scania,,unknown,Región Cuyo San Juan
Puerto Madryn-Chubut,scania,,unknown,Feadar S.A.
Resistencia-Chaco,scania,,unknown,Gonar Automotores S.A.
Río Cuarto-Córdoba,scania,,unknown,Región Centro Rio Cuarto
Rio Gallegos-Santa Cruz,scania,,unknown,Feadar S.A.
Rosario-Santa Fe,scania,,unknown,C.V.C. S.A.
Salta-Salta,scania,,unknown,Región NOA Salta
Santa Fé-Santa Fé,scania,,unknown,Gonar Automotores S.A.
Trenque Lauquen-Buenos Aires,scania,,unknown,Región Pampeana Trenque Lauquen
Venado Tuerto-Santa Fe,scania,,unknown,C.V.C. S.A.
SAN FERNANDO,shell,,unknown,SILFA SA
VIRREYES,shell,,unknown,ECOLOGICAL TIGER SA
TIGRE,shell,,unknown,SERVICENTRO LOS REMEROS S.R.L.
BECCAR,shell,,unknown,VALLOSCURO ROBERTO A. S.A.
GRAL PACHECO,shell,,unknown,MARINA BALSA SHOPPING S.A.
SAN ISIDRO,shell,,unknown,ECOLOGICAL TIGER SA
DON TORCUATO,shell,,unknown,FOLGEN SA
GRAL. PACHECO,shell,,unknown,GNC PACHECO S.R.L.
BOULOGNE,shell,,unknown,SERVEX PANAMERICANA S.R.L.
MARTINEZ,shell,,unknown,LIERES S.A.
ACASSUSO,shell,,unknown,DEHEZA S.A.
VILLA ADELINA,shell,,unknown,LIRHE S.A.
EL TALAR,shell,,unknown,LOPEMA S.A.
MUNRO,shell,,unknown,LIRHE S.A.
MARTINEZ ,shell,,unknown,DUAL CENTER GROUP S.R.L. 
OLIVOS,shell,,unknown,DEHEZA S.A.
PACHECO,shell,,unknown,ENERSE S.A.
VICENTE LOPEZ,shell,,unknown,"BOTTAZZINI FAVIO,BOTTAZZINI GABRIEL,BOTTAZZINI GUILLERMO RODOLFO SH"
FLORIDA,shell,,unknown,TORE S.A.
VILLA BALLESTER,shell,,unknown,ESTACION DE SERVICIOS SAN MATEO S.R.L.
BENAVIDEZ,shell,,unknown,DISTRIBEN S.A.
VILLA MARTELLI,shell,,unknown,QUION S.A
LOMA HERMOSA,shell,,unknown,SIVAL S.R.L.
CAPITAL FEDERAL,shell,,unknown,JUAN B JUSTO 1333 S.A
BILLINGHURST,shell,,unknown,MARIO ALFREDO TAGLIAFERRI
SAN MARTIN,shell,,unknown,EST.DE SERV.12 DE OCTUBRE
LABOULAYE,shell,,unknown,PARADOR LUCILA S.A.
ADELIA MARIA,shell,,unknown,FIDESUR S.A.
VICUÑA MACKENNA,shell,,unknown,VIA 7 S.A
GENERAL VILLEGAS,shell,,unknown,VILLEGAS COMBUSTIBLES S.A.
AMEGHINO,shell,,unknown,TRANSMARBIL S.A.
REALICO,shell,,unknown,MARTINEZ ROBERTO LUIS
CORONEL GRANADA,shell,,unknown,ROBERTO LUIS MARTINEZ S.R.L.
ETRURIA,shell,,unknown,CORTONA Y PAUTASSO S.A.
VENADO TUERTO,shell,,unknown,SANTAMARIA COMBUSTIBLE S.R.L.
RIO CUARTO,shell,,unknown,EST.SERV.EL EMPALME S.C.
GENERAL CABRERA,shell,,unknown,BIGLIONE S.R.L.
CHAÑAR LADEADO,shell,,unknown,ALBERTO JUAN DICHIARA S.R.L.
LAS PERDICES,shell,,unknown,COMAN ADOLFO MAXIMINO
GENERAL PICO,shell,,unknown,SORBONA COMBUSTIBLES S.A.
VEDIA,shell,,unknown,EL YACARE SRL
BELL VILLE,shell,,unknown,CORTONA Y PAUTASSO S.A.
LINCOLN,shell,,unknown,HIDROCARBUROS ANASAGASTI DEL OESTE S.A.
VILLA MARIA,shell,,unknown,LOPEZ HUGO RAUL Y CIA. S.A.
VILLA MERCEDES,shell,,unknown,BIGLIONE S.R.L.
Villa Mercedes,shell,,unknown,Servicios Rio V S.R.L.
TRENQUE LAUQUEN,shell,,unknown,EL ACCESO S.C.
RIO TERCERO,shell,,unknown,CARLOS JOSE GABAGLIO E HIJOS SA
ALMAFUERTE,shell,,unknown,CARLOS JOSE GABAGLIO E HIJOS SA
OLIVA,shell,,unknown,PRENNA JUAN DE MARCELO PRENNA
ROSARIO,shell,,unknown,GUATI SRL
PEREZ,shell,,unknown,COMBUSTIBLES AVENIDA SA
VILLA GOBERNADOR GALVEZ,shell,,unknown,TANK S.A.
GRANADERO BAIGORRIA,shell,,unknown,AZUL COMBUSTIBLES S.A.
PUEBLO ESTHER,shell,,unknown,SERVICIOS RUTA 21 SRL
SAN LORENZO,shell,,unknown,G.N.C.-SAN LORENZO S.A.
PUERTO SAN MARTIN,shell,,unknown,VICTOM S.A.
ARROYO SECO,shell,,unknown,ARROYO DUAL S.R.L.
VILLA CONSTITUCION,shell,,unknown,VILLA GNC S.R.L.
SANTA TERESA,shell,,unknown,SANTA TERESA COMBUSTIBLES S.R.L.
SAN NICOLAS,shell,,unknown,HIPOLITO S.R.L.
PEYRANO,shell,,unknown,RUANO HNOS.
VICTORIA,shell,,unknown,CABALLERO SA
CHABAS,shell,,unknown,PICO HERMANOS S.R.L.
RAMALLO,shell,,unknown,LA DINAMICA S.R.L.
SAN GENARO,shell,,unknown,OJEDA JORGE LUIS
PERGAMINO,shell,,unknown,CRISTIAN SIMON POCHAT
VILLA LYNCH,shell,,unknown,SAN MARINO NAFTA S.A.
CASEROS,shell,,unknown,COLOPOTO SA
CIUDADELA,shell,,unknown,MAZALA S.A.
POSADAS,shell,,unknown,EMPRENDIMIENTOS CATARATAS SRL
Gobernador Roca,shell,,unknown,GRONDAL S.A.
JARDIN AMERICA,shell,,unknown,PETROMISIONES S.A.
GOBERNADOR VIRASORO,shell,,unknown,LA POSTA S.A.
OBERA,shell,,unknown,SAND Y ALBRECHTSEN SACIF. E I.
RUIZ DE MONTOYA,shell,,unknown,PETA S.R.L.
CAPIOVI,shell,,unknown,JJ ELY SRL
PUERTO RICO,shell,,unknown,PETA S.R.L.
MONTECARLO,shell,,unknown,GRONDAL S.A.
RAUCH,shell,,unknown,ROSA JUANA CROCCI DE GILIBERTI
TANDIL,shell,,unknown,SANTILLAN OMAR HORACIO Y CASARES ALICIA
AYACUCHO,shell,,unknown,RED DE SERVICIOS RURALES SRL
AZUL,shell,,unknown,JORGE LUIS CASTRO
LAS FLORES,shell,,unknown,SAN MARTIN EMP. COMERCIALES SRL
OLAVARRIA,shell,,unknown,PASCUA S.A.
LAS ARMAS,shell,,unknown,DEHEZA S.A.
GENERAL BELGRANO,shell,,unknown,BELGRANO COMBUSTIBLES S.R.L.
DOLORES,shell,,unknown,RED DE SERVICIOS RURALES SRL
BALCARCE,shell,,unknown,SUAREZ JUAN JOSE
SALADILLO,shell,,unknown,VIPETROL S.A.
LEZAMA,shell,,unknown,VICENTE VARACALLI e Hijos S.A.
SAN MIGUEL DEL MONTE,shell,,unknown,GASOLITE S.R.L.
CHASCOMUS,shell,,unknown,DEHEZA S.A.
ADOLFO GONZALEZ CHÁVEZ,shell,,unknown,BRUCAN COMBUSTIBLES S.A.
LOBOS,shell,,unknown,LITELS SA
25 DE MAYO,shell,,unknown,25 ALVEAR SRL
SAN CAYETANO,shell,,unknown,CRUDO ANGELA ELDA
MAR DEL PLATA,shell,,unknown,DON FELIX S.A.
BRANDSEN,shell,,unknown,GRUPO ZEOLI S.A
CAÑUELAS,shell,,unknown,C & D SOLUCIONES TÉCNICAS S.A.
NECOCHEA,shell,,unknown,ENERQUEN S.A.
NAVARRO,shell,,unknown,LAGUNA DE NAVARRO S.A. - NAVARRO
MIRAMAR,shell,,unknown,GOIKO S.A.C.I.F.I.DE SERV Y M.
ALEJANDRO KORN,shell,,unknown,PAZOS BARETTA Y CIA SRL
COLON,shell,,unknown,CHARATA S.R.L.
ROJAS,shell,,unknown,SOCOMA S.A.
JUNIN,shell,,unknown,ABRAHAM HNOS. S.A.
SALTO,shell,,unknown,TESTA COMBUSTIBLES S.R.L.
Salto,shell,,unknown,TESTA COMBUSTIBLES S.R.L.
Arrecifes,shell,,unknown,GASTECMOR S.A.
CHACABUCO,shell,,unknown,GELTOKIA S.A.S.
SAN SALVADOR DE JUJUY,shell,,unknown,CAVIRAMA S.R.L.
FRAILE PINTADO,shell,,unknown,MULTILUB S.R.L.
SALTA,shell,,unknown,EL CONVOY S.R.L.
SAN PEDRO,shell,,unknown,HIJOS DE JOAQUIN GORDO SA
CERRILLOS,shell,,unknown,M. B. ENERGY S.R.L.
Tafi Viejo,shell,,unknown,Full Service S.R.L.
LOS NOGALES,shell,,unknown,ALVAREZ MIGUEL ANGEL
SAN MIGUEL DE TUCUMAN,shell,,unknown,MENA SRL.FRANCISCO JAIME
QUILMES,shell,,unknown,"RAVENA JUAN RAMON , RAVENA CRISTINA INES, SELLA ALBERTO Y SELLA MARIO SH"
BERNAL,shell,,unknown,EMECO S.A.
TEMPERLEY,shell,,unknown,COMBUSTIBLES SIMOSA S.R.L
WILDE,shell,,unknown,ONSAYBEL SA
BERAZATEGUI,shell,,unknown,DEHEZA S.A.
CLAYPOLE,shell,,unknown,MULTISERVICIOS CLAYPOLE SRL
EZPELETA,shell,,unknown,PUELO SRL
LANUS,shell,,unknown,ITAL NAF S.A.
REMEDIOS DE ESCALADA,shell,,unknown,DEHEZA S.A.
SARANDI,shell,,unknown,DEHEZA S.A.
LANUS ESTE,shell,,unknown,FLUMAT SRL
BANFIELD,shell,,unknown,GCV S.A.
AVELLANEDA,shell,,unknown,ITAL PAVON S.A
GERLI,shell,,unknown,EMIDAM SRL
LOMAS DE ZAMORA,shell,,unknown,COL FRI S.A.
ADROGUE,shell,,unknown,DIAS DOS SANTOS ALBERTO
RANELAGH,shell,,unknown,COMBUSTIBLES Y LUBRICANTES RANELAGH SRL
LANUS OESTE,shell,,unknown,MARISSI Y VILLANUEVA S.A.
BURZACO,shell,,unknown,CASTAÑO RADZIUSZ S.A
Banfield,shell,,unknown,COMBUSTIBLES LAS DOS TORRES S.R.L.
MORENO,shell,,unknown,GALLIANO CLAUDIO DANIEL
PASO DEL REY,shell,,unknown,DILUBCO SRL
MERLO,shell,,unknown,TONNA S.A.
FRANCISCO ALVAREZ,shell,,unknown,ELI S.A.
ITUZAINGO,shell,,unknown,TONNA S.A.
SAN MIGUEL,shell,,unknown,DILUBCO SRL
BELLA VISTA,shell,,unknown,ROMANO ROSA ELENA
GRAL. RODRIGUEZ,shell,,unknown,GEORGINA LAURA MARTINEZ
JOSE C. PAZ,shell,,unknown,PETRONORTE GNC SRL
HURLINGHAM,shell,,unknown,HURLINGAS SA
CASTELAR,shell,,unknown,HAJA S.R.L.
MORON,shell,,unknown,ANTONIO PONTIERO
MARCOS PAZ,shell,,unknown,OESTE BAIRES S.R.L.
Malvinas Argentinas,shell,,unknown,HGB SA
HAEDO,shell,,unknown,AUGUET JORGE OMAR
J. L. SUAREZ,shell,,unknown,RUTA 4 S.R.L.
SAN JUSTO,shell,,unknown,LA BARALLA COMBUSTIBLES S.R.L.
LAFERRERE,shell,,unknown,YES SERVICE S.A.
ESCOBAR,shell,,unknown,ECONORTE S.A.
DEL VISO,shell,,unknown,LA ACROPOLIS S.A.
PILAR,shell,,unknown,BUENOS AIRES PETROLEO S.A.
MENDOZA,shell,,unknown,SUN GROUP INVESTMENTS S.A.
NUEVA CIUDAD,shell,,unknown,NEUMASHOP NARVAEZ S.A
GODOY CRUZ,shell,,unknown,GRAN LIBERTADOR S.A.
GUAYMALLEN,shell,,unknown,GANP S. A.
CARRODILLA,shell,,unknown,ESTACION DE SERVICIOS LA PUNTILLA SRL
LUZURIAGA,shell,,unknown,ASTIE CARLOS Y BALLESTER JOSE
MAIPÚ,shell,,unknown,QA GESTION S.A.
LUJAN DE CUYO,shell,,unknown,ESTACION DE SERVICIOS BONANNO SA
COSTA DE ARAUJO,shell,,unknown,SANCHEZ HNOS.
TUNUYAN,shell,,unknown,SANCHEZ SILLERO E HIJOS S.A. MANUEL
LA CONSULTA,shell,,unknown,COLORADA TRECE S.A.
EUGENIO BUSTOS,shell,,unknown,I.I.P. SA
CAUCETE,shell,,unknown,TURCUMAN HERMANOS SCC
SAN JUAN,shell,,unknown,CENTRO DE SERVICIOS SAN FRANCISCO S.A.
Rawson,shell,,unknown,PARADA SUR S.A.
CHIMBAS,shell,,unknown,CHIMBAS S.R.L.
SAN VICENTE,shell,,unknown,COMB.Y LUB.SAN VICENTE S.R.L.
PCIA ROQUE SAENZ PEÑA,shell,,unknown,PETROLERA SAENZ PEÑA SRL
SAENZ PEÑA,shell,,unknown,MECANAGRO CHACO SACI Y F
PRESIDENCIA ROQUE SAENZ PEÑA,shell,,unknown,FIBRAS S.R.L.
QUITILIPI,shell,,unknown,AN PAL COMBUSTIBLES SRL
LAS BREÑAS,shell,,unknown,SUCES DE CARINELLI ATILIO AUGUSTO
PAMPA DEL INFIERNO,shell,,unknown,PAMPA DEL INFIERNO COMBUSTIBLES SRL
VILLA ANGELA,shell,,unknown,ROGER HUGO DANIEL
GANCEDO,shell,,unknown,HERNAN BUCHOLZ S.A.
RESISTENCIA,shell,,unknown,PETRO AVELLANEDA SRL
BARRANQUERAS,shell,,unknown,LA LEONESA COMERCIAL S.R.L.
CORRIENTES,shell,,unknown,CARLOS FEDERICO GOLD
CIUDAD DE CORRIENTES,shell,,unknown,GRUPO GOLD SA
RIACHUELO,shell,,unknown,MERCOVE S.R.L.
FORMOSA,shell,,unknown,LA ESTACION S.A
SALADAS,shell,,unknown,CONVAC S.A.
RECONQUISTA,shell,,unknown,BLAZQUEZ HUGO
SANTA LUCÍA,shell,,unknown,SHELL SANTA LUCIA SRL
GOYA,shell,,unknown,SANTAJULIANA PEDRO G.
TOSTADO,shell,,unknown,PERGOLESI M.I.Y PERGOLESI P.DEL VALLE SH
VERA,shell,,unknown,ZAMPAR MARIA CRISTINA
COLONIA DORA,shell,,unknown,ESTACION DE SERVICIO SAGITARIO SRL
CALCHAQUI,shell,,unknown,AZUL COMBUSTIBLES S.A.
MALAGUEÑO,shell,,unknown,NEWCOR SAS
CORDOBA,shell,,unknown,SANTA ALBINA SA
SALDAN,shell,,unknown,BULCROS S.A.S.
VILLA CARLOS PAZ,shell,,unknown,ALT S.A.
VILLA ALLENDE,shell,,unknown,NEWCOR SAS
NUEVA ITALIA,shell,,unknown,NILDO SANTIN LOPEZ S.A.
ALTA GRACIA,shell,,unknown,VILLACE MARIO OSCAR
NOGOYA,shell,,unknown,SUC.DE LUIS SANTOS A. TRAVERSO
VILLA GENERAL RAMIREZ,shell,,unknown,MARCELO EDMUNDO HOFFMANN E HIJOS SA
ROSARIO DEL TALA,shell,,unknown,MAELHO S.R.L.
CRESPO,shell,,unknown,ERICH WAGNER Y CIA S.R.L.
MARIA GRANDE,shell,,unknown,RESNITZKY SRL
VILLA VALLE MARIA,shell,,unknown,VALLE MARIA S.R.L.
GUALEGUAY,shell,,unknown,EL MIRADOR S.R.L.
VILLAGUAY,shell,,unknown,MAELHO S.R.L.
PARANA,shell,,unknown,ESTACION DE SERVICIO LAURENCENA SRL
HASENKAMP,shell,,unknown,SERVIS S.A.
FEDERACION,shell,,unknown,NESTOR RAMON BERTERAME
MONTE CASEROS,shell,,unknown,LA POSTA DEL SOL S.R.L.
CONCORDIA,shell,,unknown,SARACHU CARLOS ROGELIO
COLONIA ADELA,shell,,unknown,CORREDOR 14 S.A.
CURUZU CUATIA,shell,,unknown,LA ESTACION DE CURUZU SRL
PASO DE LOS LIBRES,shell,,unknown,E.S. SCHIRO S.R.L.
FLORENCIO VARELA,shell,,unknown,OIL A & G SRL
LA PAZ,shell,,unknown,A & F SRL
VILLA ELISA,shell,,unknown,MERI MAR S.R.L.
ESQUINA,shell,,unknown,GORTARI FRANCISCO HIPOLITO
MERCEDES,shell,,unknown,BOSSI ALDO JUAN
CONCEPCION DEL URUGUAY,shell,,unknown,EL MIRADOR S.R.L.
HERNANDARIAS,shell,,unknown,SUAREZ EDUARDO ALEJANDRO
ALDEA SAN ANTONIO,shell,,unknown,MAELHO S.R.L.
GUALEGUAYCHU,shell,,unknown,FEYME S.A.
PUERTO IGUAZU,shell,,unknown,RENTACAR IGUAZU SRL
PUERTO LIBERTAD,shell,,unknown,EJE S.A.
WANDA,shell,,unknown,EJE S.A.
PUERTO ESPERANZA,shell,,unknown,EJE S.A.
PIGUE,shell,,unknown,SORBONA COMBUSTIBLES S.A.
PUAN,shell,,unknown,COOPERATIVA AGRICOLA GANADERA DE PUAN
CORONEL SUAREZ,shell,,unknown,MIQUELARENA ANTONIO AGUSTIN
CARHUE,shell,,unknown,OLNI COMBUSTIBLES SA
CORONEL PRINGLES,shell,,unknown,URUNUELA JULIO A. E HIJO SOC.DE HEC
BAHIA BLANCA,shell,,unknown,ORBE S.R.L.
DAIREAUX,shell,,unknown,SOLER DANIEL SOLER RICARDO Y SOLER MARTA SH
BOLIVAR,shell,,unknown,SOLER DANIEL ANTONIO
SANTA ROSA,shell,,unknown,SORBONA COMBUSTIBLES S.A.
PEHUEAJO,shell,,unknown,SORBONA COMBUSTIBLES S.A.
TRES ARROYOS,shell,,unknown,COMBUSTIBLES TRES ARROYOS SA
PEDRO LURO,shell,,unknown,KM. 808 S.R.L.
CARLOS CASARES,shell,,unknown,CASARES COMBUSTIBLES S.R.L.
VILLALONGA,shell,,unknown,KREITZ JUAN EDUARDO
9 DE JULIO,shell,,unknown,DJGM COMBUSTIBLES S.A.
STROEDER,shell,,unknown,KREITZ JUAN EDUARDO
BRAGADO,shell,,unknown,HECTOR E. ABAT S.A.C.I.F.I.Y.A.
VILLA GESELL,shell,,unknown,DEL LUMILAMA S.A.
CARILO,shell,,unknown,FGC FUELS MARKETING S.A.
VALERIA DEL MAR,shell,,unknown,RED DE SERVICIOS RURALES SRL
PINAMAR,shell,,unknown,DEHEZA S.A.
GRAL. MADARIAGA,shell,,unknown,RED DE SERVICIOS RURALES SRL
MAR DE AJO,shell,,unknown,RED DE SERVICIOS RURALES SRL
GENERAL LAVALLE,shell,,unknown,RED DE SERVICIOS RURALES SRL
SAN BERNARDO,shell,,unknown,"BOTTAZZINI JORGE , BRUNERO ANA B."
SANTA TERESITA,shell,,unknown,"BOTTAZZINI JORGE , BRUNERO ANA B."
VALENTIN ALSINA,shell,,unknown,COMBUSTIBLES ESCALADA 4000 S.R.L.
CORONDA,shell,,unknown,"BOZ,ALBERTO M. Y VIGLIANI,BEATRIZ P"
SANTO TOME,shell,,unknown,PENTACOMB S.A.
GALVEZ,shell,,unknown,CAVALLO MARIA TERESA
ESPERANZA,shell,,unknown,ESPERANZA COMBUSTIBLES S.A.
SANTA FE,shell,,unknown,SARTORE Y CACCAMO S.R.L.
HUMBOLDT,shell,,unknown,MEYER EDUARDO Y GERARDO SA
MONTE VERA,shell,,unknown,FRIOSAR S.R.L.
SAN MARTIN DE LAS ESCOBAS,shell,,unknown,ANTONIO DI TONDO E HIJOS S.A.
COLASTINE NORTE,shell,,unknown,"GATTI, OMAR ERIC"
RAFAELA,shell,,unknown,PETRORAFAELA S.R.L.
CLUCELLAS,shell,,unknown,CLUCELLAS SOCIEDAD ANONIMA
SASTRE,shell,,unknown,SVIEZZI HUGO JUAN Y OSCAR
PROGRESO,shell,,unknown,HERZOG S.A.
SAN JORGE,shell,,unknown,DI TONDO JOSE E HIJOS S.H.
EL TREBOL,shell,,unknown,DI TONDO JOSE E HIJOS S.H.
PIAMONTE,shell,,unknown,ANTONIO DI TONDO E HIJOS S.A.
SAN FRANCISCO,shell,,unknown,PENTACOMB S.A.
SUNCHALES,shell,,unknown,"CIPOLATTI DE CANEPA, ELISABET C."
HUMBERTO I,shell,,unknown,"TARDIVO, MARIO ERNESTO"
MONTE GRANDE,shell,,unknown,MIRVAR S.A.
LUIS GUILLON,shell,,unknown,MAUSER SRL
EZEIZA,shell,,unknown,MAVISUR S.A
9 DE ABRIL,shell,,unknown,BIG BLUE S.A.
LONGCHAMPS,shell,,unknown,UDANOR S.R.L.
"LA UNION FERROVIARIA, EZEIZA",shell,,unknown,SOMOS ENERGIA S.A.
GLEW,shell,,unknown,LOS CUATRO CASAL S.R.L.
TRISTAN SUAREZ,shell,,unknown,DEHEZA S.A.
CIUDAD EVITA,shell,,unknown,ALVESTA S.A.
LA TABLADA,shell,,unknown,SERVICIO TABLADA S.R.L.
ISIDRO CASANOVA,shell,,unknown,ALL GAS SA
VILLA CIUDAD DE AMERICA,shell,,unknown,LA ROTONDA S.A.S.
DESPEÑADEROS,shell,,unknown,BONANNATA OSCAR
TANTI,shell,,unknown,CENTRO BEBIDAS S.R.L.
VILLA GENERAL BELGRANO,shell,,unknown,ALT S.A.
PARADA ROBLES,shell,,unknown,LA CAÑADA DISTRIBUCIONES SRL
LUJAN,shell,,unknown,2MIL10Y7 S.R.L.
MATHEU,shell,,unknown,MERCURI ANTONIO S.A.C.I.F.
CAMPANA,shell,,unknown,MARANELLO OIL SA
Escobar,shell,,unknown,LA ACROPOLIS S.A.
ZARATE,shell,,unknown,COMBUSTIBLES LIMA SRL
SAN ANTONIO DE ARECO,shell,,unknown,DON GOYO COMBUSTIBLES S.A.C.
INGENIERO MASCHWITZ,shell,,unknown,ECONORTE S.A.
DIQUE LUJAN,shell,,unknown,ECONORTE-2 S.A.
LA PLATA,shell,,unknown,PENTAGONO DUAL S.R.L.
ENSENADA,shell,,unknown,DEHEZA S.A.
LISANDRO OLMOS / LA PLATA,shell,,unknown,FUEL & FOOD SA
Berazategui,shell,,unknown,EMFACO S.A.
COLONIA CAROYA,shell,,unknown,CAPPRI HNOS SH DE D.A. Y R.P. CAPPRI
RIO CEBALLOS,shell,,unknown,FORLEN S.A
SANTA MARIA DE PUNILLA,shell,,unknown,JOSE GERENA VILCHES
EL DORADO,shell,,unknown,GRONDAL S.A.
LAS VARILLAS,shell,,unknown,ESDH S.A.
POZO DEL MOLLE,shell,,unknown,COOP.AGRP.POZO DEL MOLLE LTDA.
SACANTA,shell,,unknown,COMBUSTIBLES DANIELE S.A.
LUQUE,shell,,unknown,COMBUSTIBLES DANIELE S.A.
VILLA DEL ROSARIO,shell,,unknown,CAPPRI HNOS S.H. DE D.A. Y R.P. CAPPRI
ONCATIVO,shell,,unknown,EL TRIUNFO S.A.
FREYRE,shell,,unknown,MC COMBUSTIBLES S.R.L.
SANTA ROSA DEL RIO 1RO.,shell,,unknown,SANTA ROSA COMBUSTIBLES SRL
RIO PRIMERO,shell,,unknown,SANTA ROSA COMBUSTIBLES SRL
RIO SEGUNDO,shell,,unknown,CA-PE-CAV S.A.
MORTEROS,shell,,unknown,EMPRESA TRANSPORTE MORTEROS S.R.L.
LA BANDA,shell,,unknown,MATI S.A.
SANTIAGO DEL ESTERO,shell,,unknown,ABDALA HNOS.SRL.
FERNANDEZ,shell,,unknown,ESTACION DE SERVICIO SAGITARIO SRL
VILLA SAN MARTIN LORETO,shell,,unknown,LORETO COMBUSTIBLES S.R.L.
TERMAS DE RIO HONDO,shell,,unknown,CARPI MARIA SILVIA
BANDA DEL RIO SALI,shell,,unknown,TS OASIS S.R.L.
FRIAS,shell,,unknown,LLORVANDI HERMANOS S.R.L.
La Cocha,shell,,unknown,ESTACION DE SERVICIOS MARIA SRL
FAMAILLA,shell,,unknown,LA ESTACION CALCHAQUI SRL
MONTEROS,shell,,unknown,SERVICIOS RL S.R.L
CONCEPCION,shell,,unknown,LA PICHONA SRL
LULES,shell,,unknown,PETROLERA ANVA SRL
CATAMARCA,shell,,unknown,PETRO CAT SRL
AIMOGASTA,shell,,unknown,FRANCO BOSETTI E HIJOS S.R.L.
DEAN FUNES,shell,,unknown,E.S.DON ANTONIO DE A.E.CARRERA
LA RIOJA,shell,,unknown,GAFER S.A.
CLORINDA,shell,,unknown,YEIS S.R.L.
NEUQUEN,shell,,unknown,LA COLONIA S.A.
CENTENARIO,shell,,unknown,LA COLONIA S.A.
ALLEN,shell,,unknown,EVANGELISTA EDUARDO ROBERTO
GENERAL ROCA,shell,,unknown,LA COLONIA S.A.
AÑELO,shell,,unknown,LA COLONIA S.A.
VILLA REGINA,shell,,unknown,LA COLONIA S.A.
CHOELE CHOEL,shell,,unknown,SUCESION DE DULSAN JUAN CARLOS
SAN ANTONIO OESTE,shell,,unknown,ATLANTICO AZUL S.A.
SAN RAFAEL,shell,,unknown,CAR GAS S.R.L.
CARMEN DE ARECO,shell,,unknown,LEVEAL S.A.
CAPITAN SARMIENTO,shell,,unknown,MEIRA ERNESTO A. Y HECTOR O.
SUIPACHA,shell,,unknown,BOSSI ALDO JUAN
CHIVILCOY,shell,,unknown,AGROSERVICIOS LAS MARIA SRL
SAN GUILLERMO,shell,,unknown,EST.DE SERV.SHELL SAN GUILLERMO SRL
SUARDI,shell,,unknown,GRIFFA HNOS S.R.L.
ARRUFO,shell,,unknown,AZUL COMBUSTIBLES S.A.
CERES,shell,,unknown,ZAMPAR MARIA CRISTINA
MINA CLAVERO,shell,,unknown,RUIZ BONAPARTE CESAR DANIEL
VILLA DOLORES,shell,,unknown,APELLGRAN S.A.S.
LOMAS DEL MIRADOR,shell,,unknown,REY Y CIA SRL
CHEPES,shell,,unknown,MIGUEL Y SADI SADDI
CHAMICAL,shell,,unknown,"CARBEL DE C, CARBEL S.M. Y M.B. S.H"
San Luis,shell,,unknown,Puente Blanco S.R.L.
SAN LUIS,shell,,unknown,LOPEZ HUGO RAUL Y CIA. S.A.
CHILECITO,shell,,unknown,FRANCO BOSETTI E HIJOS S.R.L.
GONZALEZ CATAN,shell,,unknown,SAN JOAQUIN S.A.
VIRREY DEL PINO,shell,,unknown,SAN JOAQUIN S.A.
VIEDMA,shell,,unknown,ATLANTICO S.R.L.
CEIBAS,shell,,unknown,EMECO S.A.
San Martin de los Andes,sixt,,unknown,Car Hire San Martín/Delivery Service | SIXT rent a car
Ushuaia,sixt,,unknown,Car Hire Ushuaia Airport | SIXT rent a car
Bahia Blanca,sixt,,unknown,Car Hire Bahia Blanca Airport | SIXT rent a car
San Salvador de Jujuy,sixt,,unknown,Car Hire Jujuy Airport | SIXT rent a car
Cordoba,sixt,,unknown,Car Hire Córdoba/Delivery Service | SIXT rent a car
El Calafate,sixt,,unknown,Car Hire El Calafate Airport | SIXT rent a car
San Carlos de Bariloche,sixt,,unknown,Car Hire San Carlos de Bariloche | SIXT rent a car
Buenos Aires,sixt,,unknown,Car Hire Buenos Aires | SIXT rent a car
Mendoza,sixt,,unknown,Car Hire Mendoza/Delivery Service | SIXT rent a car
Bariloche,sixt,,unknown,Car Hire Bariloche Airport | SIXT rent a car
Salta,sixt,,unknown,Car Hire Salta Airport | SIXT rent a car
"Cevil Pozo, Pcia de Tucuman",sixt,,unknown,Car Hire Tucuman International Airport | SIXT rent a car
Salta,timberland,,unknown,Timberland -Salta
Buenos Aires,timberland,,unknown,Timberland -Buenos Aires
Rosario,timberland,,unknown,Timberland -Rosario
Mendoza,timberland,,unknown,Timberland -Mendoza
Cordoba,timberland,,unknown,Timberland -Cordoba
PUERTO IGUAZU,visa,,unknown,unknown
ELDORADO,visa,,unknown,unknown
PUERTO RICO,visa,,unknown,unknown
OBERA,visa,,unknown,unknown
POSADAS,visa,,unknown,unknown
BUENOS AIRES,visa,,unknown,unknown
NEUQUEN,visa,,unknown,unknown
APOSTOLES,visa,,unknown,unknown
ENTRE RIOS,visa,,unknown,unknown
SAN MARTIN,visa,,unknown,unknown
FORMOSA,visa,,unknown,unknown
SAN MIGUEL,visa,,unknown,unknown
PASO DE LOS LIBRES,visa,,unknown,unknown
PARANA,visa,,unknown,unknown
MONTE CASEROS,visa,,unknown,unknown
CONCEPCION DE TUCUMAN,visa,,unknown,unknown
CORRIENTES,visa,,unknown,unknown
SAN FERNANDO,visa,,unknown,unknown
RESISTENCIA,visa,,unknown,unknown
CHAJARI,visa,,unknown,unknown
FEDERACION,visa,,unknown,unknown
CONCORDIA,visa,,unknown,unknown
BELLA VISTA,visa,,unknown,unknown
SANTA FE,visa,,unknown,unknown
COLON,visa,,unknown,unknown
GOYA,visa,,unknown,unknown
SAN JOSE,visa,,unknown,unknown
SAN SALVADOR DE JUJUY,visa,,unknown,unknown
SAN SALVADOR,visa,,unknown,unknown
CONCEPCION DEL URUGUAY,visa,,unknown,unknown
VILLA ELISA,visa,,unknown,unknown
RECONQUISTA,visa,,unknown,unknown
MAR DE AJO,visa,,unknown,unknown
GUALEGUAYCHU,visa,,unknown,unknown
VILLAGUAY,visa,,unknown,unknown
BERISSO,visa,,unknown,unknown
BASAVILVASO,visa,,unknown,unknown
ENSENADA,visa,,unknown,unknown
PINAMAR,visa,,unknown,unknown
SARANDI,visa,,unknown,unknown
LA PLATA,visa,,unknown,unknown
CARILO,visa,,unknown,unknown
URDINARRAIN,visa,,unknown,unknown
GONNET,visa,,unknown,unknown
LA PAZ,visa,,unknown,unknown
CITY BELL,visa,,unknown,unknown
VILLA GESELL,visa,,unknown,unknown
VILLA ANGELA,visa,,unknown,unknown
BERAZATEGUI,visa,,unknown,unknown
RANELAGH,visa,,unknown,unknown
FLORENCIO VARELA,visa,,unknown,unknown
QUILMES,visa,,unknown,unknown
BERNAL,visa,,unknown,unknown
VILLA MITRE,visa,,unknown,unknown
WILDE,visa,,unknown,unknown
DOCK SUD,visa,,unknown,unknown
CAPITAL FEDERAL,visa,,unknown,unknown
RETIRO,visa,,unknown,unknown
PUERTO GALVAN,visa,,unknown,unknown
MICROCENTRO,visa,,unknown,unknown
FLORIDA,visa,,unknown,unknown
PUERTO MADERO,visa,,unknown,unknown
SAN NICOLAS,visa,,unknown,unknown
SAENZ PENA,visa,,unknown,unknown
SAN TELMO,visa,,unknown,unknown
BOCA,visa,,unknown,unknown
VILLA DOMINICO,visa,,unknown,unknown
RECOLETA,visa,,unknown,unknown
AVELLANEDA,visa,,unknown,unknown
MARTINEZ,visa,,unknown,unknown
MONSERRAT,visa,,unknown,unknown
BARRACAS,visa,,unknown,unknown
SAN FRANCISCO SOLANO,visa,,unknown,unknown
HAEDO,visa,,unknown,unknown
PALERMO,visa,,unknown,unknown
CONGRESO,visa,,unknown,unknown
CONSTITUCION,visa,,unknown,unknown
BALVANERA,visa,,unknown,unknown
MISIONES,visa,,unknown,unknown
LANUS,visa,,unknown,unknown
BANFIELD,visa,,unknown,unknown
TRIBUNALES,visa,,unknown,unknown
COSTANERA,visa,,unknown,unknown
SPEGAZZINI,visa,,unknown,unknown
SAN CRISTOBAL,visa,,unknown,unknown
GERLI,visa,,unknown,unknown
ALMAGRO,visa,,unknown,unknown
TEMPERLEY,visa,,unknown,unknown
BELGRANO,visa,,unknown,unknown
MONTE CHINGOLO,visa,,unknown,unknown
PARQUE PATRICIOS,visa,,unknown,unknown
BOEDO,visa,,unknown,unknown
CABALLITO,visa,,unknown,unknown
COLEGIALES,visa,,unknown,unknown
NUNEZ,visa,,unknown,unknown
NUÑEZ,visa,,unknown,unknown
VALENTIN ALSINA,visa,,unknown,unknown
DOLORES,visa,,unknown,unknown
NUEVA POMPEYA,visa,,unknown,unknown
CHACARITA,visa,,unknown,unknown
VILLA CRESPO,visa,,unknown,unknown
VICENTE LOPEZ,visa,,unknown,unknown
OLIVOS,visa,,unknown,unknown
RAFAEL CALZADA,visa,,unknown,unknown
ACASUSSO,visa,,unknown,unknown
SAAVEDRA,visa,,unknown,unknown
REMEDIOS DE ESCALADA,visa,,unknown,unknown
PARQUE CHACABUCO,visa,,unknown,unknown
SAN ISIDRO,visa,,unknown,unknown
VILLA SOLDATI,visa,,unknown,unknown
LA LUCILA,visa,,unknown,unknown
VILLA BALLESTER,visa,,unknown,unknown
BOULOGNE,visa,,unknown,unknown
SAN JUSTO,visa,,unknown,unknown
LOMAS DEL MIRADOR,visa,,unknown,unknown
LAVALLOL,visa,,unknown,unknown
ITUZAINGO,visa,,unknown,unknown
CASTELAR,visa,,unknown,unknown
VILLA LUGANO,visa,,unknown,unknown
VILLA URQUIZA,visa,,unknown,unknown
VILLA ORTUZAR,visa,,unknown,unknown
LA PATERNAL,visa,,unknown,unknown
BURZACO,visa,,unknown,unknown
COGHLAN,visa,,unknown,unknown
BECCAR,visa,,unknown,unknown
LOMAS DE ZAMORA,visa,,unknown,unknown
ADROGUE,visa,,unknown,unknown
FLORES,visa,,unknown,unknown
PARQUE CHAS,visa,,unknown,unknown
VICTORIA,visa,,unknown,unknown
MUNRO,visa,,unknown,unknown
LONGCHAMPS,visa,,unknown,unknown
VILLA DEL PARQUE,visa,,unknown,unknown
VILLA PUEYRREDON,visa,,unknown,unknown
VILLA MARTELLI,visa,,unknown,unknown
PARQUE AVELLANEDA,visa,,unknown,unknown
FLORESTA,visa,,unknown,unknown
TURDERA,visa,,unknown,unknown
VILLA DEVOTO,visa,,unknown,unknown
TIGRE,visa,,unknown,unknown
LLAVALLOL,visa,,unknown,unknown
VELEZ SARSFIELD,visa,,unknown,unknown
MATADEROS,visa,,unknown,unknown
BRANDSEN,visa,,unknown,unknown
MONTE CASTRO,visa,,unknown,unknown
VILLA ADELINA,visa,,unknown,unknown
VILLA LURO,visa,,unknown,unknown
GLEW,visa,,unknown,unknown
VILLA LYNCH,visa,,unknown,unknown
LUIS GUILLON,visa,,unknown,unknown
VILLA REAL,visa,,unknown,unknown
MONTE GRANDE,visa,,unknown,unknown
SAN ANDRES,visa,,unknown,unknown
LINIERS,visa,,unknown,unknown
VERSAILLES,visa,,unknown,unknown
SANTOS LUGARES,visa,,unknown,unknown
TAPIALES,visa,,unknown,unknown
CASEROS,visa,,unknown,unknown
DON TORCUATO,visa,,unknown,unknown
CIUDADELA,visa,,unknown,unknown
ALDO BONZI,visa,,unknown,unknown
VILLA BOSCH,visa,,unknown,unknown
GENERAL PACHECO,visa,,unknown,unknown
BENAVIDEZ,visa,,unknown,unknown
GRAL. PACHECO,visa,,unknown,unknown
CIUDAD EVITA,visa,,unknown,unknown
LA TABLADA,visa,,unknown,unknown
MORON,visa,,unknown,unknown
RAMOS MEJIA,visa,,unknown,unknown
LOMA HERMOSA,visa,,unknown,unknown
CIUDAD JARDIN,visa,,unknown,unknown
EL PALOMAR,visa,,unknown,unknown
GONZALEZ CATAN,visa,,unknown,unknown
TALAR DE PACHECO,visa,,unknown,unknown
EZEIZA,visa,,unknown,unknown
HURLINGHAM,visa,,unknown,unknown
CHARATA,visa,,unknown,unknown
ISIDRO CASANOVA,visa,,unknown,unknown
GARIN,visa,,unknown,unknown
LOS POLVORINES,visa,,unknown,unknown
TORTUGUITAS,visa,,unknown,unknown
LAFERRERE,visa,,unknown,unknown
ING. MASCHWITZ,visa,,unknown,unknown
ESCOBAR,visa,,unknown,unknown
SAN MIGUEL DE TUCUMAN,visa,,unknown,unknown
GRAN BOURG,visa,,unknown,unknown
GRAND BOURG,visa,,unknown,unknown
PILAR,visa,,unknown,unknown
SAN ANTONIO DE PADUA,visa,,unknown,unknown
GUALEGUAY,visa,,unknown,unknown
DEL VISO,visa,,unknown,unknown
MERLO,visa,,unknown,unknown
CAMPANA,visa,,unknown,unknown
PRESIDENTE DERQUI,visa,,unknown,unknown
MORENO,visa,,unknown,unknown
ZARATE,visa,,unknown,unknown
CANUELAS,visa,,unknown,unknown
GENERAL RODRIGUEZ,visa,,unknown,unknown
VILLANUEVA,visa,,unknown,unknown
NOGOYA,visa,,unknown,unknown
VIALE,visa,,unknown,unknown
CAPILLA DEL SENOR,visa,,unknown,unknown
GENERAL BELGRANO,visa,,unknown,unknown
MAR DEL PLATA,visa,,unknown,unknown
GENERAL LAS HERAS,visa,,unknown,unknown
LUJAN,visa,,unknown,unknown
LUJAN DE CUYO,visa,,unknown,unknown
BARADERO,visa,,unknown,unknown
BATAN,visa,,unknown,unknown
SAN PEDRO,visa,,unknown,unknown
SAN ANTONIO DE ARECO,visa,,unknown,unknown
CRESPO,visa,,unknown,unknown
LOBOS,visa,,unknown,unknown
ENTRE R-OS,visa,,unknown,unknown
MERCEDES,visa,,unknown,unknown
SANTA FÉ,visa,,unknown,unknown
RAMALLO,visa,,unknown,unknown
SANTA F,visa,,unknown,unknown
VILLA RAMALLO,visa,,unknown,unknown
SANTO TOME,visa,,unknown,unknown
BALCARCE,visa,,unknown,unknown
DIAMANTE,visa,,unknown,unknown
ESPERANZA,visa,,unknown,unknown
VILLA CONSTITUCION,visa,,unknown,unknown
FRANK,visa,,unknown,unknown
ARRECIFES,visa,,unknown,unknown
ROSARIO,visa,,unknown,unknown
ARROYO SECO,visa,,unknown,unknown
VILLA GOBERNADOR GALVEZ,visa,,unknown,unknown
TUCUMAN,visa,,unknown,unknown
ALVEAR,visa,,unknown,unknown
SAN LORENZO,visa,,unknown,unknown
FRAY LUIS BELTRAN,visa,,unknown,unknown
CAPITAN BERMUDEZ,visa,,unknown,unknown
SALADILLO,visa,,unknown,unknown
ROSARIO DEL TALA,visa,,unknown,unknown
MACIEL,visa,,unknown,unknown
SALTO,visa,,unknown,unknown
CHIVILCOY,visa,,unknown,unknown
FUNES,visa,,unknown,unknown
SUNCHALES,visa,,unknown,unknown
TANDIL,visa,,unknown,unknown
PERGAMINO,visa,,unknown,unknown
RAFAELA,visa,,unknown,unknown
SAN RAFAEL,visa,,unknown,unknown
ZABALLA,visa,,unknown,unknown
TARTAGAL,visa,,unknown,unknown
PEYRANO,visa,,unknown,unknown
TOTORAS,visa,,unknown,unknown
NECOCHEA,visa,,unknown,unknown
CHACABUCO,visa,,unknown,unknown
CARCARANA,visa,,unknown,unknown
25 DE MAYO,visa,,unknown,unknown
SAN GENARO,visa,,unknown,unknown
ROJAS,visa,,unknown,unknown
CASILDA,visa,,unknown,unknown
VILLA RAMIREZ,visa,,unknown,unknown
VILLA TESSEI,visa,,unknown,unknown
VILLA INSUPERABLE,visa,,unknown,unknown
MORTEROS,visa,,unknown,unknown
CANADA ROSQUIN,visa,,unknown,unknown
VILLA CACIQUE,visa,,unknown,unknown
BRAGADO,visa,,unknown,unknown
ALCORTA,visa,,unknown,unknown
BRINKMANN,visa,,unknown,unknown
AZUL,visa,,unknown,unknown
CANADA DE GOMEZ,visa,,unknown,unknown
LAS ROSAS,visa,,unknown,unknown
LAS PAREJAS,visa,,unknown,unknown
EL TREBOL,visa,,unknown,unknown
CHABAS,visa,,unknown,unknown
CARLOS PELLEGRINI,visa,,unknown,unknown
FERREYRA,visa,,unknown,unknown
SAN JORGE,visa,,unknown,unknown
FREYRE,visa,,unknown,unknown
WHEELWRIGHT,visa,,unknown,unknown
AREQUITO,visa,,unknown,unknown
MENDOZA,visa,,unknown,unknown
ARMSTRONG,visa,,unknown,unknown
JUNIN,visa,,unknown,unknown
SAN FRANCISCO,visa,,unknown,unknown
CRDOBA,visa,,unknown,unknown
BENITO JUAREZ,visa,,unknown,unknown
ORAN,visa,,unknown,unknown
SALTA,visa,,unknown,unknown
9 DE JULIO,visa,,unknown,unknown
VILLA LIBERTADOR SAN MARTIN,visa,,unknown,unknown
FIRMAT,visa,,unknown,unknown
LOS NOGALES,visa,,unknown,unknown
SIERRAS BAYAS,visa,,unknown,unknown
PUERTO SAN MARTIN,visa,,unknown,unknown
SAN JOSE DE LA ESQUINA,visa,,unknown,unknown
DEVOTO,visa,,unknown,unknown
EL TALAR,visa,,unknown,unknown
OLAVARRIA,visa,,unknown,unknown
MARCOS JUAREZ,visa,,unknown,unknown
LINCOLN,visa,,unknown,unknown
VENADO TUERTO,visa,,unknown,unknown
CORRAL DE BUSTOS,visa,,unknown,unknown
BOLIVAR,visa,,unknown,unknown
CARLOS CASARES,visa,,unknown,unknown
LAS VARILLAS,visa,,unknown,unknown
TRES ARROYOS,visa,,unknown,unknown
ARROYITO,visa,,unknown,unknown
BELL VILLE,visa,,unknown,unknown
MONTE MAIZ,visa,,unknown,unknown
LA BANDA,visa,,unknown,unknown
SANTIAGO DEL ESTERO,visa,,unknown,unknown
JUJUY,visa,,unknown,unknown
PEHUAJO,visa,,unknown,unknown
VILLA MARIA,visa,,unknown,unknown
RIO SEGUNDO,visa,,unknown,unknown
RUFINO,visa,,unknown,unknown
CORONEL PRINGLES,visa,,unknown,unknown
OLIVA,visa,,unknown,unknown
EL CARRIL,visa,,unknown,unknown
CRUZ ALTA,visa,,unknown,unknown
MONTE CRISTO,visa,,unknown,unknown
BANDA DEL RIO SALI,visa,,unknown,unknown
JESUS MARIA,visa,,unknown,unknown
TUCUMN,visa,,unknown,unknown
HERNANDO,visa,,unknown,unknown
CORONEL SUAREZ,visa,,unknown,unknown
YERBA BUENA,visa,,unknown,unknown
CORDOBA,visa,,unknown,unknown
CORDOBA - PUEYRREDON,visa,,unknown,unknown
CORDOBA - VILLA CABRERA,visa,,unknown,unknown
CÓRDOBA,visa,,unknown,unknown
CORDOBA - MAIPU,visa,,unknown,unknown
CORDOBA - VILLA ARGENTINA,visa,,unknown,unknown
CORDOBA - GENERAL PAZ,visa,,unknown,unknown
CORDOBA - GENERAL BUSTOS,visa,,unknown,unknown
LULES,visa,,unknown,unknown
CORDOBA - NUEVA CORDOBA,visa,,unknown,unknown
CORDOBA - CENTRO,visa,,unknown,unknown
CORDOBA - ALTA CORDOBA,visa,,unknown,unknown
CENTRO,visa,,unknown,unknown
CORDOBA - BARRIO JARDIN,visa,,unknown,unknown
GENERAL VILLEGAS,visa,,unknown,unknown
CORDOBA - LOS PARAISOS,visa,,unknown,unknown
CORDOBA - SAN MARTIN,visa,,unknown,unknown
CORDOBA - GRANJA DE FUNES,visa,,unknown,unknown
GENERAL DEHEZA,visa,,unknown,unknown
CORDOBA - ALTO ALBERDI,visa,,unknown,unknown
CORDOBA - CERRO DE LAS ROSAS,visa,,unknown,unknown
CORDOBA - LAS FLORES,visa,,unknown,unknown
CORDOBA - ARGUELLO,visa,,unknown,unknown
CORDOBA - LA CANADA,visa,,unknown,unknown
CORDOBA - SANTA ISABEL,visa,,unknown,unknown
TRENQUE LAUQUEN,visa,,unknown,unknown
LABOULAYE,visa,,unknown,unknown
VILLA ALLENDE,visa,,unknown,unknown
FAMAILLA,visa,,unknown,unknown
CORDOBA - INDUSTRIAL,visa,,unknown,unknown
RIO TERCERO,visa,,unknown,unknown
MALAGUENO,visa,,unknown,unknown
MONTEROS,visa,,unknown,unknown
LA FALDA,visa,,unknown,unknown
VILLA CARLOS PAZ,visa,,unknown,unknown
ALTA GRACIA,visa,,unknown,unknown
PIGUE,visa,,unknown,unknown
SAN CARLOS,visa,,unknown,unknown
EL ALTO,visa,,unknown,unknown
CARHUE,visa,,unknown,unknown
PUNTA ALTA,visa,,unknown,unknown
VILLA GENERAL BELGRANO,visa,,unknown,unknown
RIO CUARTO,visa,,unknown,unknown
BAHIA BLANCA,visa,,unknown,unknown
CATAMARCA,visa,,unknown,unknown
GENERAL PICO,visa,,unknown,unknown
VILLA DOLORES,visa,,unknown,unknown
SANTA ROSA,visa,,unknown,unknown
VILLA MERCEDES,visa,,unknown,unknown
VIEDMA,visa,,unknown,unknown
LA RIOJA,visa,,unknown,unknown
POTRERO DE LOS FUNES,visa,,unknown,unknown
SAN LUIS,visa,,unknown,unknown
CHOELE CHOEL,visa,,unknown,unknown
LAMARQUE,visa,,unknown,unknown
CHIMPAY II,visa,,unknown,unknown
SAN JUAN,visa,,unknown,unknown
ONCE,visa,,unknown,unknown
VILLA KRAUSE,visa,,unknown,unknown
GENERAL ALVEAR,visa,,unknown,unknown
PUERTO MADRYN,visa,,unknown,unknown
RIVADAVIA,visa,,unknown,unknown
MAIPU,visa,,unknown,unknown
TRELEW,visa,,unknown,unknown
GUAYMALLEN,visa,,unknown,unknown
LAS HERAS,visa,,unknown,unknown
GODOY CRUZ,visa,,unknown,unknown
VILLA REGINA,visa,,unknown,unknown
RIO NEGRO,visa,,unknown,unknown
TUNUYAN,visa,,unknown,unknown
TUPUNGATO,visa,,unknown,unknown
USPALLATA,visa,,unknown,unknown
BARRIO NORTE,visa,,unknown,unknown
GENERAL ROCA,visa,,unknown,unknown
ALLEN,visa,,unknown,unknown
R-O NEGRO,visa,,unknown,unknown
RÍO NEGRO,visa,,unknown,unknown
CIPOLLETTI,visa,,unknown,unknown
NEUQUÉN,visa,,unknown,unknown
NEUQUN,visa,,unknown,unknown
LAS LENAS,visa,,unknown,unknown
CUTRAL-CO,visa,,unknown,unknown
COMODORO RIVADAVIA,visa,,unknown,unknown
ZAPALA,visa,,unknown,unknown
CALETA OLIVIA,visa,,unknown,unknown
CAPITAN SARMIENTO,visa,,unknown,unknown
TROPEZON,visa,,unknown,unknown
SAN MARTIN DE LOS ANDES,visa,,unknown,unknown
BARILOCHE,visa,,unknown,unknown
ESQUEL,visa,,unknown,unknown
RIO GRANDE,visa,,unknown,unknown
RIO GALLEGOS,visa,,unknown,unknown
USHUAIA,visa,,unknown,unknown
USUAHIA,visa,,unknown,unknown
