City,Place Name,Zipcode,Name
Marseille,aldi_nord_fr,,unknown,ALDI Marseille
Saint-Maximin-la-Sainte-Baume,aldi_nord_fr,,unknown,ALDI Saint-Maximin-la-Sainte-Baume
Vitrolles,aldi_nord_fr,,unknown,ALDI Vitrolles
Châteauneuf-les-Martigues,aldi_nord_fr,,unknown,ALDI Châteauneuf-les-Martigues
Forcalqueiret,aldi_nord_fr,,unknown,ALDI Forcalqueiret
Le Cannet-des-Maures,aldi_nord_fr,,unknown,ALDI Le Cannet-des-Maures
Oppède,aldi_nord_fr,,unknown,ALDI Oppède
Saint-Mitre-les-Remparts,aldi_nord_fr,,unknown,ALDI Saint Mitre Les Remparts
La Seyne-sur-Mer,aldi_nord_fr,,unknown,ALDI La Seyne Sur Mer
Salon-de-Provence,aldi_nord_fr,,unknown,ALDI Salon-de-Provence
Miramas,aldi_nord_fr,,unknown,ALDI Miramas
Nice,aldi_nord_fr,,unknown,ALDI Nice
Fréjus,aldi_nord_fr,,unknown,ALDI Fréjus
Menton,aldi_nord_fr,,unknown,ALDI Menton
Saint-Rémy-de-Provence,aldi_nord_fr,,unknown,ALDI St-Rémy-de-Provence
Aix-en-Provence,aldi_nord_fr,,unknown,ALDI Aix-en-Provence
Bollène,aldi_nord_fr,,unknown,ALDI Bollène
Arles,aldi_nord_fr,,unknown,ALDI Arles
Martigues,aldi_nord_fr,,unknown,ALDI Martigues
Cannes,aldi_nord_fr,,unknown,ALDI Cannes
Volx,aldi_nord_fr,,unknown,ALDI Volx
Orange,aldi_nord_fr,,unknown,ALDI Orange
Gardanne,aldi_nord_fr,,unknown,ALDI Gardanne
Brignoles,aldi_nord_fr,,unknown,ALDI Brignoles
La Crau,aldi_nord_fr,,unknown,ALDI La Crau
Manosque,aldi_nord_fr,,unknown,ALDI Manosque
Berre-l'Étang,aldi_nord_fr,,unknown,ALDI Berre-l'Étang
Toulon,aldi_nord_fr,,unknown,ALDI Toulon
Fos-sur-Mer,aldi_nord_fr,,unknown,ALDI Fos-sur-Mer
Avignon,aldi_nord_fr,,unknown,ALDI Avignon
Trets,aldi_nord_fr,,unknown,ALDI Trets
Cavaillon,aldi_nord_fr,,unknown,ALDI Cavaillon
Saint-Martin-de-Crau,aldi_nord_fr,,unknown,ALDI Saint-Martin-de-Crau
Valréas,aldi_nord_fr,,unknown,ALDI Valréas
Istres,aldi_nord_fr,,unknown,ALDI Istres
Rognac,aldi_nord_fr,,unknown,ALDI Rognac
Mougins,aldi_nord_fr,,unknown,ALDI Mougins
Vaison-la-Romaine,aldi_nord_fr,,unknown,ALDI Vaison-la-Romaine
Meyreuil,aldi_nord_fr,,unknown,ALDI Meyreuil
Sainte-Maxime,aldi_nord_fr,,unknown,ALDI Sainte-Maxime
La Ciotat,aldi_nord_fr,,unknown,ALDI La Ciotat
Monteux,aldi_nord_fr,,unknown,ALDI Monteux
Marignane,aldi_nord_fr,,unknown,ALDI Marignane
Venelles,aldi_nord_fr,,unknown,ALDI Venelles
Trans-en-Provence,aldi_nord_fr,,unknown,ALDI Trans-en-Provence
Évenos,aldi_nord_fr,,unknown,ALDI Évenos
Grasse,aldi_nord_fr,,unknown,ALDI Grasse
La Bouilladisse,aldi_nord_fr,,unknown,ALDI La Bouilladisse
Pélissanne,aldi_nord_fr,,unknown,ALDI Pélissanne
L'Isle-sur-la-Sorgue,aldi_nord_fr,,unknown,ALDI L'Isle-sur-la-Sorgue
Hyères,aldi_nord_fr,,unknown,ALDI Hyères
Pertuis,aldi_nord_fr,,unknown,ALDI Pertuis
Aubagne,aldi_nord_fr,,unknown,ALDI Aubagne
Sorgues,aldi_nord_fr,,unknown,ALDI Sorgues
Puget-sur-Argens,aldi_nord_fr,,unknown,ALDI Puget-sur-Argens
Rocbaron,aldi_nord_fr,,unknown,ALDI Rocbaron
Digne-les-Bains,aldi_nord_fr,,unknown,ALDI Digne-les-Bains
Vallauris,aldi_nord_fr,,unknown,ALDI Vallauris
Saint-Raphaël,aldi_nord_fr,,unknown,ALDI Saint-Raphaël
Carros,aldi_nord_fr,,unknown,ALDI Carros
Velaux,aldi_nord_fr,,unknown,ALDI Velaux
Vedène,aldi_nord_fr,,unknown,ALDI Vedène
Les Pennes-Mirabeau,aldi_nord_fr,,unknown,ALDI Les Pennes-Mirabeau
Briançon,aldi_nord_fr,,unknown,ALDI Briançon
L'Argentière-la-Bessée,aldi_nord_fr,,unknown,ALDI L'Argentière La Bessée
Vidauban,aldi_nord_fr,,unknown,ALDI Vidauban
Levens,aldi_nord_fr,,unknown,ALDI Levens
Nice,botteg_aveneta,,unknown,Nice - Galeries Lafayette
Cannes,botteg_aveneta,,unknown,Cannes - La Croisette
Saint-Tropez,botteg_aveneta,,unknown,St. Tropez - Rue François Sibilli - Seasonal
PUGET SUR ARGENS,cigusto_fr,,unknown,CIGUSTO PUGET SUR ARGENS
ORANGE,cigusto_fr,,unknown,CIGUSTO ORANGE
MANDELIEU LA NAPOULE,cigusto_fr,,unknown,CIGUSTO MANDELIEU-LA-NAPOULE
GAP,cigusto_fr,,unknown,CIGUSTO GAP
FREJUS,cigusto_fr,,unknown,CIGUSTO FREJUS
ANTIBES,cigusto_fr,,unknown,CIGUSTO ANTIBES
Aix-en-Provence,grand_optical,,unknown,Opticien AIX LES MILLES Générale d'Optique
Antibes,grand_optical,,unknown,Opticien ANTIBES Générale d'Optique
Arles,grand_optical,,unknown,Opticien ARLES Générale d'Optique
Aubagne,grand_optical,,unknown,Opticien AUBAGNE Générale d'Optique
Marseille,grand_optical,,unknown,Opticien MARSEILLE GRAND LITTORAL Générale d'Optique
Avignon,grand_optical,,unknown,Opticien AVIGNON MISTRAL 7 Générale d'Optique
Martigues,grand_optical,,unknown,Opticien MARTIGUES Générale d'Optique
Bollène,grand_optical,,unknown,Opticien BOLLENE Générale d'Optique
Cavaillon,grand_optical,,unknown,Opticien CAVAILLON Générale d'Optique
Puget-sur-Argens,grand_optical,,unknown,Opticien PUGET-SUR-ARGENS Générale d'Optique
Brignoles,grand_optical,,unknown,Opticien BRIGNOLES Générale d'Optique
Grasse,grand_optical,,unknown,Opticien GRASSE Générale d'Optique
Cannes,grand_optical,,unknown,Opticien CANNES CV Générale d'Optique
Carpentras,grand_optical,,unknown,Opticien CARPENTRAS Générale d'Optique
Nice,grand_optical,,unknown,Opticien NICE LINGOSTIERE Générale d'Optique
Hyères,grand_optical,,unknown,Opticien HYERES Générale d'Optique
Istres,grand_optical,,unknown,Opticien ISTRES Générale d'Optique
Orange,grand_optical,,unknown,Opticien ORANGE Générale d'Optique
La Ciotat,grand_optical,,unknown,Opticien LA CIOTAT Générale d'Optique
La Seyne-sur-Mer,grand_optical,,unknown,Opticien LA SEYNE SUR MER Générale d'Optique
La Valette-du-Var,grand_optical,,unknown,Opticien LA VALETTE-DU-VAR Générale d'Optique
La Trinité,grand_optical,,unknown,Opticien NICE TRINITE Générale d'Optique
Salon-de-Provence,grand_optical,,unknown,Opticien et audioprothésiste SALON DE PROVENCE Générale d'Optique
Pertuis,grand_optical,,unknown,Opticien et Audioprothésiste Pertuis GrandOptical
Cogolin,grand_optical,,unknown,Opticien COGOLIN Générale d'Optique
Le Pontet,grand_optical,,unknown,Opticien LE PONTET Générale d'Optique
Solliès-Pont,grand_optical,,unknown,Opticien SOLLIES PONT Générale d'Optique
Les Pennes-Mirabeau,grand_optical,,unknown,Opticien PLAN DE CAMPAGNE 2 Générale d'Optique
Digne-les-Bains,grand_optical,,unknown,Opticien DIGNE LES BAINS Générale d'Optique
Saint-Laurent-du-Var,grand_optical,,unknown,Opticien NICE CAP 3000 Générale d'Optique
Mandelieu-la-Napoule,grand_optical,,unknown,Opticien MANDELIEU Générale d'Optique
Manosque,grand_optical,,unknown,Opticien MANOSQUE Générale d'Optique
Saint-Maximin-la-Sainte-Baume,grand_optical,,unknown,Opticien La Sainte Baume GrandOptical
Gap,grand_optical,,unknown,Opticien GAP GrandOptical
Toulon,grand_optical,,unknown,Opticien TOULON MAYOL Générale d'Optique
Trans-en-Provence,grand_optical,,unknown,Opticien TRANS EN PROVENCE Générale d'Optique
Villeneuve-Loubet,grand_optical,,unknown,Opticien VILLENEUVE LOUBET Générale d'Optique
Vitrolles,grand_optical,,unknown,Opticien VITROLLES Générale d'Optique
Menton,grand_optical,,unknown,Opticien MENTON Générale d'Optique
Ollioules,grand_optical,,unknown,Opticien TOULON OLLIOULES Générale d'Optique
Apt,grand_optical,,unknown,Opticien APT Générale d'Optique
Châteauneuf-les-Martigues,grand_optical,,unknown,Opticien CHATEAUNEUF LES MARTIGUES Générale d'Optique
La Fare-les-Oliviers,grand_optical,,unknown,Opticien LA FARE LES OLIVIERS Générale d'Optique
Saint-Romain-en-Viennois,grand_optical,,unknown,Opticien VAISON LA ROMAINE Générale d'Optique
L'Isle-sur-la-Sorgue,grand_optical,,unknown,Opticien L'Isle sur la Sorgue Générale d'Optique
Fos-sur-Mer,grand_optical,,unknown,Opticien Fos Sur Mer Générale d'Optique
Trets,grand_optical,,unknown,Opticien TRETS Générale d'Optique
Six-Fours-les-Plages,grand_optical,,unknown,Opticien SIX FOURS LES PLAGES Générale d'Optique
Vidauban,grand_optical,,unknown,Opticien VIDAUBAN Générale d'Optique
Baratier,grand_optical,,unknown,Opticien EMBRUN Générale d'Optique
Sainte-Maxime,grand_optical,,unknown,Opticien Sainte-Maxime Centre Ville GrandOptical
Marignane,grand_optical,,unknown,Opticien Marignane GrandOptical
Le Tholonet,grand_optical,,unknown,Grand Optical Le Tholonet Aix en Provence
Aubagne,korian_fr,,unknown,Korian Val Pré
Beausoleil,korian_fr,,unknown,Fontdivina
Espinasses,korian_fr,,unknown,Korian Le Mont Soleil
Fréjus,korian_fr,,unknown,Korian Rives d'Esterel
Gémenos,korian_fr,,unknown,Korian Mas des Ainés
Gréoux-les-Bains,korian_fr,,unknown,Korian Le Verdon
Hyères,korian_fr,,unknown,Korian Villa Eyras
La Roquebrussanne ,korian_fr,,unknown,Korian La Provençale
La-seyne-sur-mer,korian_fr,,unknown,Korian Le Cap Sicie
Le Cannet,korian_fr,,unknown,Korian Les Campelières
Le-Puy-Sainte-Réparade,korian_fr,,unknown,Korian Les Luberons
Marseille,korian_fr,,unknown,Korian Mistral
Mougins,korian_fr,,unknown,Korian Parc de Mougins
Nice,korian_fr,,unknown,Korian Château des Ollières
Saint-Laurent-du-Var,korian_fr,,unknown,Korian Domaine St-Michel
Saint-Mandrier,korian_fr,,unknown,Korian Les Pins Bleus
Saint-Marc-Jaumegarde,korian_fr,,unknown,Korian Domaine de Collongue
Saint-Martin-de-Crau,korian_fr,,unknown,Korian La Rimandière
Saint-Mitre-les-Remparts,korian_fr,,unknown,Korian Les Restanques
Sanary-sur-mer,korian_fr,,unknown,Résidence Le Rosaire
Simiane-collongue,korian_fr,,unknown,Korian Val des sources
Toulon,korian_fr,,unknown,Korian Saint-François du Las
Tourrette-Levens,korian_fr,,unknown,Korian Les Clématites
Vauvenargues,korian_fr,,unknown,Korian L'Agora
Vitrolles,korian_fr,,unknown,Korian Les Alpilles
SISTERON,mercedes_benz,,unknown,DIFFUSION AUTOMOBILE DES GRANDES ALPES
MANOSQUE,mercedes_benz,,unknown,DIFFUSION AUTOMOBILE DES GRANDES ALPES
AVIGNON,mercedes_benz,,unknown,SOCIETE AUTOMOBILE AVIGNONNAISE
MARSEILLE,mercedes_benz,,unknown,MECANIQUE AUTOMOBILE SA
MENTON,mercedes_benz,,unknown,VAL AUTO
ORANGE,mercedes_benz,,unknown,VEHICULES INDUSTRIELS AVIGNONNAIS
MARTIGUES,mercedes_benz,,unknown,MARTIGUES POIDS LOURDS DISTRIBUTION
GAP,mercedes_benz,,unknown,DIFFUSION AUTOMOBILE DES GRANDES ALPES
LE CANNET,mercedes_benz,,unknown,BYMYCAR CÔTE D'AZUR
AIX-EN-PROVENCE,mercedes_benz,,unknown,MECANIQUE AUTOMOBILE SA
LA GARDE,mercedes_benz,,unknown,BYMYCAR TOULON
CAVAILLON,mercedes_benz,,unknown,VEHICULES INDUSTRIELS AVIGNONNAIS
VITROLLES,mercedes_benz,,unknown,ETOILE MÉDITERRANÉE
SANARY-SUR-MER,mercedes_benz,,unknown,ETOILE 83 SERVICES
SALON-DE-PROVENCE,mercedes_benz,,unknown,MECANIQUE AUTOMOBILE SA
ROQUEBRUNE-SUR-ARGENS,mercedes_benz,,unknown,BYMYCAR ROQUEBRUNE
ARLES,mercedes_benz,,unknown,MECANIQUE AUTOMOBILE SA
VILLENEUVE-LOUBET,mercedes_benz,,unknown,BYMYCAR CÔTE D'AZUR
Aix en Provence,ricoh_europe,,unknown,Agence Aix en Provence
Cagnes sur mer,ricoh_europe,,unknown,Agence Cagnes sur mer
La Garde,ricoh_europe,,unknown,Agence La Garde
La Valette Du Var,vans,,unknown,Vans Toulon
