City,Place Name,Zipcode,Name
Ashford,angling_direct_gb,,unknown,Angling Direct Ashford
Sittingbourne,angling_direct_gb,,unknown,Angling Direct Sittingbourne
Bromley,apple,,unknown,Apple Bromley
Greenhithe,apple,,unknown,Apple Bluewater
Gillingham,asda_gb,,unknown,Asda
Folkestone,asda_gb,,unknown,Asda
Maidstone,asda_gb,,unknown,Asda Living
Strood,asda_gb,,unknown,Asda
Dover,asda_gb,,unknown,Asda
Canterbury,asda_gb,,unknown,Asda
Tunbridge Wells,asda_gb,,unknown,Asda
Ramsgate,asda_gb,,unknown,Asda
Dartford,asda_gb,,unknown,Asda Living
West Malling,asda_gb,,unknown,Asda
Bexleyheath,asda_gb,,unknown,Asda
Swanley,asda_gb,,unknown,Asda
Greenhithe,asda_gb,,unknown,Asda
Chatham,asda_gb,,unknown,Asda
Broadstairs,asda_gb,,unknown,Asda
Gravesend,asda_gb,,unknown,Asda
Ashford,asda_gb,,unknown,Asda
Sittingbourne,asda_gb,,unknown,Asda
Bluewater,baskin_robbins_gb_ie_je,,unknown,Blue Water Rose Galleries
Ashford,benchmarx_gb,,unknown,Benchmarx
Bromley,benchmarx_gb,,unknown,Benchmarx
Canterbury,benchmarx_gb,,unknown,Benchmarx
London,benchmarx_gb,,unknown,Benchmarx
Folkestone,benchmarx_gb,,unknown,Benchmarx
Maidstone,benchmarx_gb,,unknown,Benchmarx
Gravesend,benchmarx_gb,,unknown,Benchmarx
Sevenoaks,benchmarx_gb,,unknown,Benchmarx
Sidcup,benchmarx_gb,,unknown,Benchmarx
Maidstone,bhf_gb,,unknown,Maidstone BHF Charity Shop
Sidcup,bhf_gb,,unknown,Sidcup BHF Charity Shop
Tonbridge,bhf_gb,,unknown,Tonbridge BHF Charity Shop
Tenterden,bhf_gb,,unknown,Tenterden BHF Charity Shop
Sevenoaks,bhf_gb,,unknown,Sevenoaks BHF Charity Shop
Penge,bhf_gb,,unknown,Penge BHF Charity Shop
Gillingham,bhf_gb,,unknown,Gillingham BHF Charity Shop
Bromley,bhf_gb,,unknown,Bromley BHF Charity Shop
Beckenham,bhf_gb,,unknown,Beckenham BHF Charity Shop
Dartford,black_sheep_coffee,,unknown,Black Sheep Coffee
Tunbridge Wells,bmw_group,,unknown,Arden Tunbridge Wells
Maidstone,bmw_group,,unknown,Arden Maidstone MINI
Canterbury,bmw_group,,unknown,Barretts Canterbury
Bromley,bmw_group,,unknown,Stephen James Bromley
Sidcup,bmw_group,,unknown,Stephen James Ruxley
Ashford,bmw_group,,unknown,Barretts Ashford
Broadstairs,budgens_gb,,unknown,Budgens Broadstairs
Welling,budgens_gb,,unknown,Budgens Welling
Ashford,budgens_gb,,unknown,Budgens Willesborough
Orpington,budgens_gb,,unknown,Budgens Orpington
Deal,budgens_gb,,unknown,Budgens Deal
Tenterden,budgens_gb,,unknown,Budgens Tenterden
Sheerness,budgens_gb,,unknown,Budgens Oak Lane Stores
Tonbridge,budgens_gb,,unknown,Budgens Shipbourne Road
Faversham,budgens_gb,,unknown,Budgens Thanet
Dover,budgens_gb,,unknown,Budgens Shell Dover
Sevenoaks,budgens_gb,,unknown,Budgens Kemsing
Erith,budgens_gb,,unknown,Budgens Slade Green
Sittingbourne,budgens_gb,,unknown,Budgens MFG Rhode House
Tunbridge Wells,budgens_gb,,unknown,Budgens Sherwood
Bapchild,budgens_gb,,unknown,Budgens Bapchild
Gravesend,budgens_gb,,unknown,Budgens Clock Tower
Bromley,budgens_gb,,unknown,Budgens Bickley
Dartford,burgerking,,unknown,Burger King
Greenhithe,burgerking,,unknown,Burger King
Maidstone,burgerking,,unknown,Burger King
Ashford Kent,burgerking,,unknown,Burger King
Canterbury,burgerking,,unknown,Burger King
Dover,burgerking,,unknown,Burger King
Gillingham,b_and_m,,unknown,B&M Rainham (832) Store
Dartford,b_and_m,,unknown,B&M Dartford (742) Home Store with Garden Centre
Royal Tunbridge Wells,b_and_m,,unknown,B&M Tunbridge Wells (678) Store
Dover,b_and_m,,unknown,B&M Dover - Honeywood Retail Park (556) Home Store
Tonbridge,b_and_m,,unknown,B&M Tonbridge (615) Store
Folkestone,b_and_m,,unknown,B&M Folkestone (604) Home Store with Garden Centre
unknown,b_and_m,,unknown,B&M Gravesend (588) Home Store
Canterbury,b_and_m,,unknown,B&M Canterbury (346) Store
Isle of Sheppey,b_and_m,,unknown,B&M Kent - Isle Of Sheppey (394) Store
Broadstairs,b_and_m,,unknown,B&M Broadstairs (375) Store
Ashford,b_and_m,,unknown,B&M Ashford - Ashford Retail Park (43) Store with Garden Centre
Strood,b_and_m,,unknown,B&M Strood (79) Store
Gillingham,carpetright_gb,,unknown,Carpetright
West Wickham,carpetright_gb,,unknown,Carpetright
Gravesend,carpetright_gb,,unknown,Carpetright
Sittingbourne,carpetright_gb,,unknown,Carpetright
Orpington,carpetright_gb,,unknown,Carpetright
Sevenoaks,carpetright_gb,,unknown,Carpetright
Maidstone,carpetright_gb,,unknown,Carpetright
Ashford,carpetright_gb,,unknown,Carpetright
Dartford,carpetright_gb,,unknown,Carpetright
Canterbury,carpetright_gb,,unknown,Carpetright
Tunbridge Wells,carpetright_gb,,unknown,Carpetright
Tonbridge,carpetright_gb,,unknown,Carpetright
Bromley,carpetright_gb,,unknown,Carpetright
Tunbridge Wells,cex,,unknown,Tunbridge Wells
Margate,cex,,unknown,Margate
Orpington,cex,,unknown,Orpington
Gillingham,cex,,unknown,Gillingham
Ramsgate,cex,,unknown,Ramsgate
Tonbridge,cex,,unknown,Tonbridge
Dover,cex,,unknown,Dover
Kent,cex,,unknown,Folkestone
Dartford,cex,,unknown,Dartford
Sittingbourne,cex,,unknown,Sittingbourne
Gravesend,cex,,unknown,Gravesend
Canterbury,cex,,unknown,Canterbury
Bexleyheath,cex,,unknown,Bexleyheath
Ashford,cex,,unknown,Ashford
Chatham,cex,,unknown,Chatham
Maidstone,cex,,unknown,Maidstone
Bromley,cex,,unknown,Bromley
Margate,costcutter_gb,,unknown,"Costcutter - High Street, Margate"
Sittingbourne,dunelm_gb,,unknown,Sittingbourne
Maidstone,dunelm_gb,,unknown,Maidstone
Dartford,dunelm_gb,,unknown,Dartford
Gillingham,ember_inns_gb,,unknown,"Queens Head, Gillingham Gillingham"
Snodland,favorite_chicken_gb,,unknown,Favorite Chicken & Ribs
Sheerness,favorite_chicken_gb,,unknown,Favorite Chicken & Ribs
Rainham,favorite_chicken_gb,,unknown,Favorite Chicken & Ribs
Dover,favorite_chicken_gb,,unknown,Favorite Chicken & Ribs
Bromley,favorite_chicken_gb,,unknown,Favorite Chicken & Ribs
Bexley,favorite_chicken_gb,,unknown,Favorite Chicken & Ribs
Beckenham,favorite_chicken_gb,,unknown,Favorite Chicken & Ribs
Gravesend,favorite_chicken_gb,,unknown,Favorite Chicken & Ribs
Tunbridge Wells,furniture_village_gb,,unknown,Furniture Village Tunbridge Wells
Gillingham,furniture_village_gb,,unknown,Furniture Village Gillingham
Orpington,furniture_village_gb,,unknown,Furniture Village Orpington
Bexleyheath,game_gb,,unknown,GAME Bexleyheath
Thanet,game_gb,,unknown,GAME Thanet Link
Sydenham,game_gb,,unknown,GAME Sydenham Lite
Orpington,game_gb,,unknown,GAME Orpington Lite
Maidstone,game_gb,,unknown,GAME Maidstone
Isle of Sheppey,game_gb,,unknown,GAME Isle of Sheppey Lite
Greenhithe,game_gb,,unknown,GAME Bluewater HoF
GREENHITHE,game_gb,,unknown,GAME Bluewater
Gravesend,game_gb,,unknown,GAME Gravesend Lite
Folkestone,game_gb,,unknown,GAME Folkestone Lite
CHATHAM,game_gb,,unknown,GAME Chatham
Canterbury,game_gb,,unknown,GAME Canterbury
BROMLEY,game_gb,,unknown,GAME Bromley
Ashford,game_gb,,unknown,GAME Ashford
unknown,go_ape_gb,,unknown,"Bedgebury, Kent"
Tonbridge,grape_tree_gb,,unknown,Grape Tree Tonbridge
Maidstone,grape_tree_gb,,unknown,Grape Tree Maidstone
Tunbridge Wells,grape_tree_gb,,unknown,Grape Tree Tunbridge Wells
Tenterden,grape_tree_gb,,unknown,Grape Tree Tenterden
unknown,iceland_foods,,unknown,Iceland
Canterbury,j_d_wetherspoon,1–3 North Lane Canterbury Kent CT2 7EB,unknown,The West Gate Inn
Chatham,j_d_wetherspoon,14 Railway Street Chatham Kent ME4 4JL,unknown,The Thomas Waghorn
Canterbury,j_d_wetherspoon,5–9 Burgate Canterbury Kent CT1 2HG,unknown,The Thomas Ingoldsby
Maidstone,j_d_wetherspoon,,unknown,The Society Rooms
Deal,j_d_wetherspoon,18–20 Queens Street Deal Kent CT14 6ET,unknown,The Sir Norman Wisdom
Sevenoaks,j_d_wetherspoon,139–141 High Street Sevenoaks Kent TN13 1UX,unknown,The Sennockian
Herne Bay,j_d_wetherspoon,78–80 Central Parade Herne Bay Kent CT6 5JQ,unknown,The Saxon Shore
Folkestone,j_d_wetherspoon,,unknown,The Samuel Peto
Ramsgate,j_d_wetherspoon,,unknown,Royal Victoria Pavilion
Gravesend,j_d_wetherspoon,181–183 Windmill Street Gravesend Kent DA12 1AH,unknown,The Robert Pocock
Rainham,j_d_wetherspoon,113 Station Road Rainham Kent ME8 7SF,unknown,The Railway
Whitstable,j_d_wetherspoon,16–18 Oxford Street Whitstable Kent CT5 1DD,unknown,The Peter Cushing
Maidstone,j_d_wetherspoon,8–9 High Street Maidstone Kent ME14 1HJ,unknown,The Muggleton Inn
Margate,j_d_wetherspoon,28–30 Marine Terrace Margate Kent CT9 1XJ,unknown,The Mechanical Elephant
Faversham,j_d_wetherspoon,20–22 Preston Street Faversham Kent ME13 8NZ,unknown,The Leading Light
Tonbridge,j_d_wetherspoon,94 High Street Tonbridge Kent TN9 1AP,unknown,The Humphrey Bean
Rochester,j_d_wetherspoon,147–151 High Street Rochester Kent ME1 1EL,unknown,The Golden Lion
Sittingbourne,j_d_wetherspoon,1 Park Road Sittingbourne Kent ME10 1DR,unknown,The Golden Hope
Dartford,j_d_wetherspoon,36–42 Spital Street Dartford Kent DA1 2DT,unknown,The Flying Boat
Dover,j_d_wetherspoon,19 Cannon Street Dover Kent CT16 1BZ,unknown,The Eight Bells
Ashford,j_d_wetherspoon,10 High Street Ashford Kent TN24 8TD,unknown,The County Hotel
Sheerness,j_d_wetherspoon,22–24 High Street Sheerness Kent ME12 1NL,unknown,The Belle and Lion
Royal Tunbridge Wells,j_d_wetherspoon,88 Mount Pleasant Road Royal Tunbridge Wells Kent TN1 1RT,unknown,Opera House
Gillingham,leightons_gb,,unknown,Leightons Opticians & Hearing Care
Tunbridge Wells,leightons_gb,,unknown,Leightons Opticians & Hearing Care
unknown,londis_gb,,unknown,Londis LONDIS - FARNBOROUGH POST OFFICE
Dover,londis_gb,,unknown,Londis LONDIS - ELVINGTON VILLAGE STORES
Paddock Wood Tonbridge,londis_gb,,unknown,Londis Paddock Wood
Hollingbourne Maidstone,londis_gb,,unknown,Londis Maidstone (MSA)
Canterbury,londis_gb,,unknown,Londis LONDIS - CANTERBURY
Ashford,londis_gb,,unknown,Londis Jet East Stour Service Station
Chatham,londis_gb,,unknown,Londis Gibraltar
Faversham,londis_gb,,unknown,Londis Gate
Gravesend,londis_gb,,unknown,Londis LONDIS - PELHAM ROAD
Borough Green Sevenoaks,londis_gb,,unknown,Londis Bracken Hill
London Road Ditton,londis_gb,,unknown,Londis Ditton
Herne Bay,londis_gb,,unknown,Londis Herne Bay
Erith,londis_gb,,unknown,Londis LONDIS PARKSIDE PARADE
Dartford,londis_gb,,unknown,Londis Elms
BROMLEY,londis_gb,,unknown,Londis LONDIS - BEST FOOD MEGA MART
BARHAM,londis_gb,,unknown,Londis LONDIS - BARHAM
Folkestone,londis_gb,,unknown,Londis LONDIS DOVER RD FOLKSTONE
ROCHESTER,londis_gb,,unknown,Londis LONDIS - ALLHALLOWS
Romney Marsh,londis_gb,,unknown,Londis LONDIS - ST MARY'S BAY
Welling,londis_gb,,unknown,Londis LONDIS - WELLING
Ramsgate,londis_gb,,unknown,Londis Texaco Ramsgate Service Station
Maidstone,londis_gb,,unknown,Londis BP Parkwood Service Station
Swanley,londis_gb,,unknown,Londis LONDIS AZALEA DRIVE
Bexleyheath,londis_gb,,unknown,Londis LONDIS ALERS ROAD
Sevenoaks,londis_gb,,unknown,Londis Shell Sevenoaks Service Station
Belvedere,londis_gb,,unknown,Londis LONDIS - STATION ROAD
Rochester,londis_gb,,unknown,Londis ACE WINE STORES
Hawkhurst,londis_gb,,unknown,Londis Highgate Service Station
Sittingbourne,londis_gb,,unknown,Londis MILTON MINI MARKET
Gillingham,londis_gb,,unknown,Londis LONDIS GILLINGHAM
Greatstone,londis_gb,,unknown,Londis LONDIS GREATSTONE
Bromley,londis_gb,,unknown,Londis HOLMSDALE FOOD AND WINE
Coney Hall,londis_gb,,unknown,Londis LONDIS KINGSWAY
Orpington,londis_gb,,unknown,Londis LONDIS CHELSFIELD
Tonbridge,londis_gb,,unknown,Londis LONDIS - TONBRIDGE HIGH STREET
Teynham,londis_gb,,unknown,Londis NORTON CROSS SERVICE STATION
Herne bay,londis_gb,,unknown,Londis AJ's
Broadstairs,londis_gb,,unknown,Londis BROADSTAIRS LONDIS
Beckenham,londis_gb,,unknown,Londis Becks Wine & News
Sandhurst,londis_gb,,unknown,Londis JOHNSON OF SANDHURST
Whitstable,londis_gb,,unknown,Londis Jet Crusader Service Station
Medway,londis_gb,,unknown,Londis Shell Gillingham Service Station
Birchington,londis_gb,,unknown,Londis Shell Birchington Service Station
Sittingboure,londis_gb,,unknown,Londis BP Milton Regis Service Station
Edenbridge,londis_gb,,unknown,Londis GULF EDENBRIDGE
Rainham,londis_gb,,unknown,Londis LONDIS MAIDSTONE ROAD
St Pauls Cray,londis_gb,,unknown,Londis Texaco St Pauls Cray Service Station
Tunbridge Wells,londis_gb,,unknown,Londis GROVEHILL STORES
Margate,londis_gb,,unknown,Londis Shell Margate Service Station
Faversham,marstons_plc,London Road Faversham Kent ME13 8XE,unknown,Gunpowder Mill
Maidstone,marstons_plc,St Laurence Avenue Maidstone Kent ME16 0ZP,unknown,Fields at Aylesford
Kent,marstons_plc,Queenborough Road Kent Kent ME11 5AR,unknown,Five Bridges
Thanet,marstons_plc,481 Margate Road Thanet Kent CT10 2QD,unknown,Canterbury Bell
Ebbsfleet,marstons_plc,Talbot Lane Ebbsfleet Kent DA10 1AZ,unknown,Spring River
Dover,marstons_plc,Gordon Road Dover Whitefield Kent CT16 2ES,unknown,Rock Rose
Whitstable,marstons_plc,Thanet Way Whitstable Kent CT5 3JE,unknown,Oyster Bed
Ashford,marstons_plc,Trinity Road Ashford Kent TN25 4BY,unknown,Pheasant
Tunbridge Wells,marstons_plc,3-5 Church Road Tunbridge Wells Kent TN1 1HT,unknown,Manor House
Chatham,marstons_plc,Gillingham Gate Road Chatham Kent ME4 4FT,unknown,Mast & Rigging
Folkestone,marstons_plc,Defiant Way Folkestone Kent CT18 7RU,unknown,Mayfly
Sittingbourne,marstons_plc,Staplehurst Road Sittingbourne Kent ME10 5TA,unknown,Jenny Wren
Dartford,miller_and_carter_gb,,unknown,Miller & Carter Dartford Dartford
Herne Bay,miller_and_carter_gb,,unknown,Miller & Carter Herne Bay Herne Bay
Maidstone,miller_and_carter_gb,,unknown,Miller & Carter Maidstone M&C Maidstone
Sevenoaks,miller_and_carter_gb,,unknown,Miller & Carter Sevenoaks Sevenoaks
Dartford,millies_gb,Unit K102 Bluewater Pkwy Rose Gallery Bluewater Shopping Centre Bluewater,unknown,Bluewater Rose Gallery
Dartford,millies_gb,Unit L056 Lower Thames Walk Bluewater Shopping Centre Bluewater,unknown,Bluewater Thames Walk
Ashford,morrisons_gb,,unknown,Morrisons Daily Ashford Stanhope Square
Erith,morrisons_gb,,unknown,Morrisons Daily Erith Forest Road
Rochester,morrisons_gb,,unknown,Morrisons Daily Rochester Orion Road
Canterbury,morrisons_gb,,unknown,Canterbury Petrol Station
Chatham,morrisons_gb,,unknown,Morrisons Daily Chatham Albert Road
Folkestone,morrisons_gb,,unknown,Folkestone
Gravesend,morrisons_gb,,unknown,Morrisons Daily Northfleet Dene Holm
Maidstone,morrisons_gb,,unknown,Morrisons Daily Bearsted 31 Egremont Road
Sidcup,morrisons_gb,,unknown,Morrisons Daily Sidcup Halfway Street
Herne Bay,morrisons_gb,,unknown,Herne Bay
Welling,morrisons_gb,,unknown,Welling
Dover,morrisons_gb,,unknown,Dover
Faversham,morrisons_gb,,unknown,Morrisons Daily Faversham Preston Street
Orpington,morrisons_gb,,unknown,Morrisons Daily Orpington Locks Bottom
Sittingbourne,morrisons_gb,,unknown,Morrisons Daily Milton Regis 97 High St
Isle of Sheppey,morrisons_gb,,unknown,Isle of Sheppey Petrol Station
Aylesford,morrisons_gb,,unknown,Morrisons Daily Maidstone Martin Square
Margate,morrisons_gb,,unknown,Margate
Tunbridge Wells,morrisons_gb,,unknown,Morrisons Daily Tunbridge Wells High St
Longfield,morrisons_gb,,unknown,Morrisons Daily Longfield Station Road
Tonbridge,morrisons_gb,,unknown,Morrisons Daily Tonbridge Higham Lane Estate
Staplehurst,morrisons_gb,,unknown,McColl's Staplehurst The Parade
Gillingham,morrisons_gb,,unknown,Morrisons Daily Rainham Parkwood Green
Bromley,morrisons_gb,,unknown,Morrisons Daily Hayes Station Road Approach
Westerham,morrisons_gb,,unknown,Morrisons Daily Biggin Hill Roundway
Swanley,morrisons_gb,,unknown,Morrisons Daily Hextable Swanley Home Hill
Romney Marsh,morrisons_gb,,unknown,Morrisons Daily Lydd 84 High Street
Dartford,morrisons_gb,,unknown,Morrisons Daily Winston
Pratts Bottom,morrisons_gb,,unknown,Morrisons Daily Chimes
London,morrisons_gb,,unknown,Morrisons Daily Forestdale
Strood,morrisons_gb,,unknown,Morrisons Daily Temple Farm
Ramsgate,morrisons_gb,,unknown,Morrisons Daily Ramsgate Bush Parade
Sevenoaks,morrisons_gb,,unknown,Morrisons Daily West Kingsdown 28 Hever Road
Minster On Sea,morrisons_gb,,unknown,Martin's Sheerness Minster
Birchington,morrisons_gb,,unknown,McColl's Birchington The Square
Chislehurst,national_trust_gb,,unknown,Petts Wood and Hawkwood
Westerham,national_trust_gb,,unknown,Chartwell
Dartford,national_trust_gb,,unknown,St. John's Jerusalem
unknown,national_trust_gb,,unknown,Cobham Wood and Mausoleum
Sevenoaks,national_trust_gb,,unknown,Ightham Mote
Ightham,national_trust_gb,,unknown,Oldbury Hill
near Edenbridge,national_trust_gb,,unknown,Chiddingstone Village
Gravesend,national_trust_gb,,unknown,Owletts
West Malling,national_trust_gb,,unknown,Coldrum Long Barrow
Borough Green,national_trust_gb,,unknown,Old Soar Manor
Maidstone,national_trust_gb,,unknown,Stoneacre
Tunbridge Wells,national_trust_gb,,unknown,Scotney Castle
near Cranbrook,national_trust_gb,,unknown,Sissinghurst Castle Garden
Tenterden,national_trust_gb,,unknown,Smallhythe Place
Dover,national_trust_gb,,unknown,South Foreland Lighthouse
ROCHESTER,next,,unknown,STROOD - COMMERCIAL ROAD
Maidstone,next,,unknown,Maidstone - Eclipse Park
CANTERBURY,next,,unknown,CANTERBURY - WHITEFRIARS CENTRE
BROMLEY,next,,unknown,BROMLEY - HIGH STREET
ASHFORD,next,,unknown,ASHFORD - COUNTY SQUARE
Canterbury,nicholsons_pubs_gb,,unknown,The Old Buttermarket Canterbury
Chatham,o2_gb,,unknown,O2 Shop Chatham
Canterbury,o2_gb,,unknown,O2 Shop Canterbury
Bromley,o2_gb,,unknown,O2 Shop Bromley
Greenhithe,o2_gb,,unknown,O2 Shop Bluewater
Gillingham,o2_gb,,unknown,O2 Shop Hempstead Valley
Sittingbourne,o2_gb,,unknown,O2 Shop Sittingbourne
Tunbridge Wells,o2_gb,,unknown,O2 Shop Tunbridge Wells
Broadstairs,o2_gb,,unknown,O2 Shop Thanet - Westwood Cross
Ashford,o2_gb,,unknown,O2 Shop Ashford
Folkestone,o2_gb,,unknown,O2 Shop Folkestone
Maidstone,o2_gb,,unknown,O2 Shop Maidstone
Kent,pizza_express_gb,81 High Street Tunbridge Wells Kent TN1 1YG,unknown,Tunbridge Wells High Street
Ashford,pizza_express_gb,Unit 85-86 The Designer Outlet Centre Kimberly Way Ashford Kent TN24 0SD,unknown,Ashford Designer Outlet
Ashford,pizza_express_gb,14 North Street Ashford Kent TN24 8JR,unknown,Ashford North Street
Kent,pizza_express_gb,91 High Street Tonbridge Kent TN9 1DR,unknown,Tonbridge High Street
Sevenoaks,pizza_express_gb,146 High Street Sevenoaks Kent TN13 1XE,unknown,Sevenoaks High Street
Maidstone,pizza_express_gb,58 Earl Street Maidstone ME14 1PS,unknown,Maidstone Earl Street
Canterbury,pizza_express_gb,4 Best Lane Canterbury Kent CT1 2JB,unknown,Canterbury Best Lane
Kent,pizza_express_gb,3 High Street West Wickham Kent BR4 0LP,unknown,West Wickham High Street
Kent,pizza_express_gb,21-23 High Street Rochester Kent ME1 1LN,unknown,Rochester High Street
Bromley,pizza_express_gb,11 St Mark's Centre Bromley South Central BR2 9UY,unknown,Bromley St Marks Square
Bromley,pizza_express_gb,15 Widmore Road Bromley Kent BR1 1RL,unknown,Bromley Widmore Road
Kent,pizza_express_gb,6 Elm Parade Sidcup Kent DA14 6NF,unknown,Sidcup Elm Parade Shopping Centre
Greenhithe,pizza_express_gb,Units SVU09 The Plaza (upper) Bluewater Greenhithe Kent DA9 9SG ,unknown,The Plaza Bluewater Shopping Centre
Greenhithe,pizza_express_gb,The Village Bluewater Greenhithe Kent DA9 9SE,unknown,The Village Bluewater Shopping Centre
Bexleyheath,pizza_express_gb,163 Broadway Bexleyheath Kent DA6 7ES,unknown,Bexleyheath Broadway
Kent,pizza_hut_gb,,unknown,Pizza Hut Maidstone Woodville Rd
KENT,pizza_hut_gb,,unknown,Pizza Hut Rainham
Leysdown on Sea,premier_gb,,unknown,Premier Smiths Store
Tenterden,premier_gb,,unknown,Premier Shrubcote Stores
Rainham,premier_gb,,unknown,Premier Wakeley Road Mini Market
Chartham,premier_gb,,unknown,"Premier Shalmsford Street Post Office & Store,"
Sevenoaks,premier_gb,,unknown,Premier Hancocks
Greenhithe,premier_gb,,unknown,Premier Sans Mini Market
Dartford,premier_gb,,unknown,Premier Sutton At Hone Store
Cranbrook,premier_gb,,unknown,Premier Hawkhurst Local
Welling,premier_gb,,unknown,Premier Wickham Street
Ramsgate,premier_gb,,unknown,Premier Attwells
Crayford,premier_gb,,unknown,Premier Royal Mini Mart
Sidcup,premier_gb,,unknown,Premier Foots Cray
Margate,premier_gb,,unknown,Premier Star Lane Stores
Rochester,premier_gb,,unknown,Premier Village Mini Mart
Broadstairs,premier_gb,,unknown,Premier St Peters Stores
Gravesend,premier_gb,,unknown,Premier Westcourt Supermarket
Sittingbourne,premier_gb,,unknown,Premier General Convenience Store
Southborough,premier_gb,,unknown,Premier Osborn Convenience
Canterbury,premier_gb,,unknown,Premier Rough Common
New Romney,premier_gb,,unknown,Premier New Romney Store
Gillingham,premier_gb,,unknown,Premier Victory
Deal,premier_gb,,unknown,Premier Cornwall Stores
Orpington,premier_gb,,unknown,Premier St Mary's Mini Market
Dover,premier_gb,,unknown,Premier The Village Shop
Herne Bay,premier_gb,,unknown,Premier SKM Convenience Store
Cliffe Rochester,premier_gb,,unknown,Premier J S Mini Market
Maidstone,premier_gb,,unknown,Premier Lucky
Sheerness,premier_gb,,unknown,Premier Victoria's
Tunbridge Wells,premier_gb,,unknown,Premier Village Stores
Erith,premier_gb,,unknown,Premier West Street
Dymchurch,premier_gb,,unknown,Premier Dymchurch Village Store
Northfleet,premier_gb,,unknown,Premier Dover Road Stores
Faversham,premier_gb,,unknown,Premier Tamil's
Cliftonville,premier_gb,,unknown,Premier Clifton Superstore
Grayford,premier_gb,,unknown,Premier Classic News & Wine
Ashford,premier_gb,,unknown,Premier Orpin
Ayleshham,premier_gb,,unknown,Premier Aylesham Store
Folkstone,premier_gb,,unknown,Premier Alexander Wine
Chatham,premier_gb,,unknown,Premier Selection Store and Post Office
Stone,premier_gb,,unknown,Premier ABI Minimarket
Folkestone,premier_gb,,unknown,Premier Cheriton Local
Bexleyheath,premier_gb,,unknown,Premier Dheeran
Aylesford,premier_gb,,unknown,Premier Eccles Village Store
Whitstable,premier_gb,,unknown,Premier Seasalter Store
Birchington,premier_gb,,unknown,Premier Brooksend Service Station
Bexley,premier_gb,,unknown,Premier Albany Park
unknown,premier_gb,,unknown,Premier Chris's
Snodland,premier_gb,,unknown,Premier R & S Lucky Store
Swanley,premier_gb,,unknown,Premier Crockenhill
West Malling,premier_gb,,unknown,Premier Leybourne Convenience Store
Bromley,premier_gb,,unknown,Premier Salisbury Road
Sandwich,premier_gb,,unknown,Premier Richborough Service Station
Tonbridge,premier_gb,,unknown,Premier The Local Shop
High Halstow,premier_gb,,unknown,Premier Village Stores
Near Faversham,premier_gb,,unknown,Premier The Village Store
Darford,premier_gb,,unknown,Premier Zenith Supermarket
Westgate,premier_gb,,unknown,Premier Westgate Supermarket
Strood,premier_gb,,unknown,Premier Wainscott Store
Eastry,premier_gb,,unknown,Premier The Village Shop
Westerham,premier_gb,,unknown,Premier S M Lucky
Hartley,premier_gb,,unknown,Premier Fairby Stores
Swanlea,premier_gb,,unknown,Premier Azalea Drive
Kent,rowlands_pharmacy_gb,,unknown,Rowlands Pharmacy Broadstairs
Erith,sainsburys,,unknown,Erith The Quarry
Maidstone,sainsburys,,unknown,Maidstone Tonbridge Road Local
Sevenoaks,screwfix_gb,,unknown,Screwfix Sevenoaks
Whitstable,screwfix_gb,,unknown,Screwfix Whitstable
Welling,screwfix_gb,,unknown,Screwfix Welling
Tunbridge Wells,screwfix_gb,,unknown,Screwfix Tunbridge Wells
Tonbridge,screwfix_gb,,unknown,Screwfix Tonbridge
Swanley,screwfix_gb,,unknown,Screwfix Swanley
Sittingbourne,screwfix_gb,,unknown,Screwfix Sittingbourne
Sidcup,screwfix_gb,,unknown,Screwfix Sidcup
Rochester,screwfix_gb,,unknown,Screwfix Rochester
Orpington,screwfix_gb,,unknown,Screwfix Orpington
Maidstone,screwfix_gb,,unknown,Screwfix Maidstone - Lockmeadow
Kenley,screwfix_gb,,unknown,Screwfix Kenley
Herne Bay,screwfix_gb,,unknown,Screwfix Herne Bay
Greenhithe,screwfix_gb,,unknown,Screwfix Greenhithe
Gravesend,screwfix_gb,,unknown,Screwfix Gravesend - Coldharbour Road
Gillingham,screwfix_gb,,unknown,Screwfix Gillingham - Kent
Folkestone,screwfix_gb,,unknown,Screwfix Folkestone
Faversham,screwfix_gb,,unknown,Screwfix Faversham
Belvedere,screwfix_gb,,unknown,Screwfix Erith - Belvedere
Dover,screwfix_gb,,unknown,Screwfix Dover
Dartford,screwfix_gb,,unknown,Screwfix Dartford - Acorn Ind Est
Canterbury,screwfix_gb,,unknown,Screwfix Canterbury
Bromley,screwfix_gb,,unknown,Screwfix Bromley
Broadstairs,screwfix_gb,,unknown,Screwfix Broadstairs
Biggin Hill,screwfix_gb,,unknown,Screwfix Biggin Hill
Beckenham,screwfix_gb,,unknown,Screwfix Beckenham
Aylesford,screwfix_gb,,unknown,Screwfix Aylesford
Ashford,screwfix_gb,,unknown,Screwfix Ashford - Chart Road
WHITSTABLE,shell,,unknown,MFG WHITSTABLE
AYLESFORD,shell,,unknown,SHELL BLUEBELL HILL
Maidstone,shell,,unknown,SHELL HIGHLAND
LORDSWOOD CHATHAM,shell,,unknown,SHERLODGE SERVICE STATION
Snodland,shell,,unknown,SHELL HAM HILL
ROCHESTER,shell,,unknown,SHELL MEDWAY CITY ESTATE
MEDWAY,shell,,unknown,SHELL LONSDALE
Gillingham,shell,,unknown,MFG GILLINGHAM
MAIDSTONE,shell,,unknown,SHELL TAMARISK
CHATHAM,shell,,unknown,SHELL MEDWAY
STROOD,shell,,unknown,PARK STROOD SERVICE STATION
SEVENOAKS,shell,,unknown,SHELL LITTLE WAITROSE TUBS HILL
"EAST PECKHAM, TONBRIDGE",shell,,unknown,SHELL EAST PECKHAM
Gravesend,shell,,unknown,SHELL NORTHFLEET
GRAVESEND,shell,,unknown,TOLLGATE SERVICE STATION
SITTINGBOURNE,shell,,unknown,SHELL SITTINGBOURNE
LONGFIELD,shell,,unknown,LONGFIELD FILLING STATION
MINSTER ON SEA,shell,,unknown,SHELL QUEENBOROUGH
Tonbridge,shell,,unknown,SHELL LITTLE WAITROSE JOHN ABBOTT
Sevenoaks,shell,,unknown,EV WAITROSE SEVENOAKS
DARTFORD,shell,,unknown,SHELL BURNHAM ROAD
Dartford,shell,,unknown,SHELL HAWLEY
Tunbridge Wells,shell,,unknown,SHELL LITTLE WAITROSE ST JOHNS
FAVERSHAM,shell,,unknown,SHELL LYCHGATE
ERITH,shell,,unknown,SHELL ERITH
KESTON,shell,,unknown,RAVENSBOURNE SERVICE STATION
ORPINGTON,shell,,unknown,SHELL LITTLE WAITROSE PETTS WOOD
BROMLEY,shell,,unknown,SHELL HILLBROW
HAYES,shell,,unknown,PARK HAYES
SIDCUP,shell,,unknown,SHELL LITTLE WAITROSE BLENDON
Welling,shell,,unknown,SHELL BUDGENS BELLEGROVE
Deal,shell,,unknown,EV ALDI DEAL
SANDWICH,shell,,unknown,EG DISCOVERY PARK SERVICES
DOVER,shell,,unknown,SHELL BUDGENS DOVER
Ramsgate,shell,,unknown,SHELL ROYAL OAK
"WINGHAM, CANTERBURY",shell,,unknown,CASINO FILLING STATION
BIRCHINGTON,shell,,unknown,MFG BIRCHINGTON
MARGATE,shell,,unknown,MFG MARGATE
FOLKESTONE,shell,,unknown,MFG FOLKESTONE
SALTWOOD,shell,,unknown,SHELL CHANNEL GATEWAY
ROMNEY MARSH,shell,,unknown,SHELL ROMNEY MARSH
unknown,shoezone_gb,,unknown,Shoe Zone
Sidcup,sig_roofing_gb,10 Marechal Niel Parade,unknown,SIG Roofing Sidcup
Gravesend,sig_roofing_gb,Norfolk Road Industrial Estate,unknown,SIG Roofing Gravesend
Tunbridge Wells,sig_roofing_gb,High Brooms Industrial Estate,unknown,SIG Roofing Tunbridge Wells
Folkestone,sig_roofing_gb,Unit B5,unknown,SIG Roofing Folkestone
Ramsgate,sig_roofing_gb,Park Road,unknown,SIG Roofing Ramsgate
Tenterden,specsavers,,unknown,Tenterden
Folkestone,specsavers,,unknown,Park Farm Sainsbury's
Tunbridge Wells,specsavers,,unknown,Tunbridge Wells
Dover,specsavers,,unknown,Dover
Ashford,specsavers,,unknown,Bybrook Sainsbury's
Tonbridge,specsavers,,unknown,Tonbridge
Deal,specsavers,,unknown,Deal
Sevenoaks,specsavers,,unknown,Sevenoaks
Maidstone,specsavers,,unknown,Maidstone
Canterbury,specsavers,,unknown,Canterbury
Aylesford,specsavers,,unknown,Larkfield Sainsbury's
Hempstead,specsavers,,unknown,Hempstead Valley
Sittingbourne,specsavers,,unknown,Sittingbourne
Ramsgate,specsavers,,unknown,Ramsgate
Whitstable,specsavers,,unknown,Whitstable
Broad Stairs,specsavers,,unknown,Westwood Cross Sainsbury's
Herne Bay,specsavers,,unknown,Herne Bay Sainsbury's
Orpington,specsavers,,unknown,Orpington
Rochester,specsavers,,unknown,Strood
Gravesend,specsavers,,unknown,Gravesend
Sheerness,specsavers,,unknown,Sheerness
Dartford,specsavers,,unknown,Crayford Sainsbury's
Gravesend,stonehouse_gb,,unknown,The Copperfield Gravesend
Canterbury,stonehouse_gb,,unknown,The Punch Tavern Sturry
Sevenoaks,the_cooperative_group,,unknown,"The Co-operative Food, Borough Green"
Rochester,the_cooperative_group,,unknown,"Co-op Funeralcare, Strood"
Dover,the_cooperative_group,,unknown,"Co-op Funeralcare, Dover"
Eddington,the_cooperative_group,,unknown,"The Co-operative Food, Eddington - Thanet Way"
London,the_cooperative_group,,unknown,"The Co-operative Food, Kennington - Walworth Road"
Canterbury,the_cooperative_group,,unknown,"Co-op Funeralcare, Canterbury"
Snodland,the_cooperative_group,,unknown,"The Co-operative Food, Snodland - Holborough Road"
Swanscombe,the_cooperative_group,,unknown,"The Co-operative Food, Swanscombe"
Gravesend,the_cooperative_group,,unknown,"Co-op Funeralcare, Gravesend"
Sheerness,the_cooperative_group,,unknown,"Co-op Funeralcare, Sheerness"
Maidstone,the_cooperative_group,,unknown,Maidstone Funeralcare
Dartford,the_cooperative_group,,unknown,Dartford Funeralcare
Ashford,the_cooperative_group,,unknown,"Co-op Funeralcare, Ashford"
Whitstable,the_cooperative_group,,unknown,Whitstable Funeralcare
Westgate-On-Sea,the_cooperative_group,,unknown,"The Co-operative Food, Westgate-On-Sea"
Westerham,the_cooperative_group,,unknown,"The Co-operative Food, Westerham"
Chatham,the_cooperative_group,,unknown,"Co-op Funeralcare, Chatham"
Sittingbourne,the_cooperative_group,,unknown,Sittingbourne Funeralcare
Gillingham,the_cooperative_group,,unknown,"The Co-operative Food, Canterbury Street"
Tonbridge,the_cooperative_group,,unknown,"Co-op Funeralcare, Tonbridge"
Broadstairs,the_cooperative_group,,unknown,"The Co-operative Food, Broadstairs"
Tunbridge Wells,the_cooperative_group,,unknown,"Co-op Funeralcare, Tunbridge Wells"
Herne Bay,the_cooperative_group,,unknown,"Co-op Funeralcare, Herne Bay"
Sandwich,the_cooperative_group,,unknown,"The Co-operative Food, Sandwich"
Ramsgate,the_cooperative_group,,unknown,"Co-op Funeralcare, Ramsgate"
Queenborough,the_cooperative_group,,unknown,"The Co-operative Food, Queenborough"
Longfield,the_cooperative_group,,unknown,"The Co-operative Food, Hartley - Cherry Trees"
Deal,the_cooperative_group,,unknown,"Co-op Funeralcare, Deal"
Greenhithe,the_cooperative_group,,unknown,"The Co-operative Food, Greenhithe"
Folkestone,the_cooperative_group,,unknown,Chittenden Funeralcare
Faversham,the_cooperative_group,,unknown,Faversham Funeralcare
Cranbrook,the_cooperative_group,,unknown,"The Co-operative Food, Cranbrook"
Margate,the_cooperative_group,,unknown,"Co-op Funeralcare, Margate"
Birchington,the_cooperative_group,,unknown,Birchington Funeralcare
Swanley,the_cooperative_group,,unknown,"Co-op Funeralcare, Swanley"
Rainham,the_cooperative_group,,unknown,"Co-op Funeralcare, Rainham"
Coxheath,the_cooperative_group,,unknown,Coxheath Funeralcare
Hythe,the_cooperative_group,,unknown,Chittenden Funeralcare
New Romney,the_cooperative_group,,unknown,New Romney Funeralcare
"Bluewater, Greenhithe",the_north_face_eu,,unknown,The North Face Store Bluewater
Ashford,the_range,,unknown,The Range: Ashford
Tunbridge Wells,the_range,,unknown,The Range: Tunbridge Wells
Maidstone,the_range,,unknown,The Range: Maidstone
Folkestone,the_range,,unknown,The Range: Folkestone
Chatham,the_range,,unknown,The Range: Chatham
Canterbury,the_range,,unknown,The Range: Canterbury
Broadstairs,the_range,,unknown,The Range: Broadstairs
Tenterden,timpson_gb,,unknown,"Tenterden, Tesco"
Swanley,timpson_gb,,unknown,"Swanley, Asda"
Strood,timpson_gb,,unknown,"Strood, Morrisons, Dry Cleaning"
Sidcup,timpson_gb,,unknown,"Sidcup, Tesco"
Tunbridge Wells,timpson_gb,,unknown,"Sainsbury's, Tunbridge Wells"
Croydon,timpson_gb,,unknown,"Purley Way, Sainsbury's"
"Northfleet, Gravesend",timpson_gb,,unknown,"Gravesend, Morrisons"
Beckenham,timpson_gb,,unknown,"Elmers End, Tesco"
Deal,timpson_gb,,unknown,"Deal, High Street"
Canterbury,timpson_gb,,unknown,"Canterbury, Morrisons"
Broadstairs,timpson_gb,,unknown,"Broadstairs, Tesco Extra"
Ashford,timpson_gb,,unknown,"Ashford Park Farm, Tesco"
Maidstone,toby_carvery_gb,,unknown,Toby Carvery Maidstone
Gravesend,toby_carvery_gb,,unknown,Toby Carvery Gravesend Kent
Sevenoaks,toby_carvery_gb,,unknown,Toby Carvery Badgers Mount Sevenoaks
Margate,toby_carvery_gb,,unknown,Toby Carvery Thanet Ramsgate
Greenhithe Kent,vans,,unknown,VANS Store Bluewater
unknown,vets4pets_gb,,unknown,Vets4Pets Chatham
Canterbury,vets4pets_gb,,unknown,Canterbury Sturry Rd Vets4Pets
Dover,vets4pets_gb,,unknown,Dover Whitfield Vets4Pets
Gravesend,vets4pets_gb,,unknown,Gravesend Vets4Pets
Sevenoaks,vets4pets_gb,,unknown,Sevenoaks Vets4Pets
Whitstable,vets4pets_gb,,unknown,Whitstable Vets4Pets
Sittingbourne,vets4pets_gb,,unknown,Sittingbourne Vets4Pets
BEXHILL-ON-SEA,visa,,unknown,unknown
DYMCHURCH,visa,,unknown,unknown
HAWKHURST,visa,,unknown,unknown
TENTERDEN,visa,,unknown,unknown
FOLKESTONE,visa,,unknown,unknown
CRANBROOK,visa,,unknown,unknown
NR. FOLKESTONE,visa,,unknown,unknown
"KINGSNORTH, ASHFORD",visa,,unknown,unknown
ASHFORD,visa,,unknown,unknown
DOVER,visa,,unknown,unknown
TUNBRIDGE WELLS,visa,,unknown,unknown
TUNBRIDGE WELL,visa,,unknown,unknown
"PADDOCK WOOD, TONBRIDGE",visa,,unknown,unknown
PADDOCK WOOD,visa,,unknown,unknown
DEAL,visa,,unknown,unknown
COXHEATH,visa,,unknown,unknown
CANTERBURY,visa,,unknown,unknown
MAIDSTONE,visa,,unknown,unknown
SEVENOAKS,visa,,unknown,unknown
BEARSTED,visa,,unknown,unknown
WEST MALLING,visa,,unknown,unknown
AYLESFORD,visa,,unknown,unknown
LARKFIELD,visa,,unknown,unknown
"LARKFIELD, AYLESFORD",visa,,unknown,unknown
OTFORD NR SEVENOAKS,visa,,unknown,unknown
FAVERSHAM,visa,,unknown,unknown
SNODLAND,visa,,unknown,unknown
WALDERSLADE,visa,,unknown,unknown
SITTINGBOURNE,visa,,unknown,unknown
GRAVESEND,visa,,unknown,unknown
RAMSGATE,visa,,unknown,unknown
CHATHAM,visa,,unknown,unknown
WHITSTABLE,visa,,unknown,unknown
ROCHESTER,visa,,unknown,unknown
GILLINGHAM,visa,,unknown,unknown
RAINHAM,visa,,unknown,unknown
"RAINHAM, GILLINGHAM",visa,,unknown,unknown
HERNE BAY,visa,,unknown,unknown
BROADSTAIRS,visa,,unknown,unknown
"WESTWOOD, BROADSTAIRS",visa,,unknown,unknown
ORPINGTON,visa,,unknown,unknown
WEST WICKHAM,visa,,unknown,unknown
MEOPHAM,visa,,unknown,unknown
SWANLEY,visa,,unknown,unknown
STROOD,visa,,unknown,unknown
MARGATE,visa,,unknown,unknown
"CLIFTON, MARGATE",visa,,unknown,unknown
LEYSDOWN ON SEA,visa,,unknown,unknown
SHEERNESS,visa,,unknown,unknown
BROMLEY,visa,,unknown,unknown
BIGGIN HILL,visa,,unknown,unknown
DARTFORD,visa,,unknown,unknown
SIDCUP,visa,,unknown,unknown
LONDON,visa,,unknown,unknown
GRAVESENDS,visa,,unknown,unknown
BLUEWATER PARK,visa,,unknown,unknown
BECKENHAM,visa,,unknown,unknown
GREENHITHE,visa,,unknown,unknown
BEXLEYHEATH,visa,,unknown,unknown
WELLING,visa,,unknown,unknown
BEXLEY HEATH,visa,,unknown,unknown
ERITH,visa,,unknown,unknown
NORTHUMBERLAND HEATH,visa,,unknown,unknown
BELVEDERE,visa,,unknown,unknown
EDENBRIDGE,visa,,unknown,unknown
unknown,voyagecare,351 Maidstone Road,unknown,Maidstone Road
unknown,voyagecare,579 Maidstone Road,unknown,Maidstone Road
unknown,voyagecare,17 Cambridge Road,unknown,Anro
unknown,voyagecare,12 Channel Lea,unknown,Channel Lea
Rochester,voyagecare,4 Mill Road,unknown,Millstream House
Gillingham,voyagecare,Ridgeway,unknown,Ridgeway
Folkestone,voyagecare,23 Old Dover Road,unknown,Seaview
unknown,voyagecare,74 Sir Evelyn Road,unknown,Sir Evelyn Road
Tonbridge,voyagecare,128-130 Hadlow Road,unknown,The Hadlows
Dover,voyagecare,Twyford House,unknown,Twyford House
Ashwood,voyagecare,Unit 5,unknown,Kent and Medway Domiciliary Care
Deal,voyagecare,Westbury,unknown,Westbury
Welling,well_gb,,unknown,Well Pharmacy
Swanley,well_gb,,unknown,Well Pharmacy
Sittingbourne,well_gb,,unknown,Well Pharmacy
New Romney,well_gb,,unknown,Well Pharmacy
Lydd,well_gb,,unknown,Well Pharmacy
Chatham,well_gb,,unknown,Well Pharmacy
Bexleyheath,well_gb,,unknown,Well Pharmacy
Ashford,well_gb,,unknown,Well Pharmacy
Queenborough,well_gb,,unknown,Well Pharmacy
Bluewater,western_union,,unknown,EUROCHANGE BLUEWATER
Sydenham,western_union,,unknown,H AND T PAWNBROKERS SYDENHAM
Erith,western_union,,unknown,ERITH POST OFFICE
Bromley,western_union,,unknown,CHATTERTON ROAD POST OFFICE
Bexleyheath,western_union,,unknown,BROADWAY POST OFFICE
Welling,western_union,,unknown,WELLING POST OFFICE
Beckenham,western_union,,unknown,BECKENHAM POST OFFICE
Belvedere,western_union,,unknown,NUXLEY ROAD POST OFFICE
West Wickham,western_union,,unknown,WEST WICKHAM POST OFFICE
Chislehurst,western_union,,unknown,LOWER CAMDEN POST OFFICE
Dartford,western_union,,unknown,HAYS TRAVEL BLUEWATER
Sidcup,western_union,,unknown,BLACKFEN POST OFFICE
Orpington,western_union,,unknown,ROBERT DYAS ORPINGTON
Greenhithe,western_union,,unknown,HORNS CROSS POST OFFICE
Swanley,western_union,,unknown,SWANLEY POST OFFICE
Gravesend,western_union,,unknown,CULVERSTONE POST OFFICE
Swanscombe,western_union,,unknown,SWANSCOMBE POST OFFICE
Sevenoaks,western_union,,unknown,SEVENOAKS POST OFFICE
Longfield,western_union,,unknown,HARTLEY POST OFFICE
Rochester,western_union,,unknown,HOO POST OFFICE
Gillingham,western_union,,unknown,HEMPSTEAD POST OFFICE
Chatham,western_union,,unknown,RAMSDENS CHATHAM
Blighs Walk,western_union,,unknown,ROBERT DYAS SEVENOAKS
Sheerness,western_union,,unknown,EAST MINSTER POST OFFICE
Snodland,western_union,,unknown,SNODLAND POST OFFICE
Queenborough,western_union,,unknown,QUEENBOROUGH POST OFFICE
Sittingbourne,western_union,,unknown,SITTINGBOURNE POST OFFICE
Aylesford,western_union,,unknown,SAINSBURYS  LARKFIELD
Maidstone,western_union,,unknown,MANGRAVET POST OFFICE
Tonbridge,western_union,,unknown,EAST PECKHAM POST OFFICE
West Malling,western_union,,unknown,WEST MALLING POST OFFICE
Faversham,western_union,,unknown,FAVERSHAM POST OFFICE
Herne Bay,western_union,,unknown,SAINSBURYS  HERNE BAY
Whitstable,western_union,,unknown,SWALECLIFFE POST OFFICE
Tunbridge Wells,western_union,,unknown,RYMAN TUNBRIDGE WELLS
Paddock Wood,western_union,,unknown,PADDOCK WOOD POST OFFICE
Ramsgate,western_union,,unknown,ST LAWRENCE POST OFFICE
Royal Tunbridge Wells,western_union,,unknown,EUROCHANGE ROYAL TUNBRIDGE WELLS
Ashford,western_union,,unknown,STUBBS CROSS POST OFFICE
Canterbury,western_union,,unknown,EUROCHANGE CANTERBURY
Cranbrook,western_union,,unknown,SANDHURST POST OFFICE
Birchington,western_union,,unknown,BIRCHINGTON POST OFFICE
Margate,western_union,,unknown,HOLLY LANE POST OFFICE
Westgate On Sea,western_union,,unknown,WESTGATE ON SEA POST OFFICE
Sandwich,western_union,,unknown,SANDWICH POST OFFICE
Deal,western_union,,unknown,DEAL POST OFFICE
Folkestone,western_union,,unknown,DOVER ROAD POST OFFICE
Hythe,western_union,,unknown,HYTHE POST OFFICE
Dover,western_union,,unknown,BUCKLAND POST OFFICE
New Romney,western_union,,unknown,NEW ROMNEY POST OFFICE
Romney Marsh,western_union,,unknown,DYMCHURCH POST OFFICE
Tenterden,western_union,,unknown,TENTERDEN POST OFFICE
Bexleyheath,whsmith,,unknown,"WHSmith, The Broadway, Bexleyheath"
Dartford,whsmith,,unknown,"WHSmith, Dartford Railway Station"
Beckenham,whsmith,,unknown,"WHSmith, High Street, Beckenham"
Bromley,whsmith,,unknown,"WHSmith, High Street, Bromley"
Bluewater,whsmith,,unknown,"WHSmith, Lower Thames Walk, Bluewater"
West Wickham,whsmith,,unknown,"WHSmith, High Street, West Wickham"
Orpington,whsmith,,unknown,"WHSmith, High Street, Orpington"
Gillingham,whsmith,,unknown,"WHSmith, Hempstead Valley Shop Centre, Gillingham"
Sevenoaks,whsmith,,unknown,"WHSmith, High Street, Sevenoaks"
Sittingbourne,whsmith,,unknown,"WHSmith, High Street, Sittingbourne"
Maidstone,whsmith,,unknown,"WHSmith, Week Street, Maidstone"
Tonbridge,whsmith,,unknown,"WHSmith, 61 - 63 High Street, Tonbridge"
Margate,whsmith,,unknown,"WHSmith, Queen Elizabeth The Queen Mother Hospital, Margate"
Broadstairs,whsmith,,unknown,"WHSmith, Westwood Cross Shopping Centre, Broadstairs"
Tunbridge Wells,whsmith,,unknown,"WHSmith, Mount Pleasant Road, Tunbridge Wells"
Canterbury,whsmith,,unknown,"WHSmith, St George Street, Canterbury"
Ramsgate,whsmith,,unknown,"WHSmith, High Street, Ramsgate"
Ashford,whsmith,,unknown,"WHSmith, High Street, Ashford"
Deal,whsmith,,unknown,"WHSmith, High Street, Deal"
Tenterden,whsmith,,unknown,"WHSmith, High Street, Tenterden"
Folkestone,whsmith,,unknown,"WHSmith, Sandgate Road, Folkestone"
Dover,whsmith,,unknown,"WHSmith, Biggin Street, Dover"
Hythe,whsmith,,unknown,"WHSmith, High Street, Hythe"
Whitstable,wolseley_gb,,unknown,Whitstable
West Wickham,wolseley_gb,,unknown,West Wickham
Tonbridge,wolseley_gb,,unknown,Tonbridge
Sittingbourne,wolseley_gb,,unknown,Sittingbourne
Orpington,wolseley_gb,,unknown,Orpington
Gravesend,wolseley_gb,,unknown,Northfleet
Gillingham,wolseley_gb,,unknown,Gillingham
Crayford,wolseley_gb,,unknown,Crayford
Ashford,wolseley_gb,,unknown,Ashford
Royal Tunbridge Wells,wrenkitchens_gb,,unknown,Tunbridge Wells showroom
Aylesford,wrenkitchens_gb,,unknown,Maidstone showroom
Thanet,wrenkitchens_gb,,unknown,Broadstairs showroom
Orpington,wrenkitchens_gb,,unknown,Orpington showroom
