City,Place Name,Zipcode,Name
Hoppers Crossing,adriatic_furniture_au,194 Old Geelong Road,unknown,Hoppers Crossing
Moorabbin,adriatic_furniture_au,970 Nepean Hwy,unknown,Moorabbin
Maribyrnong,adriatic_furniture_au,179 Rosamond Road,unknown,Maribyrnong
Coburg,adriatic_furniture_au,130 Sussex Street,unknown,Coburg Clearance Centre &#8211; Temporarily Closed
Preston,adriatic_furniture_au,78/82 Chifley Drive,unknown,Preston
Nunawading,adriatic_furniture_au,280 Whitehorse Road,unknown,Nunawading
Thomastown,adriatic_furniture_au,308 Settlement Road,unknown,Thomastown
Cobram,agnvet_au,6 Dillon Street Cobram VIC 3644 Australia,unknown,Cobram
Rochester,agnvet_au,89 Lowry Street Rochester VIC 3561 Australia,unknown,Rochester
Shepparton,agnvet_au,116 New Dookie Road Shepparton VIC Australia,unknown,Shepparton
Rutherglen,agnvet_au,Murray Valley Hwy & Gooramadda Rd Rutherglen VIC 3685,unknown,Rutherglen
Rochester,agnvet_au,2-4 Malloy Street Rochester VIC 3561 Australia,unknown,Rochester
Rochester,agnvet_au,Campaspe Irrigation - Rochester 81 Lowry Street Rochester VIC 3561 Australia,unknown,Rochester
Boort,agnvet_au,137 Boort-Charlton Road Boort VIC 3537 Australia,unknown,Boort
Bridgewater on Loddon,agnvet_au,Cemetery Road Bridgewater on Loddon VIC 3516 Australia,unknown,Bridgewater
Colbinabbin,agnvet_au,35 Station Street Colbinabbin VIC 3559 Australia,unknown,Colbinabbin
Dingee,agnvet_au,2 Evans Street Dingee VIC 3571 Australia,unknown,Dingee
Rochester,agnvet_au,68 Francis Street Rochester VIC 3561 Australia,unknown,Rochester
Rokewood,agnvet_au,49 Ferrars Street Rokewood VIC 3330 Australia,unknown,Rokewood
Yarrawonga,agnvet_au,97 Benalla-Yarrawonga Road Yarrawonga VIC 3730 Australia,unknown,Yarrawonga
Penshurst,agnvet_au,76 Bell Street Penshurst VIC Australia,unknown,Penshurst
Dunkeld,agnvet_au,101 Parker Street Dunkeld VIC Australia,unknown,Dunkeld
Cobram,ag_warehouse_au,,unknown,Cobram
Cohuna,ag_warehouse_au,,unknown,Cohuna
Colac,ag_warehouse_au,,unknown,Colac
Corryong,ag_warehouse_au,,unknown,Corryong
Dumbalk,ag_warehouse_au,,unknown,Dumbalk
Eskdale,ag_warehouse_au,,unknown,Eskdale
Foster,ag_warehouse_au,,unknown,Foster
Heywood,ag_warehouse_au,,unknown,Heywood
Kiewa,ag_warehouse_au,,unknown,Kiewa
Koroit,ag_warehouse_au,,unknown,Koroit
Kirkstall,ag_warehouse_au,,unknown,Koroit Fertiliser Depot
Korumburra,ag_warehouse_au,,unknown,South Gippsland Fertiliser Depot
Leongatha,ag_warehouse_au,,unknown,Leongatha
Maffra,ag_warehouse_au,,unknown,Maffra Fertiliser Depot
Katunga,ag_warehouse_au,,unknown,North Central Fertiliser Depot
Tangambalanga,ag_warehouse_au,,unknown,North East Fertiliser Depot
Numurkah,ag_warehouse_au,,unknown,Numurkah
Orbost,ag_warehouse_au,,unknown,Orbost
Rochester,ag_warehouse_au,,unknown,Rochester
Simpson,ag_warehouse_au,,unknown,Simpson
Swan Hill,ag_warehouse_au,,unknown,Swan Hill
Timboon,ag_warehouse_au,,unknown,Timboon Fertiliser Depot
Wangaratta,ag_warehouse_au,,unknown,Wangaratta
Warragul,ag_warehouse_au,,unknown,Warragul
Wonthaggi,ag_warehouse_au,,unknown,Wonthaggi
Yarram,ag_warehouse_au,,unknown,Yarram Fertiliser Depot
unknown,aldi_sud_au,,unknown,ALDI Abbotsford
Wantirna South ,ally_fashion_au,,unknown,Knox City
Wendouree,angus_and_coote_au,SH T37 Stockland Wendouree Cnr Norman & Gillies Sts Wendouree VIC 3355,unknown,Ballarat
Bendigo,angus_and_coote_au,SH 22/22a Bendigo Market Place 116-120 Mitchell St Bendigo VIC 3550,unknown,Bendigo
Chirnside Park,angus_and_coote_au,SH 510 Level 1 Chirnside S/C 239-241 Maroondah Hwy Chirnside Park VIC 3116,unknown,Chirnside Park
Craigieburn,angus_and_coote_au,SH B00-22 Craigieburn Central S/C Craigieburn Rd Craigieburn VIC 3064,unknown,Craigieburn
unknown,angus_and_coote_au,SH 20 Cranbourne Park 125 High Street Cranbourne VIC 3977,unknown,Cranbourne
Dandenong,angus_and_coote_au,SH 375 Dandenong Plaza Cnr Waker & McCrae Sts Dandenong VIC 3175,unknown,Dandenong
Doncaster,angus_and_coote_au,SH G022A Westfield Doncaster Cnr Williamsons & Doncaster Road Doncaster VIC 3108,unknown,Doncaster
Melbourne,angus_and_coote_au,SH 335 Emporium Melbourne 287 Lonsdale Street Melbourne VIC 3000,unknown,Emporium
Narre Warren,angus_and_coote_au,SH 1016 Westfield F/Gate 25-55 Overland Dr Narre Warren VIC 3805,unknown,Fountain Gate
Frankston,angus_and_coote_au,Sh 164 Bayside North S/C Cnr Beach St & Evelyn Street Frankston VIC 3199,unknown,Frankston
Greensborough,angus_and_coote_au,SH 243 Lvl 2 Greensborough Centre Main St Greensborough VIC 3088,unknown,Greensborough
Wantirna,angus_and_coote_au,SH 1027 Knox City S/C Cnr Stud Rd & Burwood Hwy Wantirna VIC 3152,unknown,Knox City
Melton,angus_and_coote_au,Shop T40/533-555 High Street Melton VIC 3337,unknown,Melton
unknown,angus_and_coote_au,SH F017A Northland SC 2-50 Murray St Preston VIC 3072,unknown,Northland
Mill Park,angus_and_coote_au,SH 87 Westfield Plenty Valley Cnr McDonalds Rd & Civic Dr Mill Park VIC 3082,unknown,Plenty Valley
Cheltenham,angus_and_coote_au,SH 2096 Westfield Southland S/C 1239 Nepean Hwy Cheltenham VIC 3192,unknown,Southland
unknown,angus_and_coote_au,SH SP036 Sunshine Marketplace 80 Harvester Rd Sunshine VIC 3020,unknown,Sunshine
Traralgon,angus_and_coote_au,Shop 25 Traralgon Centre Plaza 166-188 Franklin Street Traralgon VIC 3844,unknown,Traralgon
Taylors Lakes,angus_and_coote_au,SH 76/77 Watergardens Town Centre 399 Melton Hwy Taylors Lakes VIC 3038,unknown,Watergardens
Werribee,angus_and_coote_au,SH T143 Pacific Werribee S/C Cnr Derrimut & Heath Rds Werribee VIC 3030,unknown,Werribee
Cheltenham,apple,,unknown,Apple Southland
Maribyrnong,apple,,unknown,Apple Highpoint
Fountain Gate,apple,,unknown,Apple Fountain Gate
Doncaster,apple,,unknown,Apple Doncaster
Chadstone,apple,,unknown,Apple Chadstone
West Melbourne,audi,577 King Street West Melbourne 3003,unknown,Audi Centre Melbourne Service
Geelong,audi,12 Little Fyans Street Geelong 3220,unknown,Audi Centre Geelong Service
Doncaster,audi,806-808 Doncaster Road Doncaster 3108,unknown,Audi Centre Doncaster
Melbourne,audi,501 Swanston Street Melbourne 3000,unknown,Audi Centre Melbourne
Richmond,audi,408-410 Swan Street Richmond 3121,unknown,Audi Richmond
Burwood,audi,130 Burwood Highway Burwood 3125,unknown,Audi Penfold Burwood
Malvern,audi,1852 Malvern Road Malvern 3145,unknown,Audi Penfold Malvern Service
Mulgrave,audi,809 Springvale Road Mulgrave 3170,unknown,Audi Waverley
Bentleigh,audi,869 Nepean Highway Bentleigh 3204,unknown,Audi Centre Brighton
Geelong,audi,307-311 Latrobe Terrace Geelong 3220,unknown,Audi Centre Geelong
Ballarat,audi,209 Gillies Street Ballarat 3350,unknown,Audi Centre Ballarat
Bendigo,audi,37 Midland Highway Bendigo 3551,unknown,Audi Bendigo
Shepparton,audi,325-329 Midland Highway Shepparton 3630,unknown,Audi Centre Shepparton
Berwick,audi,755 Princes Highway Berwick 3806,unknown,Audi Barry Bourke
Mornington,audi,117 Tyabb Road Mornington 3931,unknown,Audi Mornington
Blackburn,audi,88-90 Railway Road Blackburn 3130,unknown,Blackburn Motor Body Repairs
Westmeadows,audi,31-69 Western Avenue Westmeadows 3049,unknown,Zagame Autobody
Melbourne,aurecongroup,Aurecon Centre Level 8 850 Collins Street Docklands Melbourne VIC3008,unknown,unknown
White Hills,avis,,unknown,Avis Australia White Hills
Wendouree,avis,,unknown,Avis Australia Wendouree
Warrnambool,avis,,unknown,Avis Australia Warrnambool
Warragul,avis,,unknown,Avis Australia Warragul
Wangaratta,avis,,unknown,Avis Australia Wangaratta
Traralgon,avis,,unknown,Avis Australia Traralgon
Port Melbourne,avis,,unknown,Avis Australia Port Melbourne
Southbank,avis,,unknown,Avis Australia Southbank
South Yarra,avis,,unknown,Avis Australia South Yarra
Shepparton,avis,,unknown,Avis Australia Shepparton
Sale,avis,,unknown,Avis Australia Sale
Rosebud,avis,,unknown,Avis Australia Rosebud
Richmond,avis,,unknown,Avis Australia Richmond
Ravenhall,avis,,unknown,Avis Australia Ravenhall
Preston,avis,,unknown,Avis Australia Preston
Portland,avis,,unknown,Avis Australia Portland Airport
Mornington,avis,,unknown,Avis Australia Mornington
Mildura,avis,,unknown,Avis Australia Mildura Airport
Melton,avis,,unknown,Avis Australia Melton
Melbourne,avis,,unknown,Avis Australia Melbourne Airport
Frankston,avis,,unknown,Avis Australia Frankston
Maribyrnong,avis,,unknown,Avis Australia Maribyrnong
Kyneton,avis,,unknown,Avis Australia Kyneton
Horsham,avis,,unknown,Avis Australia Horsham
Hamilton,avis,,unknown,Avis Australia Hamilton
Essendon Field,avis,,unknown,Avis Australia Essendon Field Airport
East Bentleigh,avis,,unknown,Avis Australia East Bentleigh
Dandenong,avis,,unknown,Avis Australia Dandenong
Castlemaine,avis,,unknown,Avis Australia Castlemaine
Camberwell,avis,,unknown,Avis Australia Camberwell
Brooklyn,avis,,unknown,Avis Australia Brooklyn
Brighton,avis,,unknown,Avis Australia Brighton
Blackburn,avis,,unknown,Avis Australia Blackburn
Bendigo,avis,,unknown,Avis Australia Bendigo Airport
Belmont,avis,,unknown,Avis Australia Belmont
Bayswater North,avis,,unknown,Avis Australia Bayswater North
Bairnsdale,avis,,unknown,Avis Australia Bairnsdale
Avalon,avis,,unknown,Avis Australia Avalon Airport
Ardeer,avis,,unknown,Avis Australia Ardeer
Airport West,avis,,unknown,Avis Australia Airport West
Melbourne,bmw_group,,unknown,Zagame Automotive
Melbourne,botteg_aveneta,,unknown,Melbourne - David Jones
Chadstone,botteg_aveneta,,unknown,Melbourne - Chadstone
Melbourne,breadtop_au,Shop 135 Ground Floor Pacific Werribee SC Cnr Derrimut Road & Heaths Rd Hoppers Crossing VIC 3030,unknown,PACIFIC WERRIBEE
Moreland,brewdog,Pentridge Prison E Building T101/1 Champ St Coburg VIC 3058 Australia,unknown,Pentridge
Pakenham,brumbys_bakeries_au,Village Lakeside East SC Pakenham VIC Australia,unknown,Brumby's Pakenham
South Melbourne,carpet_court_au,,unknown,South Melbourne Carpet Court
Essendon North,carpet_court_au,,unknown,Essendon Carpet Court
Hoppers Crossing,carpet_court_au,,unknown,Hoppers Crossing Carpet Court
Moorabbin,carpet_court_au,,unknown,Moorabbin Carpet Court
Dandenong South,carpet_court_au,,unknown,Dandenong Carpet Court
Hughesdale,carpet_court_au,,unknown,Chadstone Carpet Court
Thomastown,carpet_court_au,,unknown,Metropolitan Carpet Court
Brighton,carpet_court_au,,unknown,Brighton Carpet Court
Bendigo,carpet_court_au,,unknown,Bendigo Tile and Carpet Court
Bright,carpet_court_au,,unknown,Alpine Carpet Court
Springvale,carpet_court_au,,unknown,Springvale Carpet Court
Warragul,carpet_court_au,,unknown,Space Carpet Court Warragul
Preston,carpet_court_au,,unknown,Preston Carpet Court
Abbotsford,carpet_court_au,,unknown,Abbotsford Carpet Court
Torquay,carpet_court_au,,unknown,Torquay Carpet Court
Craigieburn,carpet_court_au,,unknown,Craigieburn Carpet Court
Lilydale,carpet_court_au,,unknown,Lilydale Carpet Court
Eltham,carpet_court_au,,unknown,Eltham Carpet Court
Maribyrnong,carpet_court_au,,unknown,Maribyrnong Carpet Court
Sunbury,carpet_court_au,,unknown,Sunbury Carpet Court
Ringwood,carpet_court_au,,unknown,Ringwood Carpet Court
Wodonga,carpet_court_au,,unknown,Wodonga Carpet Court
Warrnambool,carpet_court_au,,unknown,Warrnambool Carpet Court
Traralgon,carpet_court_au,,unknown,Carpet Country Carpet Court (Traralgon)
Swan Hill,carpet_court_au,,unknown,Swan Hill Carpet Court
Sale,carpet_court_au,,unknown,Carpet Country Carpet Court (Sale)
Shepparton South,carpet_court_au,,unknown,Shepparton Carpet Court
Rosebud,carpet_court_au,,unknown,Roberts Carpet Court
Portland,carpet_court_au,,unknown,Portland Carpet Court
Cranbourne,carpet_court_au,,unknown,Cranbourne Carpet Court
Pakenham,carpet_court_au,,unknown,Pakenham Carpet Court
Nunawading,carpet_court_au,,unknown,Nunawading Carpet Court
Echuca,carpet_court_au,,unknown,Echuca Carpet Court
Melton,carpet_court_au,,unknown,Melton Carpet Court
Lakes Entrance,carpet_court_au,,unknown,Lakes Entrance Carpet Court
Kilsyth,carpet_court_au,,unknown,Kilsyth Carpet Court
Leongatha,carpet_court_au,,unknown,Leongatha Carpet Court
Knoxfield,carpet_court_au,,unknown,Knox Carpet Court
Kangaroo Flat,carpet_court_au,,unknown,Kangaroo Flat Carpet Court
Horsham,carpet_court_au,,unknown,Horsham Carpet Court
Hawthorn,carpet_court_au,,unknown,Halls Carpet Court (Hawthorn)
Hastings,carpet_court_au,,unknown,Hastings Carpet Court
Hamilton,carpet_court_au,,unknown,Hamilton Carpet Court
Grovedale,carpet_court_au,,unknown,Grovedale Carpet Court
North Geelong,carpet_court_au,,unknown,Geelong Carpet Court
Frankston,carpet_court_au,,unknown,Club Interiors Carpet Court
Drysdale,carpet_court_au,,unknown,Drysdale Carpet Court
Cowes,carpet_court_au,,unknown,Phillip Island Carpet Court
Colac,carpet_court_au,,unknown,Colac Carpet Court
Cobram,carpet_court_au,,unknown,Cobram Carpet Court
Benalla,carpet_court_au,,unknown,Benalla Carpet Court
Ballarat Central,carpet_court_au,,unknown,Ballarat Carpet Court
Box Hill South,decathlon_au,249 Middleborough Rd,unknown,Decathlon Box Hill
Moorabbin Airport,decathlon_au,405 Boundary Rd,unknown,Decathlon Moorabbin
Knoxfield,decathlon_au,1464 Ferntree Gully Rd,unknown,Decathlon Knoxfield
South Morang,decathlon_au,10/340 McDonalds Rd,unknown,Decathlon South Morang
Box Hill,dimmeys_au,,unknown,Box Hill
Coburg,dimmeys_au,,unknown,Coburg
Colac,dimmeys_au,,unknown,Colac
Cowes,dimmeys_au,,unknown,Cowes
Dandenong,dimmeys_au,,unknown,Dandenong
Gladstone Park,dimmeys_au,,unknown,Gladstone Park
Mildura,dimmeys_au,,unknown,Mildura
Rosebud,dimmeys_au,,unknown,Rosebud
Sale,dimmeys_au,,unknown,Sale
Shepparton,dimmeys_au,,unknown,Shepparton
Sunshine,dimmeys_au,,unknown,Sunshine
Werribee,dimmeys_au,,unknown,Werribee
Wonthaggi,dollar_curtains_and_blinds_au,21 Murray Street Wonthaggi 3995 VIC,unknown,dollar curtains + blinds Wonthaggi
Wodonga,dollar_curtains_and_blinds_au,80 High Street Wodonga 3690 VIC,unknown,dollar curtains + blinds Wodonga
Warragul,dollar_curtains_and_blinds_au,146 Queen Street Warragul 3820 VIC,unknown,dollar curtains + blinds Warragul
Sunbury,dollar_curtains_and_blinds_au,26 Brook Street Sunbury 3429 VIC,unknown,dollar curtains + blinds Sunbury
Shepparton,dollar_curtains_and_blinds_au,638–640 Wyndham Street Shepparton 3630 VIC,unknown,dollar curtains + blinds Shepparton
Pakenham,dollar_curtains_and_blinds_au,4 O'Brien Parade Pakenham 3810 VIC,unknown,dollar curtains + blinds Pakenham
Oakleigh,dollar_curtains_and_blinds_au,29 Atherton Road Oakleigh 3166 VIC,unknown,dollar curtains + blinds Oakleigh
Niddrie,dollar_curtains_and_blinds_au,517 Keilor Road Niddrie 3042 VIC,unknown,dollar curtains + blinds Niddrie
Moorabbin Airport,dollar_curtains_and_blinds_au,"Store 15 Kingston Central Plaza 
288 Centre Dandenong Road Moorabbin Airport 3194 VIC",unknown,dollar curtains + blinds Moorabbin
Mornington,dollar_curtains_and_blinds_au,"Shop C4 Peninsula Homemaker Centre 
1128–1132 Nepean Highway Mornington 3931 VIC",unknown,dollar curtains + blinds Mornington
Mildura,dollar_curtains_and_blinds_au,"Shop 12 Home Maker Centre 
642 Fifteenth Street Mildura 3501 VIC",unknown,dollar curtains + blinds Mildura
Melton,dollar_curtains_and_blinds_au,342 High Street Melton 3337 VIC,unknown,dollar curtains + blinds Melton
Hoppers Crossing,dollar_curtains_and_blinds_au,1/428 Old Geelong Rd Hoppers Crossing VIC 3029,unknown,dollar curtains + blinds Hoppers Crossing
East Geelong,dollar_curtains_and_blinds_au,6 Ormond Road East Geelong VIC 3219 Australia,unknown,dollar curtains + blinds Geelong
Ferntree Gully,dollar_curtains_and_blinds_au,7/854 Burwood Highway Mountain Gate Shopping Center Ferntree Gully 3156 VIC,unknown,dollar curtains + blinds Ferntree Gully
Epping,dollar_curtains_and_blinds_au,560 High Street Epping 3076 VIC,unknown,dollar curtains + blinds Epping
Echuca,dollar_curtains_and_blinds_au,286 Hare Street Echuca 3564 VIC,unknown,dollar curtains + blinds Echuca
East Doncaster,dollar_curtains_and_blinds_au,1002 Doncaster Road Doncaster East 3109 VIC,unknown,dollar curtains + blinds Doncaster
Colac,dollar_curtains_and_blinds_au,325 Murray Street Colac 3250 VIC,unknown,dollar curtains + blinds Colac
Cobram,dollar_curtains_and_blinds_au,15 Main Street Cobram 3644 VIC,unknown,dollar curtains + blinds Cobram
Bendigo,dollar_curtains_and_blinds_au,101–103 High Street Bendigo 3550 VIC,unknown,dollar curtains + blinds Bendigo
Wendouree,dollar_curtains_and_blinds_au,1325 Howitt Street Wendouree 3355 VIC.,unknown,dollar curtains + blinds Ballarat
Chirnside Park,dollar_curtains_and_blinds_au,2/286 Maroondah Highway Chirnside Park 3116 VIC,unknown,dollar curtains + blinds Chirnside Park
Ararat,dollar_curtains_and_blinds_au,163 Barkly Street Ararat 3377 VIC,unknown,dollar curtains + blinds Ararat
Wendouree,fantastic_furniture_au,333 Gillies Street North Wendouree Victoria 3355,unknown,Ballarat
Kangaroo Flat,fantastic_furniture_au,Bendigo Homemaker Centre 239-249 High Street Kangaroo Flat Victoria 3555,unknown,Bendigo
Ravenhall,fantastic_furniture_au,1093 Western Highway Ravenhall Victoria 3023,unknown,Caroline Springs
Chirnside Park,fantastic_furniture_au,Chirnside Lifestyle Centre 266-268 Maroondah Highway Chirnside Park Victoria 3116,unknown,Chirnside Park
Cranbourne,fantastic_furniture_au,Shop 011 – Cranbourne Home Centre 398 South Gippsland Hwy Cranbourne Victoria 3977,unknown,Cranbourne
Dandenong,fantastic_furniture_au,69 Frankston-Dandenong Road Dandenong Victoria 3175,unknown,Dandenong
Corio,fantastic_furniture_au,Geelong Gate Homemaker Centre 470-510 Princes Highway Corio Victoria 3214,unknown,Geelong
Hoppers Crossing,fantastic_furniture_au,201 Old Geelong Road Hoppers Crossing Victoria 3029,unknown,Hoppers Crossing
Maribyrnong,fantastic_furniture_au,167 Rosamond Road Maribyrnong Victoria 3032,unknown,Maribyrnong
Mildura,fantastic_furniture_au,Mildura Homemaker Centre 636 Fifteenth Street Mildura Victoria 3500,unknown,Mildura
Moorabbin,fantastic_furniture_au,Moorabbin Super Centre 430 Warrigal Road Moorabbin Victoria 3189,unknown,Moorabbin
Mornington,fantastic_furniture_au,Peninsula Home 1128 Nepean Highway Mornington Victoria 3931,unknown,Mornington
Nunawading,fantastic_furniture_au,Nunawading Home Centre 274-278 Whitehorse Road Nunawading Victoria 3131,unknown,Nunawading
Pakenham,fantastic_furniture_au,T01A Home Co Centre Pakenham 825 Princes Highway Pakenham Victoria 3810,unknown,Pakenham
Preston,fantastic_furniture_au,Northland Homemaker Centre 19-33 Murray Road Preston Victoria 3072,unknown,Preston
Shepparton,fantastic_furniture_au,Shepparton Home 290 Benalla Road Shepparton Victoria 3630,unknown,Shepparton
Thomastown,fantastic_furniture_au,18 Dalton Road Thomastown Victoria 3074,unknown,Thomastown
Traralgon,fantastic_furniture_au,131 Argyle Street Traralgon Victoria 3844,unknown,Traralgon
Warrnambool,fantastic_furniture_au,Warrnambool Homemaker Centre 1-49 Raglan Parade Warrnambool Victoria 3280,unknown,Warrnambool
Blackburn North,ferguson_plarres_bakehouse_au,Shop T04 North Blackburn Shopping Centre 64 -104 Springfield Rd,unknown,Blackburn North
Oakleigh,ferguson_plarres_bakehouse_au,Shop 2 Oakleigh Central Shopping Centre 39 Hanover Street,unknown,Oakleigh
Manor Lakes,ferguson_plarres_bakehouse_au,Manor Lakes Shopping Centre K03 455 Ballan Rd Manor Lakes 3024 ,unknown,Manor Lakes
Northcote,ferguson_plarres_bakehouse_au,Shop GZ33 Northcote Plaza 3 Separation Street,unknown,Northcote
Heidelberg,ferguson_plarres_bakehouse_au,125 Burgundy Street Heidelberg ,unknown,Heidelberg
Frankston,ferguson_plarres_bakehouse_au,Kiosk K06 Karingal Hub Shopping Centre 330 Cranbourne Road,unknown,Karingal Hub
Point Cook,ferguson_plarres_bakehouse_au,Shop 432 Point Cook Town Centre Main Street & Murnong Street Point Cook,unknown,Point Cook
Doncaster East,ferguson_plarres_bakehouse_au,Shop 069 181 Reynolds Rd Doncaster East,unknown,The Pines
Mickleham,ferguson_plarres_bakehouse_au,Merrifield City Shopping Centre 250 – 270 Donnybrook Rd Mickleham ,unknown,Merrifield City
Port Melbourne,ferguson_plarres_bakehouse_au,195 Bay Street Port Melbourne Victoria 3207,unknown,Port Melbourne
South Morang,ferguson_plarres_bakehouse_au,855a Plenty Road South Morang,unknown,South Morang Drive Thru
Wollert,ferguson_plarres_bakehouse_au,Shop 8 335 Harvest Home Road Wollert 3076 ,unknown,North Epping (Wollert)
Airport West,ferguson_plarres_bakehouse_au,Airport West Shopping Centre 25-35 Louis Street Airport West VIC 3042 Australia,unknown,Airport West
Clayton,ferguson_plarres_bakehouse_au,Shop K13 M-City 2107-2125 Dandenong Road,unknown,Clayton
Lovely Banks,ferguson_plarres_bakehouse_au,Bell Post Shopping Centre 290/306 Anakie Road Lovely Banks VIC 3221 Australia,unknown,Anakie
Officer,ferguson_plarres_bakehouse_au,Princes Highway & Cardinia Road Officer ,unknown,Officer
Bacchus Marsh,ferguson_plarres_bakehouse_au,151A Main Street Bacchus Marsh VIC 3340 Australia,unknown,Bacchus Marsh
Ballarat,ferguson_plarres_bakehouse_au,5 Little Channel Street Ballarat VIC 3350 Australia,unknown,Ballarat
Broadmeadows,ferguson_plarres_bakehouse_au,Broadmeadows Shopping Centre 1099-1169 Pascoe Vale Road Broadmeadows VIC 3047 Australia,unknown,Broadmeadows
Deer Park,ferguson_plarres_bakehouse_au,Brimbank Shopping Centre Station Road & Neale Road Deer Park VIC 3023 Australia,unknown,Brimbank
Bundoora,ferguson_plarres_bakehouse_au,25-31 Plenty Road Bundoora VIC 3083 Australia,unknown,Bundoora
East Burwood,ferguson_plarres_bakehouse_au,Burwood One Plaza Shop K3 172 Burwood Highway East Burwood VIC 3151 Australia,unknown,Burwood
Caroline Springs,ferguson_plarres_bakehouse_au,Caroline Springs Shopping Centre Shop 14 Lake Street Caroline Springs,unknown,Caroline Springs
Chadstone,ferguson_plarres_bakehouse_au,Chadstone Shopping Centre Shop No G-109 1341 Dandenong Rd Malvern East 3148,unknown,Chadstone
Coburg,ferguson_plarres_bakehouse_au,495 Sydney Road Coburg VIC 3058 Australia,unknown,Coburg
Corio,ferguson_plarres_bakehouse_au,Shop G062 Corio Village Shopping Centre Bacchus Marsh Road & Purnell Road Corio VIC 3214 Australia ,unknown,Corio
Diamond Creek,ferguson_plarres_bakehouse_au,Shop 9 Diamond Creek Shopping Centre 67 Hurstbridge Road Diamond Creek VIC 3089 Australia,unknown,Diamond Creek
Ringwood,ferguson_plarres_bakehouse_au,Eastland Shopping Centre Tenancy K101 171-175 Maroondah Highway Ringwood VIC 3134 Australia,unknown,Eastland
Eltham,ferguson_plarres_bakehouse_au,10 Commercial Place Eltham VIC 3095 Australia,unknown,Eltham
Epping,ferguson_plarres_bakehouse_au,583 High Street Epping VIC 3076 Australia,unknown,Epping
Essendon,ferguson_plarres_bakehouse_au,1077 Mount Alexander Road Essendon VIC 3040 Australia,unknown,Essendon
Greensborough,ferguson_plarres_bakehouse_au,138/25 Main Street Level 1 Kiosk 3 Greensborough Plaza Greensborough VIC 3088 Australia ,unknown,Greensborough
Hawthorn,ferguson_plarres_bakehouse_au,230 Burwood Road Hawthorn VIC 3122 Australia,unknown,Hawthorn
Highett,ferguson_plarres_bakehouse_au,286/284 Highett Road Highett VIC 3190 Australia,unknown,Highett
Keilor Park,ferguson_plarres_bakehouse_au,Shop 32 40 Keilor Park Drive Keilor Park VIC 3042 Australia,unknown,Keilor Park
Keilor,ferguson_plarres_bakehouse_au,698A Old Calder Highway Keilor VIC 3036 Australia,unknown,Keilor Village
Kilmore,ferguson_plarres_bakehouse_au,Shop 2 34 Melbourne Street Kilmore VIC 3764 Australia,unknown,Kilmore
Wendouree,ferguson_plarres_bakehouse_au,Stockland Wendouree Shopping Centre Shop 105 Corner of Norman & Gilles Stree Wendouree VIC 3355 Australia,unknown,Wendouree
Lalor,ferguson_plarres_bakehouse_au,43/45 May Road Lalor VIC 3075 Australia,unknown,Lalor
Mernda,ferguson_plarres_bakehouse_au,7a/57 Mernda Village Drive Mernda VIC 3754 Australia,unknown,Mernda Village
Keilor East,ferguson_plarres_bakehouse_au,Shop 43B Milleara Mall Shopping Centre Milleara Road & Buckley Street Keilor East VIC 3033 Australia ,unknown,Milleara Mall
Moonee Ponds,ferguson_plarres_bakehouse_au,54 Puckle Street Moonee Ponds VIC 3039 Australia,unknown,Moonee Ponds
North Melbourne,ferguson_plarres_bakehouse_au,27 Errol Street North Melbourne,unknown,North Melbourne
Mill Park,ferguson_plarres_bakehouse_au,5/415-481 McDonalds Road Westfield Plenty Valley Mill Park ,unknown,Plenty Valley Westfield
Patterson Lakes,ferguson_plarres_bakehouse_au,Shop 4 Gladesville Shopping Centre Gladesville Boulevard Patterson Lakes,unknown,Patterson Lakes
Rosebud,ferguson_plarres_bakehouse_au,Rosebud Shopping Centre Boneo Rd & McCombe St Rosebud VIC 3939 Australia ,unknown,Rosebud
Point Cook,ferguson_plarres_bakehouse_au,Shop 1 Sanctuary Lakes Shopping Centre 300 Point Cook Road Point Cook VIC 3030 Australia,unknown,Sanctuary Lakes
Seymour,ferguson_plarres_bakehouse_au,78 Station Street Seymour VIC 3660 Australia,unknown,Seymour
Cheltenham,ferguson_plarres_bakehouse_au,Westfield Shopping Centre 1239 Nepean Highway Southland Shoppingtown Cheltenham VIC 3192 Australia,unknown,Southland
Sunbury,ferguson_plarres_bakehouse_au,17A Brook Street Sunbury VIC 3429 Australia ,unknown,Sunbury
Taylors Lakes,ferguson_plarres_bakehouse_au,399 Melton Highway Watergardens Town Centre Taylors Lakes VIC 3038 Australia,unknown,Sydenham
Melbourne,ferguson_plarres_bakehouse_au,513 Elizabeth Street Dairy Hall @ Queen Victoria Market Melbourne VIC 3000 Australia,unknown,Queen Victoria Market
Wallan,ferguson_plarres_bakehouse_au,2/47 High Street Wallan VIC 3756 Australia,unknown,Wallan
Waurn Ponds,ferguson_plarres_bakehouse_au,Shop 3 Waurn Ponds Shopping Centre Cnr Princes Hwy & Pioneer Rd Waurn Ponds VIC 3216 Australia,unknown,Waurn Ponds
Werribee,ferguson_plarres_bakehouse_au,Pacific Werribee Shopping Centre Heaths Road Pacific Werribee Werribee VIC 3030 Australia,unknown,Werribee (Pacific Werribee)
Melton,ferguson_plarres_bakehouse_au,533-555 High Street Woodgrove Shopping Centre Melton VIC 3337 Australia,unknown,Woodgrove 
Craigieburn,ferguson_plarres_bakehouse_au,340 Craigieburn Road Craigieburn VIC 3064 Australia ,unknown,Craigieburn Central
Gisborne,ferguson_plarres_bakehouse_au,22 Brantome Street Gisborne VIC 3437 Australia ,unknown,Gisborne
Craigieburn,ferguson_plarres_bakehouse_au,Shop 2 Craigieburn Plaza 38 Craigieburn Road West Craigieburn VIC 3064 Australia ,unknown,Craigieburn
Newcomb,ferguson_plarres_bakehouse_au,Kiosk 3 Newcomb Central Shopping Centre 71 Bellarine Highway Newcomb ,unknown,Newcomb
Tarneit,ferguson_plarres_bakehouse_au,Woolworths Tarneit Gardens Shopping Centre Kiosk 1 747 Tarneit Road Tarneit,unknown,Tarneit
Somerville,ferguson_plarres_bakehouse_au,49 Eramosa Road West Somerville 3912 ,unknown,Somerville
Doreen,ferguson_plarres_bakehouse_au,Laurimar Town Centre Shop 6 95 Hazel Glen Drive Doreen,unknown,Doreen
Endeavour Hills,ferguson_plarres_bakehouse_au,Endeavour Hills Shopping Centre Corner Matthew Flinders Avenue & Heatherton Road,unknown,Endeavour Hills
Berwick,ferguson_plarres_bakehouse_au,Eden Rise Village Kiosk 3 1 O’Shea Road Berwick (Near Coles),unknown,Berwick
Hoppers Crossing,ferguson_plarres_bakehouse_au,Kiosk 3 Hoppers Crossing Shopping Centre 50 Old Geelong Road Hoppers Crossing VIC 3029,unknown,Hoppers Crossing
Rowville,ferguson_plarres_bakehouse_au,Shop 22A Stud Park Shopping Centre 1101 Stud Road Rowville ,unknown,Stud Park
Cranbourne,ferguson_plarres_bakehouse_au,Kiosk K1006 Cranbourne Park Shopping Centre 125 South Gippsland Highway,unknown,Cranbourne
Mulgrave,ferguson_plarres_bakehouse_au,Kiosk 5 Waverley Gardens Shopping Centre 271 Police Road Mulgrave 3170,unknown,Waverley Gardens
Forest Hill,ferguson_plarres_bakehouse_au,Shop 124 Forest Hill Shopping Centre 270 Canterbury Road Forest Hill,unknown,Forest Hill
Glen Waverley,ferguson_plarres_bakehouse_au,The Glen Shopping Centre 235 Springvale Road Glen Waverley,unknown,The Glen
Whittlesea,ferguson_plarres_bakehouse_au,Shop 1 17 Church Street Whittlesea,unknown,Whittlesea
Niddrie,ferguson_plarres_bakehouse_au,439 Keilor Road Niddrie,unknown,Niddrie
Croydon,ferguson_plarres_bakehouse_au,Kiosk 1 Croydon Central 5-15 Kent Avenue,unknown,Croydon
Knox,ferguson_plarres_bakehouse_au,Westfield Knox Shop 1037A 425 Burwood Highway,unknown,Knox
Narre Warren,ferguson_plarres_bakehouse_au,Level 2 Fountain Gate Shopping Centre ,unknown,Fountain Gate Level 2 (Near Coles)
Geelong,ferguson_plarres_bakehouse_au,Shop 1196 95 Malop Street Westfield Geelong ,unknown,Geelong City (Westfield)
Narre Warren ,ferguson_plarres_bakehouse_au,Shop F103 400 Cranbourne Road Narre Warren,unknown,Casey
Ballarat,floorworld_au,,unknown,Delta Floorworld
Camberwell,floorworld_au,,unknown,Camberwell Floorworld 
Cheltenham,floorworld_au,,unknown,Bayside Floorworld
Abbotsford,floorworld_au,,unknown,Inner City Floorworld
Frankston ,floorworld_au,,unknown,Frankston Floorworld
Geelong,floorworld_au,,unknown,Geelong Floorworld
Bendigo,floorworld_au,,unknown,Bendigo Floorworld
Hoppers Crossing,floorworld_au,,unknown,Hoppers Crossing Floorworld
Horsham,floorworld_au,,unknown,Wimmera Floorworld
Mount Waverley,floorworld_au,,unknown,Waverley Floorworld 
Narre Warren,floorworld_au,,unknown,Narre Warren Floorworld
Dandenong,floorworld_au,,unknown,Dandenong Floorworld
Caroline Springs,floorworld_au,,unknown,Caroline Springs Floorworld
Ringwood,floorworld_au,,unknown,Smith's Floorworld
Shepparton,floorworld_au,,unknown,H & T Floorworld
Thomastown,floorworld_au,,unknown,Carpets Galore Floorworld
Warragul,floorworld_au,,unknown,Warragul Floorworld
Wodonga,floorworld_au,,unknown,Floorworld Wodonga
Wonthaggi,floorworld_au,,unknown,Wonthaggi Floorworld
Yarrawonga,floorworld_au,,unknown,Bigger Floorworld
Cheltenham,forever_new,,unknown,Forever New Southland
Melbourne,forever_new,,unknown,Forever New Epping
Richmond,forever_new,,unknown,Forever New - Victoria Gardens
Glen Waverley,forever_new,,unknown,Forever New - The Glen
Doncaster ,forever_new,,unknown,Forever New David Jones Doncaster
Wantirna South,forever_new,,unknown,Forever New - Knox
Bairnsdale,forty_winks_au,,unknown,Forty Winks Bairnsdale
Ballarat,forty_winks_au,,unknown,Forty Winks Ballarat
Epsom,forty_winks_au,,unknown,Forty Winks Bendigo
Bentleigh,forty_winks_au,,unknown,Forty Winks Brighton
Cheltenham,forty_winks_au,,unknown,Forty Winks Cheltenham
Craigieburn,forty_winks_au,,unknown,Forty Winks Craigieburn
Dandenong South,forty_winks_au,,unknown,Forty Winks Dandenong
Echuca,forty_winks_au,,unknown,Forty Winks Echuca
Eltham,forty_winks_au,,unknown,Forty Winks Eltham
Essendon fields,forty_winks_au,,unknown,Forty Winks Essendon
Fitzroy,forty_winks_au,,unknown,Forty Winks Fitzroy
Frankston,forty_winks_au,,unknown,Forty Winks Frankston
Geelong,forty_winks_au,,unknown,Forty Winks Geelong
Hawthorn,forty_winks_au,,unknown,Forty Winks Hawthorn
Maribyrnong,forty_winks_au,,unknown,Forty Winks Highpoint
Hoppers Crossing,forty_winks_au,,unknown,Forty Winks Hoppers Crossing
Horsham,forty_winks_au,,unknown,Forty Winks Horsham
Ferntree Gully ,forty_winks_au,,unknown,Forty Winks Knox
Mildura,forty_winks_au,,unknown,Forty Winks Mildura
Mornington,forty_winks_au,,unknown,Forty Winks Mornington
Narre Warren,forty_winks_au,,unknown,Forty Winks Narre Warren
Preston,forty_winks_au,,unknown,Forty Winks Northland
Nunawading,forty_winks_au,,unknown,Forty Winks Nunawading
Prahran,forty_winks_au,,unknown,Forty Winks Prahran
Kialla,forty_winks_au,,unknown,Forty Winks Shepparton
South Wharf,forty_winks_au,,unknown,Forty Winks South Wharf
Springvale,forty_winks_au,,unknown,Forty Winks Springvale
Swan Hill,forty_winks_au,,unknown,Forty Winks Swan Hill
Taylors Lakes,forty_winks_au,,unknown,Forty Winks Taylors Lakes
Thomastown,forty_winks_au,,unknown,Forty Winks Thomastown
Traralgon,forty_winks_au,,unknown,Forty Winks Traralgon
Warragul,forty_winks_au,,unknown,Forty Winks Warragul
Warrnambool,forty_winks_au,,unknown,Forty Winks Warrnambool
Wendouree,freedom_furniture,,unknown,Freedom - Ballarat
Chadstone,freedom_furniture,,unknown,Freedom - Chadstone
Craigieburn,freedom_furniture,,unknown,Freedom - Craigieburn
Essendon Fields,freedom_furniture,,unknown,Freedom - Essendon
Narre Warren,freedom_furniture,,unknown,Freedom - Fountain Gate
Frankston,freedom_furniture,,unknown,Freedom - Frankston
Corio,freedom_furniture,,unknown,Freedom - Geelong
Moorabbin,freedom_furniture,,unknown,Freedom - Moorabbin
Nunawading,freedom_furniture,,unknown,Freedom - Nunawading
Preston,freedom_furniture,,unknown,Freedom - Preston
Richmond,freedom_furniture,,unknown,Freedom - Richmond
South Wharf,freedom_furniture,,unknown,Freedom - South Wharf
unknown,gant_au,Shop G081 Ground Level Chadstone Shopping Centre 1341 Dandenong Rd Chadstone VIC 3148,unknown,Chadstone
unknown,gant_au,Shop 1149 Westfield Shopping Centre 619 Doncaster Road Doncaster VIC 3108,unknown,Doncaster
unknown,gant_au,Shop 1-006 Emporium Melbourne 269-321 Lonsdale Street Melbourne VIC 3000,unknown,Emporium
unknown,gant_au,577 Chapel Street South Yarra VIC 3141,unknown,South Yarra
unknown,gant_au,515 Malvern Road Toorak  VIC  3142,unknown,Toorak
unknown,gant_au,Shop 84 100 Bulla Road Essendon  VIC  3041,unknown,DFO Essendon
unknown,gant_au,B126 - 20 Convention Centre Pl South Wharf VIC 3006,unknown,DFO South Wharf
Geelong,gloria_jeans_coffees_au,Kiosk 1 Market Square Shopping Centre,unknown,Gloria Jean’s Coffee Geelong Market Square
Melbourne,google_offices,"161 Collins Street
Melbourne VIC 3000
Australia",unknown,Melbourne
Narre Warren South,habitania_au,Shop 159-160 Casey Central 400 Narre Warren - Cranbourne Rd,unknown,Habitania Casey Central
Hoppers Crossing,habitania_au,Shop 186 Pacific Werribee Shopping Centre 250 Heaths Rd,unknown,Habitania Werribee
Bendigo,hairhouse_au,,unknown,Hairhouse Bendigo
Shepparton,hairhouse_au,,unknown,Hairhouse Shepparton
Wendouree,hairhouse_au,,unknown,Hairhouse Wendouree
Warrnambool,hairhouse_au,,unknown,Hairhouse Warrnambool
Melton,hairhouse_au,,unknown,Hairhouse Melton
Sunbury,hairhouse_au,,unknown,Hairhouse Sunbury
Craigieburn,hairhouse_au,,unknown,Hairhouse Craigieburn
Taylors Lakes,hairhouse_au,,unknown,Hairhouse Watergardens
Broadmeadows,hairhouse_au,,unknown,Hairhouse Broadmeadows
Airport West,hairhouse_au,,unknown,Hairhouse Airport West
Hoppers Crossing,hairhouse_au,,unknown,Hairhouse Werribee
Epping,hairhouse_au,,unknown,Hairhouse Epping
Essendon Fields,hairhouse_au,,unknown,Hairhouse Essendon
Maribyrnong,hairhouse_au,,unknown,Hairhouse Highpoint
South Morang,hairhouse_au,,unknown,Hairhouse Plenty Valley
Geelong,hairhouse_au,,unknown,Hairhouse Geelong
Grovedale,hairhouse_au,,unknown,Hairhouse Waurn Ponds
Preston,hairhouse_au,,unknown,Hairhouse Northland
Greensborough,hairhouse_au,,unknown,Hairhouse Greensborough
Carlton,hairhouse_au,,unknown,Hairhouse Carlton
Docklands,hairhouse_au,,unknown,Hairhouse Spencer Street
Bulleen,hairhouse_au,,unknown,Hairhouse Melbourne Central
Melbourne,hairhouse_au,,unknown,Hairhouse QV
Williamstown,hairhouse_au,,unknown,Hairhouse Williamstown
South Wharf,hairhouse_au,,unknown,Hairhouse South Wharf
Richmond,hairhouse_au,,unknown,Hairhouse Victoria Gardens
South Yarra,hairhouse_au,,unknown,Hairhouse Chapel Street
St Kilda,hairhouse_au,,unknown,Hairhouse St Kilda
Camberwell,hairhouse_au,,unknown,Hairhouse Camberwell
Doncaster,hairhouse_au,,unknown,Hairhouse Doncaster
Brighton,hairhouse_au,,unknown,Hairhouse Brighton
Chadstone,hairhouse_au,,unknown,Hairhouse Chadstone Express
Bentleigh,hairhouse_au,,unknown,Hairhouse Bentleigh
Forest Hill,hairhouse_au,,unknown,Hairhouse Forest Hill
Ringwood,hairhouse_au,,unknown,Hairhouse Eastland
Chirnside Park,hairhouse_au,,unknown,Hairhouse Chirnside Park
Cheltenham,hairhouse_au,,unknown,Hairhouse Moorabbin
Wantirna South,hairhouse_au,,unknown,Hairhouse Knox City
Keysborough,hairhouse_au,,unknown,Hairhouse Parkmore
Dandenong,hairhouse_au,,unknown,Hairhouse Dandenong Plaza
Narre Warren,hairhouse_au,,unknown,Hairhouse Fountain Gate
Frankston,hairhouse_au,,unknown,Hairhouse Bayside
Mornington,hairhouse_au,,unknown,Hairhouse Mornington
Cranbourne,hairhouse_au,,unknown,Hairhouse Cranbourne
Traralgon,hairhouse_au,,unknown,Hairhouse Traralgon
Melbourne,hm,,unknown,Northland
Melbourne,jll,,unknown,"W Hotel 408 Flinders Lane, Melbourne VIC 3000"
Melbourne,jo_mercer_au,,unknown,Emporium
Altona Meadows,kaisercraft_au,1 Central Ave,unknown,Kaisercraft Altona Meadows
Bannockburn,kaisercraft_au,17 McPhillips Road,unknown,Kaisercraft Bannockburn
Belmont,kaisercraft_au,65 High Street Belmont,unknown,Kaisercraft Belmont
Docklands,kaisercraft_au,Shop G09 The District Docklands 11 Star Crescent,unknown,Kaisercraft Docklands
Geelong,kaisercraft_au,Shop 2261 Westfield Geelong 95 Malop St,unknown,Kaisercraft Geelong
unknown,kaisercraft_au,25 Main Street Greensborough VIC 3088,unknown,Kaisercraft Greensborough
Newcomb,kaisercraft_au,71 Bellarine Hwy,unknown,Kaisercraft Newcomb
Northcote,kaisercraft_au,3 Separation St,unknown,Kaisercraft Northcote
Sale,kaisercraft_au,Gippsland Centre,unknown,Kaisercraft Sale
Cheltenham,kaisercraft_au,1239 Nepean Hwy,unknown,Kaisercraft Southland
Baxter,liberty_au,,unknown,unknown
Dandenong,lincraft_au,,unknown,Dandenong
Melbourne,little_free_library,,unknown,Kathy WARD #7562 Melbourne Victoria
Seddon,little_free_library,,unknown,Fairweather Exchange #15874 Seddon Victoria
Yarraville,little_free_library,,unknown,Dagmara Gieysztor #4129 Yarraville Victoria
West Footscray,little_free_library,,unknown,Caroline Trewenack #11127 West Footscray Victoria
Chelsea,little_free_library,,unknown,'Our Liddle Library' #49622 Chelsea Victoria
Wheatsheaf,little_free_library,,unknown,Lily's Farm-Little Free Library #96651 Wheatsheaf Victoria
Hastings,little_free_library,,unknown,Red Roof Library #86063 Hastings Victoria
Mt Martha,little_free_library,,unknown,Karen Setches #8727 Mt Martha Victoria
Natimuk,little_free_library,,unknown,Sally Elmslie #3737 Natimuk Victoria
Roxburgh Park,mcdonalds_qstore,,unknown,Greenvale Lakes
Ferntree Gully,mercedes_benz,,unknown,F.W. Graunke Proprietary Limited
Somerton,mercedes_benz,,unknown,Laverton Auto (2016) Pty Ltd
Sunshine,mercedes_benz,,unknown,Weststar Prestige Paint & Panel Pty. Ltd. as trustee for Kolich Family Trust
Lakes Entrance,mercedes_benz,,unknown,Mactag Pty Ltd
Hallam,mercedes_benz,,unknown,One Hundredth Debate Pty. Ltd. & Merino Ridge Pty. Ltd.
Burwood,mercedes_benz,,unknown,MB VIC Pty Ltd
Doncaster,mercedes_benz,,unknown,MB VIC Pty Ltd
Blackburn,mercedes_benz,,unknown,BMB Collision Repairs Pty Ltd
Port Melbourne,mercedes_benz,,unknown,LSH Auto (Melbourne) Pty Ltd
Melbourne Airport,mercedes_benz,,unknown,LSH Auto (Melbourne) Pty Ltd
Swan Hill,mercedes_benz,,unknown,T&T Mechanical Pty Ltd
South Geelong,mercedes_benz,,unknown,Geelong Special Vehicles Pty. Ltd. As Trustee For P&D Family Trust
Heidelberg West,mercedes_benz,,unknown,Carpenters Smash Trust&Heidelberg Smash Trust&Kingsbury Smash Trust&Nardella FT
Narre Warren,mercedes_benz,,unknown,Patterson Cheney Pty. Ltd.
Mulgrave,mercedes_benz,,unknown,Patterson Cheney Pty. Ltd.
South Melbourne,mercedes_benz,,unknown,LSH Auto (Melbourne) Pty Ltd
Mulgrave (Victoria),mercedes_benz,,unknown,Mercedes-Benz  Australia/Pacific Pty. Ltd.
Epsom,mercedes_benz,,unknown,Maple Leaf Automotive Pty Ltd
Belmont,mercedes_benz,,unknown,GEELONG MOTORS PTY LTD
Warrnambool,mercedes_benz,,unknown,Callaghan Motors Proprietary Limited atf The B.F.Callaghan Family Trust
Berwick,mercedes_benz,,unknown,Patterson Cheney Pty. Ltd.
Shepparton,mercedes_benz,,unknown,Hartwigs Trucks Pty Ltd
Mildura,mercedes_benz,,unknown,Northstar Automotive Group Pty Ltd
Traralgon,mercedes_benz,,unknown,GIPPSLAND MOTOR GROUP PTY LTD
Ballarat East,mercedes_benz,,unknown,JLS Enterprises (Vic) Pty Ltd as trustee for The Autoworld Unit Trust
Ringwood,mercedes_benz,,unknown,MB VIC Pty Ltd
Epping,mercedes_benz,,unknown,3 Point Motors Proprietary Limited as trustee for 3 Point Motors Business Trust
Fairfield,mercedes_benz,,unknown,3 Point Motors Proprietary Limited as trustee for 3 Point Motors Business Trust
Kew,mercedes_benz,,unknown,3 Point Motors Proprietary Limited as trustee for 3 Point Motors Business Trust
Mornington,mercedes_benz,,unknown,EAGERS VIC PTY LTD 
Moorabbin,mercedes_benz,,unknown,EAGERS VIC PTY LTD 
Richmond,mercedes_benz,,unknown,EAGERS VIC PTY LTD 
Melbourne,meta,,unknown,Meta
BENDIGO,mitre_10_au,,unknown,BENDIGO - Hume & Iser Mitre 10
YARRAM,mitre_10_au,,unknown,YARRAM - Cooper's Mitre 10
YARRA GLEN,mitre_10_au,,unknown,YARRA GLEN - Hoogies Home Timber & Hardware
WONTHAGGI,mitre_10_au,,unknown,WONTHAGGI - Capeview Mitre 10
WODONGA,mitre_10_au,,unknown,WODONGA - Kelly's Mitre 10
WENDOUREE,mitre_10_au,,unknown,WENDOUREE - G Gay & Co Mitre 10 Trade Centre
WARRNAMBOOL,mitre_10_au,,unknown,WARRNAMBOOL - Pontings Mitre 10
WARBURTON,mitre_10_au,,unknown,WARBURTON - Warby True Value Hardware
WALLINGTON,mitre_10_au,,unknown,WALLINGTON - Fagg's Mitre 10
WALLAN,mitre_10_au,,unknown,WALLAN - Pretty Sally Mitre 10
TORQUAY,mitre_10_au,,unknown,TORQUAY - Fagg's Mitre 10
TERANG,mitre_10_au,,unknown,TERANG - Terang Mitre 10
TATURA,mitre_10_au,,unknown,TATURA - Viberts Mitre 10
TARWIN LOWER,mitre_10_au,,unknown,TARWIN LOWER - Capeview Mitre 10
TALLANGATTA,mitre_10_au,,unknown,TALLANGATTA - Tallangatta True Value Hardware
STAWELL,mitre_10_au,,unknown,STAWELL - David O Jones Mitre 10
ST ARNAUD,mitre_10_au,,unknown,ST ARNAUD - St Arnaud Mitre 10
SOUTH MELBOURNE,mitre_10_au,,unknown,SOUTH MELBOURNE - Crameri's Mitre 10
SORRENTO,mitre_10_au,,unknown,SORRENTO - Sorrento Mitre 10
SOMERVILLE,mitre_10_au,,unknown,SOMERVILLE - Tait Mitre 10
SHEPPARTON,mitre_10_au,,unknown,SHEPPARTON - Hunters Mitre 10
SEVILLE,mitre_10_au,,unknown,SEVILLE - Hoogies Home Timber & Hardware
SEBASTOPOL,mitre_10_au,,unknown,SEBASTOPOL - G Gay & Co Mitre 10
RYE,mitre_10_au,,unknown,RYE - Rattray & Walker Mitre 10
RUTHERGLEN,mitre_10_au,,unknown,RUTHERGLEN - Rutherglen Home Hardware
ROMSEY,mitre_10_au,,unknown,ROMSEY - Romsey Mitre 10
ROCHESTER,mitre_10_au,,unknown,ROCHESTER - Rochester Mitre 10
RICHMOND NORTH,mitre_10_au,,unknown,RICHMOND NORTH - Martin's Mitre 10
RICHMOND,mitre_10_au,,unknown,RICHMOND - Richmond Mitre 10 Trade Centre
PORTLAND,mitre_10_au,,unknown,PORTLAND - Portland Mitre 10
PENSHURST,mitre_10_au,,unknown,PENSHURST - Kelly's Mitre 10
NIDDRIE,mitre_10_au,,unknown,NIDDRIE - Johnson & Rielly Mitre 10
NHILL,mitre_10_au,,unknown,NHILL - Nhill Mitre 10
NATHALIA,mitre_10_au,,unknown,NATHALIA - Limos Mitre 10
MYRTLEFORD,mitre_10_au,,unknown,MYRTLEFORD - Dahlsens Mitre 10
MOORABBIN,mitre_10_au,,unknown,MOORABBIN - Moorabbin Mitre 10
MONBULK,mitre_10_au,,unknown,MONBULK - Murphy's Mitre 10
MOE,mitre_10_au,,unknown,MOE - TM&H Mitre 10
MARYBOROUGH,mitre_10_au,,unknown,MARYBOROUGH - Crameri's Mitre 10
MADDINGLEY,mitre_10_au,,unknown,MADDINGLEY - Wilson's Mitre 10
LEONGATHA,mitre_10_au,,unknown,LEONGATHA - Capeview Mitre 10
LANG LANG,mitre_10_au,,unknown,LANG LANG - Lang Lang True Value Hardware
KYNETON,mitre_10_au,,unknown,KYNETON - Kyneton Home Timber & Hardware
KYABRAM,mitre_10_au,,unknown,KYABRAM - Minger's Mitre 10
KILMORE,mitre_10_au,,unknown,KILMORE - Kilmore Mitre 10
INVERLOCH,mitre_10_au,,unknown,INVERLOCH - Capeview Mitre 10
INGLEWOOD,mitre_10_au,,unknown,INGLEWOOD - Inglewood Mitre 10
HORSHAM,mitre_10_au,,unknown,HORSHAM - Horsham Mitre 10
HOPPERS CROSSING,mitre_10_au,,unknown,HOPPERS CROSSING - Costa's Mitre 10
HEYFIELD,mitre_10_au,,unknown,HEYFIELD - Vern Graham Mitre 10
HEIDELBERG,mitre_10_au,,unknown,HEIDELBERG - Danahers Mitre 10
HEATHCOTE,mitre_10_au,,unknown,HEATHCOTE - Heathcote Mitre 10
HAMILTON,mitre_10_au,,unknown,HAMILTON - Permewans Hamilton Mitre 10
GLEN IRIS,mitre_10_au,,unknown,GLEN IRIS - Tait Mitre 10
GEELONG SOUTH,mitre_10_au,,unknown,GEELONG SOUTH - Fagg's Mitre 10
FRANKSTON,mitre_10_au,,unknown,FRANKSTON - Womersley's Mitre 10
FOOTSCRAY,mitre_10_au,,unknown,FOOTSCRAY - Tait Mitre 10
EUROA,mitre_10_au,,unknown,EUROA - Trotter's Mitre 10
EMERALD,mitre_10_au,,unknown,EMERALD - Emerald Coop Mitre 10
ELTHAM,mitre_10_au,,unknown,ELTHAM - Eltham Home Timber & Hardware
DUNKELD,mitre_10_au,,unknown,DUNKELD - Kelly's Mitre 10
DROUIN,mitre_10_au,,unknown,DROUIN - Drouin Mitre 10
DONCASTER EAST,mitre_10_au,,unknown,DONCASTER EAST - Cornwell's Mitre 10
DIAMOND CREEK,mitre_10_au,,unknown,DIAMOND CREEK - Diamond Valley Mitre 10
DAYLESFORD,mitre_10_au,,unknown,DAYLESFORD - Daylesford Mitre 10
COWES,mitre_10_au,,unknown,COWES - Capeview Mitre 10
COHUNA,mitre_10_au,,unknown,COHUNA - Cohuna Mitre 10
COBRAM,mitre_10_au,,unknown,COBRAM - Cobram Mitre 10
CLIFTON HILL,mitre_10_au,,unknown,CLIFTON HILL - Provans Mitre 10
CLAYTON,mitre_10_au,,unknown,CLAYTON - Tait Mitre 10
CHELTENHAM,mitre_10_au,,unknown,CHELTENHAM - Park Road Mitre 10
CAULFIELD,mitre_10_au,,unknown,CAULFIELD - Peter's Mitre 10
CAMPERDOWN,mitre_10_au,,unknown,CAMPERDOWN - Camperdown Mitre 10
BRIGHTON,mitre_10_au,,unknown,BRIGHTON - Peter's Mitre 10
BENDIGO (GOLDEN SQUARE),mitre_10_au,,unknown,BENDIGO (GOLDEN SQUARE) - Golden City Mitre 10
BENALLA,mitre_10_au,,unknown,BENALLA - Benalla Mitre 10
BELMONT,mitre_10_au,,unknown,BELMONT - Belmont Timber Trade Centre Mitre 10
BELGRAVE SOUTH,mitre_10_au,,unknown,BELGRAVE SOUTH - Belgrave South Home Timber & Hardware
BEECHWORTH,mitre_10_au,,unknown,BEECHWORTH - Beechworth Mitre 10
BEACONSFIELD,mitre_10_au,,unknown,BEACONSFIELD - Beaconsfield Mitre 10
BAYSWATER,mitre_10_au,,unknown,BAYSWATER - Bayswater Mitre 10
BANNOCKBURN,mitre_10_au,,unknown,BANNOCKBURN - Bannockburn Mitre 10
BALLARAT,mitre_10_au,,unknown,BALLARAT - G Gay & Co Mitre 10
BALLAN,mitre_10_au,,unknown,BALLAN - Ballan True Value Hardware
ASCOT VALE,mitre_10_au,,unknown,ASCOT VALE - MGM Home Timber & Hardware
ARARAT,mitre_10_au,,unknown,ARARAT - David O Jones Mitre 10
Alexandria,national_tiles_au,,unknown,Alexandria DC
Ballarat,national_tiles_au,,unknown,Ballarat
Bendigo,national_tiles_au,,unknown,Bendigo
Doveton,national_tiles_au,,unknown,Dandenong
Grovedale ,national_tiles_au,,unknown,Grovedale
Hoppers Crossing,national_tiles_au,,unknown,Hoppers Crossing
Mitcham,national_tiles_au,,unknown,Mitcham
Mornington,national_tiles_au,,unknown,Mornington
Preston,national_tiles_au,,unknown,Northland
Port Melbourne,national_tiles_au,,unknown,Port Melbourne
Richmond,national_tiles_au,,unknown,Richmond
Shepparton,national_tiles_au,,unknown,Shepparton
South Morang,national_tiles_au,,unknown,South Morang
Ardeer,national_tiles_au,,unknown,Sunshine
Traralgon,national_tiles_au,,unknown,Traralgon
Truganina,national_tiles_au,,unknown,Truganina DC
Warrnambool,national_tiles_au,,unknown,Warrnambool
Wodonga,national_tiles_au,,unknown,Wodonga
Chadstone,nike,,unknown,Nike Chadstone
South Wharf,nike,,unknown,Nike Unite South Wharf
Melbourne,nike,,unknown,Nike Melbourne Central
Preston,nike,,unknown,Nike Northland
Werribee,nike,,unknown,Nike Werribee
Prahran,nike,,unknown,Nike Chapel Street
Fountain Gate,nike,,unknown,Nike Fountain Gate
Melbourne,novo_au,,unknown,Novo South Wharf 
Bundoora,novo_au,,unknown,Novo Uni Hill
Melton,novo_au,,unknown,Novo Woodgrove
Werribee,novo_au,,unknown,Novo Werribee
Taylors Lakes,novo_au,,unknown,Novo Watergardens
Docklands,novo_au,,unknown,Novo Spencer Street
Pointcook,novo_au,,unknown,Novo Point Cook
Mill Park,novo_au,,unknown,Novo Plenty Valley
Keysborough,novo_au,,unknown,Novo Parkmore
East Preston,novo_au,,unknown,Novo Northland
Moorabbin Airport,novo_au,,unknown,Novo Moorabbin DFO
Wantirna South,novo_au,,unknown,Novo Knox
Maribynong,novo_au,,unknown,Novo Highpoint
Narre Warren,novo_au,,unknown,Novo Fountain Gate
Epping,novo_au,,unknown,Novo Epping
Ringwood,novo_au,,unknown,Novo Eastland
Doncaster,novo_au,,unknown,Novo Doncaster
Dandenong,novo_au,,unknown,Novo Dandenong
Cranbourne,novo_au,,unknown,Novo Cranbourne
Craigieburn,novo_au,,unknown,Novo Craigieburn
Chadstone,novo_au,,unknown,Novo Chadstone
Broadmeadows,novo_au,,unknown,Novo Broadmeadows
Airport West,novo_au,,unknown,Novo Airport West
Glen Waverley,novo_au,,unknown,Novo The Glen
Deer Park,novo_au,,unknown,Novo Brimbank Central Pop Up
Frankston,novo_au,,unknown,Novo Karingal Hub
Bendigo,novo_au,,unknown,Novo Bendigo
Mildura,otr_au,,unknown,OTR Mildura
Irymple,otr_au,,unknown,OTR Irymple
Horsham,otr_au,,unknown,OTR Horsham Wilson Street
Stawell,otr_au,,unknown,OTR Stawell
Hamilton,otr_au,,unknown,OTR Hamilton
PORTLAND,otr_au,,unknown,OTR Portland
Moonee Ponds,otr_au,,unknown,OTR Moonee Ponds
ALPHINGTON,otr_au,,unknown,OTR Alphington
ELWOOD,otr_au,,unknown,OTR St Kilda Marina
West Wodonga,otr_au,,unknown,OTR West Wodonga
FRANKSTON,otr_au,,unknown,OTR Frankston Flinders Road
Ringwood,paddy_pallin_au,88 Maroondah Highway Ringwood Wurundjeri Country VIC 3134,unknown,Ringwood
Melbourne,paddy_pallin_au,152 Bourke St Melbourne Wurundjeri Country VIC 3000,unknown,Melbourne
unknown,parks_victoria_au,,unknown,Upper Yarra Reservoir Park Camping Area
Melbourne,pop_mart_au,,unknown,POP MART Melbourne Central Store
Greater Geelong,rationale,,unknown,Ministry of Skin
unknown,rationale,1015 High Street Armadale VIC 3143,unknown,RATIONALE Flagship Armadale
Manningham,rationale,Shop 1010A Westfield Doncaster 619 Doncaster Road Doncaster VIC 3108,unknown,RATIONALE Flagship Doncaster
Melbourne,rationale,Shop G-016A Emporium 287 Lonsdale St Melbourne VIC 3000,unknown,RATIONALE Flagship Emporium
Stonnington,rationale,531 Toorak Road Toorak VIC 3142,unknown,RATIONALE Flagship Toorak
Mildura,ray_white_au_nz,,unknown,Ray White Mildura
SWAN HILL,ray_white_au_nz,,unknown,Ray White Swan Hill
Ararat,ray_white_au_nz,,unknown,Ray White Ararat
Echuca,ray_white_au_nz,,unknown,Ray White Echuca
Rochester,ray_white_au_nz,,unknown,Ray White Rural Rochester
Bendigo,ray_white_au_nz,,unknown,Ray White Bendigo
Cobram,ray_white_au_nz,,unknown,Ray White Cobram
Tatura,ray_white_au_nz,,unknown,Ray White Tatura
Rosebrook ,ray_white_au_nz,,unknown,Ray White Port Fairy
Heathcote,ray_white_au_nz,,unknown,Ray White Heathcote
Ballarat,ray_white_au_nz,,unknown,Ray White Rural Ballarat
Warrnambool,ray_white_au_nz,,unknown,Ray White Warrnambool
Kyneton,ray_white_au_nz,,unknown,Ray White Kyneton
Nagambie,ray_white_au_nz,,unknown,Ray White Nagambie
Camperdown,ray_white_au_nz,,unknown,Ray White Camperdown
Seymour,ray_white_au_nz,,unknown,Ray White Seymour
Romsey,ray_white_au_nz,,unknown,Ray White Romsey
Euroa,ray_white_au_nz,,unknown,Ray White Euroa
Timboon,ray_white_au_nz,,unknown,Ray White Rural Timboon
Bacchus Marsh,ray_white_au_nz,,unknown,Ray White Bacchus Marsh
Benalla,ray_white_au_nz,,unknown,Ray White Benalla
SUNBURY,ray_white_au_nz,,unknown,Ray White Sunbury
Melton,ray_white_au_nz,,unknown,Ray White Melton
Colac,ray_white_au_nz,,unknown,Ray White Colac
AINTREE,ray_white_au_nz,,unknown,Ray White Rockbank
Craigieburn,ray_white_au_nz,,unknown,Ray White Craigieburn
Caroline Springs,ray_white_au_nz,,unknown,Ray White Caroline Springs
Taylors Lakes,ray_white_au_nz,,unknown,Ray White Taylors Lakes
St Albans,ray_white_au_nz,,unknown,Ray White St Albans Vic
Gladstone Park,ray_white_au_nz,,unknown,Ray White Gladstone Park
Wodonga,ray_white_au_nz,,unknown,Ray White Wodonga
Deer Park,ray_white_au_nz,,unknown,Ray White Deer Park
Tarneit,ray_white_au_nz,,unknown,Ray White Tarneit
Lara,ray_white_au_nz,,unknown,Ray White Lara
Glenroy,ray_white_au_nz,,unknown,Ray White Glenroy
Mernda,ray_white_au_nz,,unknown,Ray White Mernda
Truganina,ray_white_au_nz,,unknown,Ray White Truganina
Sunshine,ray_white_au_nz,,unknown,Ray White Sunshine
Werribee,ray_white_au_nz,,unknown,Ray White Werribee
PASCOE VALE,ray_white_au_nz,,unknown,Ray White Pascoe Vale
Thomastown,ray_white_au_nz,,unknown,Ray White Thomastown
Doreen,ray_white_au_nz,,unknown,Ray White Doreen
Point Cook,ray_white_au_nz,,unknown,Ray White Point Cook
Mill Park,ray_white_au_nz,,unknown,Ray White Mill Park
South Morang,ray_white_au_nz,,unknown,Ray White South Morang
Reservoir,ray_white_au_nz,,unknown,Ray White Reservoir
Coburg,ray_white_au_nz,,unknown,Ray White Coburg
Ascot Vale,ray_white_au_nz,,unknown,Ray White Ascot Vale
Highton,ray_white_au_nz,,unknown,Ray White Highton
Bundoora,ray_white_au_nz,,unknown,Ray White Bundoora
Brunswick,ray_white_au_nz,,unknown,Ray White Brunswick
Preston,ray_white_au_nz,,unknown,Ray White Preston
Altona,ray_white_au_nz,,unknown,Ray White Altona
Northcote,ray_white_au_nz,,unknown,Ray White Northcote
Macleod,ray_white_au_nz,,unknown,Ray White Macleod
DIAMOND CREEK,ray_white_au_nz,,unknown,Ray White Diamond Creek
WIlliamstown,ray_white_au_nz,,unknown,Ray White Williamstown
Melbourne,ray_white_au_nz,,unknown,Ray White Rural Victoria
Southbank,ray_white_au_nz,,unknown,Ray White Southbank | Melbourne City
ELTHAM,ray_white_au_nz,,unknown,Ray White Eltham
Mansfield,ray_white_au_nz,,unknown,Ray White Mansfield
Balwyn,ray_white_au_nz,,unknown,Ray White Balwyn
Myrtleford,ray_white_au_nz,,unknown,Ray White Myrtleford
Drysdale,ray_white_au_nz,,unknown,Ray White Drysdale
Box Hill,ray_white_au_nz,,unknown,Ray White Box Hill
Burwood,ray_white_au_nz,,unknown,Ray White Burwood
Ashburton,ray_white_au_nz,,unknown,Ray White Ashburton
Blackburn,ray_white_au_nz,,unknown,Ray White Blackburn
Carnegie,ray_white_au_nz,,unknown,Ray White Carnegie
Chadstone,ray_white_au_nz,,unknown,Ray White CHK Property Services
Forest Hill,ray_white_au_nz,,unknown,Ray White Forest Hill
Oakleigh,ray_white_au_nz,,unknown,Ray White Oakleigh
Mount Waverley,ray_white_au_nz,,unknown,Ray White Mount Waverley
Ringwood,ray_white_au_nz,,unknown,Ray White Ringwood
Croydon,ray_white_au_nz,,unknown,Ray White Croydon Victoria
Glen Waverley,ray_white_au_nz,,unknown,Ray White Glen Waverley
Lilydale,ray_white_au_nz,,unknown,Ray White Lilydale
Cheltenham,ray_white_au_nz,,unknown,Ray White Cheltenham
Clayton,ray_white_au_nz,,unknown,Ray White Clayton
Wantirna South,ray_white_au_nz,,unknown,Ray White Wantirna
Ferntree Gully,ray_white_au_nz,,unknown,Ray White Ferntree Gully
Noble Park,ray_white_au_nz,,unknown,Ray White Noble Park / Springvale
Chelsea,ray_white_au_nz,,unknown,Ray White Chelsea
Dandenong,ray_white_au_nz,,unknown,Ray White Dandenong
Patterson Lakes,ray_white_au_nz,,unknown,Ray White Patterson Lakes
Carrum Downs,ray_white_au_nz,,unknown,Ray White Carrum Downs
Frankston,ray_white_au_nz,,unknown,Ray White Frankston
Narre Warren,ray_white_au_nz,,unknown,Ray White Narre Warren
Rye,ray_white_au_nz,,unknown,Ray White Rye
Berwick,ray_white_au_nz,,unknown,Ray White Berwick
Narre Warren South,ray_white_au_nz,,unknown,Ray White Narre Warren South
Langwarrin,ray_white_au_nz,,unknown,Ray White Langwarrin
Rosebud,ray_white_au_nz,,unknown,Ray White Rosebud
Cranbourne,ray_white_au_nz,,unknown,Ray White Cranbourne
Officer,ray_white_au_nz,,unknown,Ray White Officer
Pakenham,ray_white_au_nz,,unknown,Ray White Pakenham
Cowes,ray_white_au_nz,,unknown,Ray White Phillip Island
Drouin,ray_white_au_nz,,unknown,Ray White Drouin
Yarragon,ray_white_au_nz,,unknown,Ray White Yarragon
Wonthaggi,ray_white_au_nz,,unknown,Ray White Wonthaggi
Cape Paterson,ray_white_au_nz,,unknown,Ray White Cape Paterson
LEONGATHA ,ray_white_au_nz,,unknown,Ray White Leongatha
Inverloch,ray_white_au_nz,,unknown,Ray White Inverloch
Foster,ray_white_au_nz,,unknown,Ray White Foster
Sandy Point,ray_white_au_nz,,unknown,Ray White Sandy Point
Geelong,retail_apparel_group,Shop 1175 Westfield Geelong 95 Malop Street,unknown,Johnny Bigg Geelong
Werribee,retail_apparel_group,Shop 290 Werribee Shopping Centre Corner Derrimut Rd & Heaths Road,unknown,Johnny Bigg Werribee
 28 Beach Street,retail_apparel_group,Shop 131 Bayside Shopping Centre 2 Olsen Street,unknown,Johnny Bigg Frankston
Taylors Lakes,retail_apparel_group,Shop 61/62 Watergardens Town Centre 399 Melton Highway,unknown,Johnny Bigg Watergardens
Moorabbin,retail_apparel_group,G-017 DFO Moorabbin 250 Centre Dandenong Rd,unknown,Johnny Bigg Moorabbin DFO
Maribyrnong,retail_apparel_group,Shop L03 3154 Highpoint Shopping Centre 120-200 Rosamond Rd,unknown,Johnny Bigg Highpoint
South Wharf ,retail_apparel_group,Shop B-069 South Wharf DFO 20 Convention Pl,unknown,Johnny Bigg DFO South Wharf
Essendon Fields ,retail_apparel_group,Shop G-065 DFO ESSENDON 100 Bulla Road,unknown,Johnny Bigg DFO Essendon
Fountain Gate,retail_apparel_group,Shop 1040/1 Westfield Fountain Gate 352 Princess Highway,unknown,Johnny Bigg Fountain Gate
Preston,retail_apparel_group,Shop J035 Northland Shopping Centre 2-50 Murray Rd,unknown,Johnny Bigg Northland
Craigieburn ,retail_apparel_group,Shop E23 Craigieburn Central 340 Craigieburn Road,unknown,Johnny Bigg Craigieburn
Wantirna South,retail_apparel_group,Shop 2039 Westfield Knox 425 Burwood Highway,unknown,Johnny Bigg Knox
Epping,retail_apparel_group,Shop 15 Pacific Epping 571-583 High St   ,unknown,Johnny Bigg Epping
Bundoora,retail_apparel_group,Shop T027 DFO Uni Hill 2 Janefield Dr,unknown,Johnny Bigg DFO Uni Hill
Ringwood,retail_apparel_group,Shop 2046 Eastland Shopping Centre 175 Maroondah HWY,unknown,Johnny Bigg Eastland
Geelong,retail_apparel_group,Shop 2267 Westfield Geelong 95 Malop Street,unknown,Tarocash Geelong
Wendouree,retail_apparel_group,Shop 060 Stockland Wendouree Corner Norman and Gillies Streets,unknown,Tarocash Wendouree
Geelong,retail_apparel_group,Shop 2242 Westfield Geelong Malop Street,unknown,yd. Geelong
Werribee,retail_apparel_group,Shop 218 Werribee Shopping Centre Cnr Derrimut And Heaths Rd,unknown,yd. Werribee
Melton,retail_apparel_group,Shop T131 Woodgrove Shopping Centre 533-555 High St,unknown,yd. Melton
Cheltenham,retail_apparel_group,Shop 2116/1239 Westfield Southland 1239 Nepean Highway,unknown,yd. Southland
Werribee,retail_apparel_group,Shop 216 Pacific Werribee Shopping Centre Cnr Derrimut & Heaths Roads,unknown,Tarocash Werribee
Frankston,retail_apparel_group,Shop 123 Bayside Shopping Centre 28 Beach Street,unknown,Tarocash Frankston
Taylors Lakes,retail_apparel_group,Shop 101 Watergardens Town Centre 399 Melton Highway,unknown,Tarocash Watergardens
Moorabbin,retail_apparel_group,Shop G-154B DFO Moorabbin Airport  250 Centre Dandenong Rd,unknown,Tarocash DFO Moorabbin
Maribyrnong,retail_apparel_group,Shop 3032 Highpoint Shopping Centre 120-200 Rosamond Rd,unknown,Tarocash Highpoint
South Wharf,retail_apparel_group,DFO South Wharf TB73/20 Convention Centre Plc,unknown,Tarocash DFO South Wharf
Docklands,retail_apparel_group,Shop T13 Spencer Outlet Centre 201 Spencer Street,unknown,Tarocash DFO Spencer Street
Taylors Lakes,retail_apparel_group,Shop 64 Watergardens Shopping Centre 399 Melton Highway,unknown,yd. Watergardens
Cheltenham,retail_apparel_group,Dfo Moorabbin 250 Centre Dandenong Road,unknown,yd. Moorabbin DFO
Maribyrnong,retail_apparel_group,Shop L03 3158 Highpoint Shopping Centre 120-200 Rosamond Road,unknown,yd. Highpoint
South Wharf,retail_apparel_group,Shop Tb63 Dfo South Wharf 20 Convention Centre Place,unknown,yd. South Wharf DFO
Docklands,retail_apparel_group,Shop 70 Spencer Street Outlet 201 Spencer Street,unknown,yd. Spencer St DFO
Melbourne,retail_apparel_group,Shop 032 Melbourne Central 211 La Trobe Street,unknown,yd. Melbourne Central
Essendon,retail_apparel_group,Shop G068 DFO Essendon 100 Bulla Rd,unknown,Tarocash DFO Essendon
Dandenong,retail_apparel_group,Dandenong Plaza Shop L02 160 Walker St,unknown,Tarocash Dandenong
Fountain Gate,retail_apparel_group,Shop 1020 Westfield Fountain Gate 352 Princes Highway,unknown,Tarocash Fountain Gate
Preston,retail_apparel_group,Shop J-039 Northland Shopping Centre Murry Rd,unknown,Tarocash Northland
Craigieburn,retail_apparel_group,Shop E00-25 Craigieburn Central 350 Craigieburn Road,unknown,Tarocash Craigieburn
Wantirna South,retail_apparel_group,1083/425 Burwood Highway,unknown,Tarocash Knox City
Essendon Fields,retail_apparel_group,Shop G-025 Dfo Essendon Airport 100 Bulla Road,unknown,yd. Essendon DFO
Chadstone,retail_apparel_group,Shop B108 Chadstone S/C 1341 Dandenong Road,unknown,yd. Chadstone
Dandenong,retail_apparel_group,Shop 226-228 Dandenong Plaza Cnr Mcrae And Walker Streets,unknown,yd. Dandenong
Broadmeadows,retail_apparel_group,Shop G011 Broadmeadows Shopping Centre 1099-1169 Pascoe Vale Road,unknown,yd. Broadmeadows
Epping,retail_apparel_group,Pacific Epping Shopping Centre Shop 260 Cnr High and Cooper Street,unknown,Tarocash Epping
Bundoora,retail_apparel_group,Shop T47/T48 Brand Junction 2 Janefield Drive,unknown,Tarocash Bundoora
Ringwood,retail_apparel_group,Shop 2045 Eastland Shopping Centre 175 Maroondah Highway,unknown,Tarocash Eastlands
Mill Park,retail_apparel_group,Shop 58 415 McDonalds Rd,unknown,Tarocash Plenty Valley
Warrnambool,retail_apparel_group,Shop T 1014 Armada Gateway Plaza 154 Raglan Parade,unknown,Connor Warrnambool
Geelong,retail_apparel_group,Shop 2273 Westfield Geelong Malop Street,unknown,Connor Geelong
Leopold,retail_apparel_group,Shop G54 Gateway Plaza 621/659 Bellarine Highway,unknown,Connor Leopold
Fountain Gate,retail_apparel_group,Shop 1222 Fountain Gate Westfield 25-55 Overland Dr,unknown,yd. Fountain Gate
Preston,retail_apparel_group,Shop K013 Northland Shopping Centre Murray Road,unknown,yd. Northlands
Craigieburn,retail_apparel_group,Shop E19-E20 Craigieburn Central 340 Craigieburn Rd,unknown,yd. Craigieburn
Wantirna South VIC,retail_apparel_group,Shop 2139 Westfield Knox 425 Burwood Highway,unknown,yd. Knox
Werribee,retail_apparel_group,Shop 287 Pacific Werribee Cnr Derrimut & Heaths Rd,unknown,Rockwear Werribee
Melton West,retail_apparel_group,533-555 High Street,unknown,Rockwear Melton
Frankston,retail_apparel_group,Shop S071 Karingal Hub Shopping Centre 330 Cranbourne Road,unknown,Rockwear Karingal Hub
Bendigo,retail_apparel_group,Bendigo Marketplace G058/37 Garsed St,unknown,Tarocash Bendigo
Corio,retail_apparel_group,Shop G044 & G044A Corio Village Centre 83A Purnell Road,unknown,Connor Corio
Wendouree,retail_apparel_group,Shop 025 Stockland Wendouree Gilles Street North,unknown,Connor Wendouree
Werribee,retail_apparel_group,Shop 284 Werribee Shopping Centre Cnr Derrimut & Heaths Roads,unknown,Connor Werribee
Epping,retail_apparel_group,Shop 230 Pacific Epping 571-583 High Street,unknown,yd. Epping
Bundoora,retail_apparel_group,Shop T36 Uni Hill Bundoora 2 Janefield Dr,unknown,yd. Bundoora
Greensborough,retail_apparel_group,Shop 337 Greensborough Plaza 25 Main Street,unknown,yd. Greensborough
Ringwood,retail_apparel_group,Shop 2048 Eastland Shopping Centre 171-175 Maroondah Hwy,unknown,yd. Eastland
Moorabbin Airport,retail_apparel_group,Shop G-001 DFO Moorabbin Airport 250 Centre Dandenong Road,unknown,Rockwear DFO Moorabbin
Fountain Gate,retail_apparel_group,Shop 1143 Westfield Fountain Gate 352 Princes Highway,unknown,Rockwear Fountain Gate
Point Cook,retail_apparel_group,Shop 332 Point Cook Town Centre Murnong Street,unknown,Connor Point Cook Town Centre
Melton,retail_apparel_group,Shop T41/42 Woodgrove Shopping Centre 533-555 High Street,unknown,Connor Melton
Frankston,retail_apparel_group,Shop 165 Bayside Shopping Centre 28 Beach Road,unknown,Connor Frankston
Frankston,retail_apparel_group,Shop S074 Karingal Hub Shopping Centre 330 Cranbourne Road,unknown,Connor Karingal
Mill Park,retail_apparel_group,Shop 98 Westfield Plenty Valley 9 Macdonalds Road,unknown,yd. Plenty Valley
Chirnside Park,retail_apparel_group,Shop L01 610 Chirnside Shopping Centre 239-241 Maroondah Highway,unknown,yd. Chirnside
Bundoora,retail_apparel_group,Shop T123 Brand Junction 2 Janefield Drive,unknown,Rockwear DFO Uni Hill
ALTONA NORTH,retail_apparel_group,Shop G022 Altona Gate 124-134 Millers Road,unknown,Connor Altona Gate
Sunshine,retail_apparel_group,SP030 Sunshine Marketplace 80 Harvester Road,unknown,Connor Sunshine
Cheltenham,retail_apparel_group,Shop 2030/1 Westfield Southland 1239 Nepean Highway,unknown,Connor Southland
Taylors Lakes,retail_apparel_group,Shop 32/43 Watergardens Shopping Centre 399 Melton Highway,unknown,Connor Watergardens
Moorabbin Airport,retail_apparel_group,Shop G-041 DFO Moorabbin 250 Centre Dandenong Roads,unknown,Connor Moorabbin DFO
Maribyrnong,retail_apparel_group,Shop L03 3021/22 Highpoint Shopping Centre 120-200 Rosamond Road,unknown,Connor Highpoint
Southbank,retail_apparel_group,Shop B-081 DFO South Wharf 20 Convention Centre Place,unknown,Connor South Wharf DFO
Docklands,retail_apparel_group,Shop T98 Direct Factory Outlets Spencer Street,unknown,Connor Spencer St DFO
Cranbourne,retail_apparel_group,Shop SP132 Cranbourne Park Shopping Centre High Street ,unknown,Connor Cranbourne
Keysborough,retail_apparel_group,Shop L01J05 Parkmore Shopping Centre 317 Cheltenham Road,unknown,Connor Parkmore
Airport West,retail_apparel_group,Shop 141A Westfield Airport West 29 - 35 Louis Street,unknown,Connor Westfield Airport West
Strathmore,retail_apparel_group,Shop 65 DFO Essendon 100 Bulla Road,unknown,Connor Essendon DFO
Chadstone,retail_apparel_group,Shop 205/06 Chadstone Shopping Centre Dandenong Road,unknown,Connor Chadstone
Narre Warren,retail_apparel_group,Shop 117-118 Casey Central 400 Cranbourne Road,unknown,Connor Casey
Dandenong,retail_apparel_group,Shop L02 256 Dandenong Plaza Walker Street,unknown,Connor Dandenong Plaza
Broadmeadows,retail_apparel_group,Shop G077 Broadmeadows Shopping Centre 1099-1169 Pascoe Vale Road,unknown,Connor Broadmeadows
Fountain Gate,retail_apparel_group,Shop 1046/7  Westfield Fountain Gate 352 Princess Highway,unknown,Connor Fountain Gate
Glen Waverly,retail_apparel_group,Shop G070 The Glen Shopping Centre 235 Springvale Road,unknown,Connor The Glen
Preston,retail_apparel_group,Shop C008 Northland Shopping Centre 2-50 Murray Road,unknown,Connor Northland
Forest Hill,retail_apparel_group,Shop 244 Forest Hill Chase Shopping Centre 270 Canterbury Road,unknown,Connor Forest Hill
Craigieburn,retail_apparel_group,Shop E26-27 Craigieburn Central 340 Craigieburn Road,unknown,Connor Craigieburn
Wantirna South,retail_apparel_group,Shop 1078 Westfield Knox City Cnr Burwood Highway and Stud Road,unknown,Connor Knox City
Epping,retail_apparel_group,Shop 89/90 Pacific Epping Shopping Centre 571-583 High Street,unknown,Connor Epping
Bundoora,retail_apparel_group,Shop T50/51 Uni Hill Bundoora 2 Janefield Drive,unknown,Connor Uni Hill DFO
Greensborough,retail_apparel_group,Shop 369 Greensborough Plaza Shopping Centre 25 Main Street Greensborough,unknown,Connor Greensborough
Ringwood,retail_apparel_group,Shop 1041 Eastland Shopping Centre 171/175 Maroondah Highway,unknown,Connor Eastland
Mill Park,retail_apparel_group,Shop 44 Westfield Plenty Valley MacDonalds Road,unknown,Connor Plenty Valley
Kangaroo Flat,retail_apparel_group,Shop 114 -116 Lansell Square 267 High Street,unknown,Connor Lansell
Chirnside Park,retail_apparel_group,Shop L01 606 Chirnside Park 239-241 Maroondah Hwy,unknown,Connor Chirnside
Bendigo,retail_apparel_group,Shop G77-78 Bendigo Marketplace 116-120 Mitchell Street Bendigo VIC 3550,unknown,Connor Bendigo
Mildura,retail_apparel_group,Centro Mildura Shop G017  831 Fifteenth Street,unknown,Connor Mildura
Traralgon,retail_apparel_group,Shop 011 Stockland Traralgon 166/188 Franklin Street,unknown,Connor Traralgon
Gippsland,retail_apparel_group,Shop 35 Gippsland Centre 37-39 Cunninghame Street Sale ,unknown,Connor Sale
Shepparton,retail_apparel_group,Shop R014-016 Shepparton Marketplace 110-120 Benalla Road,unknown,Connor Shepparton
Frankston ,sheike_au,,unknown,Frankston
 Ravenhall,sleep_doctor_au,,unknown, Sleep Doctor Caroline Springs
 Echuca,sleep_doctor_au,,unknown, Sleep Doctor Echuca
Melbourne Airport,smart,,unknown,LSH Auto (Melbourne) Pty Ltd
Tarneit,snap_fitness,Tarneit Gardens Complex Ankuri Road,unknown,Tarneit
Woodend,snap_fitness,1/130 High Street,unknown,Woodend
Bentleigh East,snap_fitness,Shop 5-7 658 Centre Rd,unknown,Bentleigh East
Kalkallo,snap_fitness,Level 1 44 Toyon Road,unknown,Kalkallo
Maddingley,snap_fitness,10 McCormacks Road,unknown,Maddingley
Pakenham,snap_fitness,Level 1 1 Hunt Way,unknown,Pakenham
Port Melbourne,snap_fitness,Ground Floor 250 Ingles Street,unknown,Port Melbourne
Blackburn,snap_fitness,20 Station Street,unknown,Blackburn
"Travancore, Melbourne",snap_fitness,280 Mt Alexander Road Ascot Vale,unknown,Ascot Vale
Epsom,snap_fitness,52-56 Midland Highway,unknown,Epsom
Oakleigh South,snap_fitness,The Links 350 Warrigal Road,unknown,Oakleigh South
Clyde North,snap_fitness,"The Square Berwick Shopping Centre
121 Grices Road",unknown,Clyde North
Clayton,snap_fitness,2107-2125 Dandenong Road,unknown,M-City
Ashburton,snap_fitness,234 High Street,unknown,Ashburton AU
Footscray,snap_fitness,80 Nicholson Street,unknown,Footscray
Colac,snap_fitness,31-33 Murray Street,unknown,Colac
Burwood,snap_fitness,41-51 Burwood Highway,unknown,Burwood VIC
Cranbourne West,snap_fitness,85 Everlasting Blvd,unknown,Cranbourne West
Glen Iris,snap_fitness,1615 Malvern Rd,unknown,Glen Iris
Altona North,snap_fitness,Shop 301 Basement,unknown,Altona North
"Eltham, Melbourne",snap_fitness,1012 Main Rd,unknown,Eltham
Coburg North,snap_fitness,Coburg North Village Level 1,unknown,Coburg
Bendigo,snap_fitness,71-73 Williamson Street,unknown,Bendigo
Horsham,snap_fitness,120 Wilson St,unknown,Horsham
Greensborough,snap_fitness,103-105 Grimshaw Street,unknown,Greensborough
Warragul,snap_fitness,31 Williams St,unknown,Warragul
Portland,snap_fitness,45 Henty St,unknown,Portland
Fitzroy,snap_fitness,224 Brunswick Street,unknown,Fitzroy
Southbank,snap_fitness,85D Queensbridge Street,unknown,Southbank
Wantirna,snap_fitness,Wantirna Mall,unknown,Wantirna
Armadale,snap_fitness,724-728 High Street,unknown,Armadale VIC
Caulfield South,snap_fitness,443 Hawthorn Rd,unknown,Caulfield South
"Patterson Lakes, Melbourne",snap_fitness,Level 1 Suite 1,unknown,Patterson Lakes
Traralgon,snap_fitness,106-118 Argyle Street,unknown,Traralgon
South Yarra,snap_fitness,9-11 Claremont St,unknown,South Yarra
Craigieburn,snap_fitness,Craigieburn Central,unknown,Craigieburn
Dandenong,snap_fitness,Shop 353 Level 3,unknown,Dandenong
Brunswick,snap_fitness,50 Sydney Rd,unknown,Melbourne-Brunswick
Mildura,snap_fitness,844 Fifteenth St,unknown,Mildura
Endeavour Hills,snap_fitness,Matthew Flinders Ave,unknown,Endeavour Hills
Mulgrave,snap_fitness,Shop 24A Corner of Police and Jacksons Roads,unknown,Mulgrave-Waverley Gardens
Melbourne,snap_fitness,6 Plenty Rd,unknown,Preston
Vermont South,snap_fitness,475 Burwood Highway,unknown,Vermont South
Point Cook,snap_fitness,300 Point Cook Road,unknown,Point Cook
Ballarat Central,snap_fitness,307A Dana Street,unknown,Ballarat
North Essendon,snap_fitness,320A Keilor Rd,unknown,Essendon
"Waurn Ponds, Geelong",snap_fitness,Shop 7 2-26 Rossack Drive,unknown,"Waurn Ponds, Geelong"
Camberwell,snap_fitness,1st Floor 6-8 Prospect Hill Road,unknown,Camberwell
"Croydon, Melbourne",snap_fitness,224 Mount Dandenong Rd,unknown,Croydon
Heidelberg,snap_fitness,40 Burgundy St,unknown,Heidelberg
Echuca,snap_fitness,111-113 Annesley St,unknown,Echuca
Warrnambool,snap_fitness,Shop 13 Bayside Plaza,unknown,Warrnambool
Melbourne,snap_fitness,160 Queen St,unknown,Melbourne CBD
Berwick,snap_fitness,Shop 3 & 4 4-6 Wheeler Street,unknown,Berwick
Sunbury,snap_fitness,84 Horne Street,unknown,Sunbury
Hampton,snap_fitness,515 Bluff Road,unknown,Hampton
Horsham,spotlight,Shop 34 Horsham plaza Darlot Street Horsham VIC 3400 Australia,unknown,Spotlight Horsham
Wyndham,spotlight,52 - 64 Old Geelong Road Hoppers Crossing VIC 3029 Australia,unknown,Spotlight Hoppers Crossing
Whitehorse,spotlight,Tenancy MM012 The Glen Shopping Center 235 Springvale Road Glen Waverley VIC 3150 Australia,unknown,"Spotlight The Glen Creative (Craft, Party, Sew)"
Wangaratta,spotlight,18 Parfitt Road Wangaratta VIC 3676 Australia,unknown,Spotlight Wangaratta
Hume,spotlight,Roxburgh Park Homemaker Domain 1640 Pascoe Vale Road Roxburgh Park VIC 3064 Australia,unknown,Spotlight Roxburgh Park
Melton,spotlight,Tenancy 1 Western Hwy & Chisholm Dr Burnside VIC 3023 Australia,unknown,Spotlight Burnside
Warrnambool,spotlight,84 Raglan Parade Warrnambool VIC 3280 Australia,unknown,Spotlight Warrnambool
Latrobe,spotlight,183 Arygle Street Traralgon VIC 3844 Australia,unknown,Spotlight Traralgon
Whittlesea,spotlight,795 Plenty Road South Morang VIC 3752 Australia,unknown,Spotlight South Morang
Port Phillip,spotlight,111 Cecil Street South Melbourne VIC 3205 Australia,unknown,Spotlight South Melbourne
Greater Shepparton,spotlight,Tenancy 5 115-155 Benalla Road Shepparton VIC 3630 Australia,unknown,Spotlight Shepparton
Greater Dandenong,spotlight,819 - 825 Princes Highway Corner Springvale Road Springvale VIC 3171 Australia,unknown,Spotlight Sandown
Wellington,spotlight,216 Raymond Street Sale VIC 3850 Australia,unknown,Spotlight Sale
unknown,spotlight,85 Chifley Drive Preston VIC 3072 Australia,unknown,Spotlight Preston
Kingston,spotlight,27 - 29 Nepean Hwy Mentone VIC 3194 Australia,unknown,Spotlight Mentone
Mildura Shire,spotlight,Corner Fifteenth Street & Etiwanda Avenue Mildura VIC 3500 Australia,unknown,Spotlight Mildura
Maribyrnong,spotlight,Highpoint Homemaker Centre 179 Rosamond Road Maribyrnong VIC 3032 Australia,unknown,Spotlight Maribyrnong
Greater Geelong,spotlight,25 - 27 Settlement Road Belmont VIC 3216 Australia,unknown,Spotlight Geelong
Frankston,spotlight,111 Cranbourne Road Frankston VIC 3199 Australia,unknown,Spotlight Frankston
Casey,spotlight,Corner Narre Warren North Road & Victor Cres Narre Warren VIC 3805 Australia,unknown,Spotlight Fountain Gate
Moonee Valley,spotlight,Essendon DFO Shop 14 100 Bulla Road Essendon Fields VIC 3041 Australia,unknown,Spotlight Essendon
Casey,spotlight,Corner South Gippsland Highway & Thompsons Road Cranbourne VIC 3977 Australia,unknown,Spotlight Cranbourne
Glen Eira,spotlight,Shop 14 2 Koornang Road Carnegie VIC 3163 Australia,unknown,Spotlight Carnegie
Whitehorse,spotlight,Tenancy 1 313 Middleborough Rd Box Hill South VIC 3128 Australia,unknown,Spotlight Box Hill
Greater Bendigo,spotlight,6 Marong Road Bendigo VIC 3550 Australia,unknown,Spotlight Bendigo
Maroondah,spotlight,224 - 234 Canterbury Road Bayswater North VIC 3153 Australia,unknown,Spotlight Bayswater
Ballarat North,spotlight,333 Gillies Street North Wendouree VIC 3355 Australia,unknown,Spotlight Ballarat
East Gippsland,spotlight,58 Bailey St Bairnsdale VIC 3875 Australia,unknown,Spotlight Bairnsdale
Melbourne,thebodyshop,,unknown,Melbourne Central
Airport West,thebodyshop,,unknown,Airport West
Mill Park,thebodyshop,,unknown,Plenty Valley
Bendigo,thebodyshop,,unknown,Bendigo Marketplace
Glen Waverley,thebodyshop,,unknown,The Glen
Taylors La,thebodyshop,,unknown,Watergardens
Chadstone,thebodyshop,,unknown,Australia Pulse Kiosk
Vic,thebodyshop,,unknown,Eastland
Wendouree,thebodyshop,,unknown,Ballarat
Doncaster,thebodyshop,,unknown,Doncaster
Epping,thebodyshop,,unknown,Epping
Fountain G,thebodyshop,,unknown,Fountain Gate
Greensborough,thebodyshop,,unknown,Greensborough
Cheltenham,thebodyshop,,unknown,Southland
Maribyrnon,thebodyshop,,unknown,Highpoint
Preston Vi,thebodyshop,,unknown,Northland
Frankston,thebodyshop,,unknown,Frankston
Wantirna V,thebodyshop,,unknown,Knox
"Geelong, V",thebodyshop,,unknown,Geelong
unknown,the_groove_train_au,Shop F161 Casey Central Shopping Centre 400 Narre Warren-Cranbourne Rd Narre Warren VIC 3805,unknown,Casey
unknown,the_groove_train_au,Shop PAD P4 Chirnside Park Shopping Centre 239-241 Maroondah Highway Chirnside Park VIC 3116,unknown,Chirnside Park
unknown,the_groove_train_au,Shop 326 Level 3 Greensborough Plaza 25 Main St Greensborough VIC 3088,unknown,Greensborough
unknown,the_groove_train_au,571-583 High St Epping VIC 3076,unknown,Epping Plaza
unknown,the_groove_train_au,Shop R024 Eastland Shopping Centre 171-175 Maroondah Highway Ringwood VIC 3134,unknown,Eastland
unknown,the_groove_train_au,Shop 120 Cranbourne Park Shopping Centre High St Cranbourne VIC 3977,unknown,Cranbourne
Melbourne,tommy_hilfiger_au_nz,Shop GD03 Melbourne Central Shopping Centre Corner Latrobe & Swanston Street Melbourne VIC 3000,unknown,MELBOURNE CENTRAL
Manningham,tommy_hilfiger_au_nz,Shop 1094 Westfield Doncaster 619 Doncaster Rd Doncaster VIC 3108,unknown,DONCASTER
Maribyrnong,tommy_hilfiger_au_nz,Level 3 Shop 3520 Highpoint Shopping Centre 179 Rosamond Rd Maribyrnong VIC 3032,unknown,HIGH POINT / MARIBYRNONG
Glen Eira,tommy_hilfiger_au_nz,Shop G076 Chadstone Shopping Centre 1341 Dandenong Rd Malvern East VIC 3145,unknown,CHADSTONE
Moonee Valley,tommy_hilfiger_au_nz,Shop G086 Essendon DFO 100 Bulla Rd Essendon Fields VIC 3041,unknown,ESSENDON DFO
unknown,tommy_hilfiger_au_nz,Shop G050 Moorabbin DFO 250 Centre Dandenong Road Moorabbin Airport VIC 3194,unknown,MOORABBIN DFO
Melbourne,tommy_hilfiger_au_nz,Shop TB32 South Wharf DFO 20 Convention Centre Place South Wharf VIC 3006,unknown,SOUTH WHARF DFO
Melbourne,tommy_hilfiger_au_nz,Shop 028 Level 01 287 Lonsdale Street Melbourne VIC 3000,unknown,EMPORIUM
Whittlesea,tommy_hilfiger_au_nz,Shop T-015 Uni Hill Outlet Centre 2 Janefield Drive Bundoora VIC 3083,unknown,Uni Hill DFO
Braeside,total_tools_au,,unknown,Total Tools Braeside
Kangaroo Flat,total_tools_au,,unknown,Total Tools Bendigo
Ballarat,total_tools_au,,unknown,Total Tools Ballarat
Wonthaggi,total_tools_au,,unknown,Total Tools Wonthaggi
Warrnambool,total_tools_au,,unknown,Total Tools Warrnambool
Tullamarine,total_tools_au,,unknown,Total Tools Tullamarine
Traralgon,total_tools_au,,unknown,Total Tools Traralgon
Thomastown,total_tools_au,,unknown,Total Tools Thomastown
Taylors Lakes,total_tools_au,,unknown,Total Tools Taylors Lakes
Sunshine North,total_tools_au,,unknown,Total Tools Sunshine
Sunbury,total_tools_au,,unknown,Total Tools Sunbury
South Melbourne,total_tools_au,,unknown,Total Tools South Melbourne
Shepparton,total_tools_au,,unknown,Total Tools Shepparton
Rosebud,total_tools_au,,unknown,Total Tools Rosebud
Richmond,total_tools_au,,unknown,Total Tools Richmond
Preston,total_tools_au,,unknown,Total Tools Preston
Pakenham,total_tools_au,,unknown,Total Tools Pakenham
Mount Waverley,total_tools_au,,unknown,Total Tools Mount Waverley
Mornington,total_tools_au,,unknown,Total Tools Mornington
Heatherton,total_tools_au,,unknown,Total Tools Moorabbin
Mitcham,total_tools_au,,unknown,Total Tools Mitcham
Mildura,total_tools_au,,unknown,Total Tools Mildura
Melton,total_tools_au,,unknown,Total Tools Melton
Kilsyth South,total_tools_au,,unknown,Total Tools Kilsyth
Horsham,total_tools_au,,unknown,Total Tools Horsham
Hoppers Crossing,total_tools_au,,unknown,Total Tools Hoppers Crossing
Grovedale,total_tools_au,,unknown,Total Tools Grovedale
North Geelong,total_tools_au,,unknown,Total Tools Geelong
Narre Warren,total_tools_au,,unknown,Total Tools Fountain Gate
Ferntree Gully,total_tools_au,,unknown,Total Tools Ferntree Gully
Epping,total_tools_au,,unknown,Total Tools Epping
Eltham,total_tools_au,,unknown,Total Tools Eltham
Dandenong,total_tools_au,,unknown,Total Tools Dandenong
Carrum Downs,total_tools_au,,unknown,Total Tools Carrum Downs
Ravenhall,total_tools_au,,unknown,Total Tools Caroline Springs
Brooklyn,total_tools_au,,unknown,Total Tools Brooklyn
PORTLAND,visa,,unknown,unknown
CASTERTON,visa,,unknown,unknown
WARRNAMBOOL,visa,,unknown,unknown
HAMILTON,visa,,unknown,unknown
CAMPERDOWN,visa,,unknown,unknown
COLAC,visa,,unknown,unknown
NHILL,visa,,unknown,unknown
LORNE,visa,,unknown,unknown
HORSHAM,visa,,unknown,unknown
ARARAT,visa,,unknown,unknown
SKIPTON,visa,,unknown,unknown
STAWELL,visa,,unknown,unknown
MURTOA,visa,,unknown,unknown
TORQUAY,visa,,unknown,unknown
WAURN PONDS,visa,,unknown,unknown
BELMONT,visa,,unknown,unknown
WARRACKNABEAL,visa,,unknown,unknown
GEELONG WEST,visa,,unknown,unknown
GEELONG,visa,,unknown,unknown
NEWCOMB,visa,,unknown,unknown
OCEAN GROVE,visa,,unknown,unknown
NORLANE,visa,,unknown,unknown
DELACOMBE,visa,,unknown,unknown
CORIO,visa,,unknown,unknown
SEBASTOPOL,visa,,unknown,unknown
BALLARAT,visa,,unknown,unknown
WENDOUREE,visa,,unknown,unknown
BALLARAT CENTRAL,visa,,unknown,unknown
SORRENTO,visa,,unknown,unknown
LARA,visa,,unknown,unknown
RYE,visa,,unknown,unknown
ROSEBUD,visa,,unknown,unknown
CRESWICK,visa,,unknown,unknown
DROMANA,visa,,unknown,unknown
HOPETOUN,visa,,unknown,unknown
DONALD,visa,,unknown,unknown
ST ARNAUD,visa,,unknown,unknown
COWES,visa,,unknown,unknown
MARYBOROUGH,visa,,unknown,unknown
WERRIBEE,visa,,unknown,unknown
BACCHUS MARSH,visa,,unknown,unknown
MORNINGTON,visa,,unknown,unknown
HOPPERS CROSSING,visa,,unknown,unknown
POINT COOK,visa,,unknown,unknown
HASTINGS,visa,,unknown,unknown
DAYLESFORD,visa,,unknown,unknown
TARNEIT,visa,,unknown,unknown
MOUNT ELIZA,visa,,unknown,unknown
WONTHAGGI,visa,,unknown,unknown
MELTON WEST,visa,,unknown,unknown
LAVERTON,visa,,unknown,unknown
MELTON,visa,,unknown,unknown
FRANKSTON,visa,,unknown,unknown
ALTONA,visa,,unknown,unknown
KARINGAL,visa,,unknown,unknown
BIRCHIP,visa,,unknown,unknown
DEER PARK,visa,,unknown,unknown
ALTONA NORTH,visa,,unknown,unknown
ARDEER,visa,,unknown,unknown
CAROLINE SPRINGS,visa,,unknown,unknown
WILLIAMSTOWN,visa,,unknown,unknown
CHELSEA,visa,,unknown,unknown
CAIRNLEA,visa,,unknown,unknown
CARRUM DOWNS,visa,,unknown,unknown
SUNSHINE,visa,,unknown,unknown
MORDIALLOC,visa,,unknown,unknown
DELAHEY,visa,,unknown,unknown
ST ALBANS,visa,,unknown,unknown
MENTONE,visa,,unknown,unknown
BRAYBROOK,visa,,unknown,unknown
BRIGHTON,visa,,unknown,unknown
CHELTENHAM,visa,,unknown,unknown
KEILOR DOWNS,visa,,unknown,unknown
TAYLORS LAKES,visa,,unknown,unknown
FOOTSCRAY,visa,,unknown,unknown
PORT MELBOURNE,visa,,unknown,unknown
ST KILDA,visa,,unknown,unknown
BENTLEIGH,visa,,unknown,unknown
ELSTERNWICK,visa,,unknown,unknown
KEILOR EAST,visa,,unknown,unknown
MARIBYRNONG,visa,,unknown,unknown
KEILOR,visa,,unknown,unknown
SOUTH MELBOURNE,visa,,unknown,unknown
DOCKLANDS,visa,,unknown,unknown
GISBORNE,visa,,unknown,unknown
CRANBOURNE,visa,,unknown,unknown
PRAHRAN,visa,,unknown,unknown
FLEMINGTON,visa,,unknown,unknown
ASCOT VALE,visa,,unknown,unknown
MELBOURNE,visa,,unknown,unknown
NORTH MELBOURNE,visa,,unknown,unknown
CHARLTON,visa,,unknown,unknown
KEYSBOROUGH,visa,,unknown,unknown
CAULFIELD EAST,visa,,unknown,unknown
CRANBOURNE EAST,visa,,unknown,unknown
MOONEE PONDS,visa,,unknown,unknown
NIDDRIE,visa,,unknown,unknown
MALVERN,visa,,unknown,unknown
UNIVERSITY OF MELBOURNE,visa,,unknown,unknown
TOORAK,visa,,unknown,unknown
CARLTON,visa,,unknown,unknown
SUNBURY,visa,,unknown,unknown
LYNBROOK,visa,,unknown,unknown
COLLINGWOOD,visa,,unknown,unknown
CLAYTON,visa,,unknown,unknown
AIRPORT WEST,visa,,unknown,unknown
OAKLEIGH,visa,,unknown,unknown
SPRINGVALE,visa,,unknown,unknown
ABBOTSFORD,visa,,unknown,unknown
CHADSTONE,visa,,unknown,unknown
NOBLE PARK,visa,,unknown,unknown
BRUNSWICK,visa,,unknown,unknown
NARRE WARREN,visa,,unknown,unknown
CLIFTON HILL,visa,,unknown,unknown
DANDENONG,visa,,unknown,unknown
HAMPTON PARK,visa,,unknown,unknown
GLADSTONE PARK,visa,,unknown,unknown
ASHBURTON,visa,,unknown,unknown
CASTLEMAINE,visa,,unknown,unknown
WOODEND,visa,,unknown,unknown
HAWTHORN,visa,,unknown,unknown
DANDENONG SOUTH,visa,,unknown,unknown
GLENROY,visa,,unknown,unknown
DOVETON,visa,,unknown,unknown
CAMBERWELL,visa,,unknown,unknown
KEW,visa,,unknown,unknown
COBURG,visa,,unknown,unknown
NORTHCOTE,visa,,unknown,unknown
MULGRAVE,visa,,unknown,unknown
HADFIELD,visa,,unknown,unknown
MT WAVERLEY,visa,,unknown,unknown
MOUNT WAVERLEY,visa,,unknown,unknown
BERWICK,visa,,unknown,unknown
BROADMEADOWS,visa,,unknown,unknown
KYNETON,visa,,unknown,unknown
ENDEAVOUR HILLS,visa,,unknown,unknown
BALWYN,visa,,unknown,unknown
DALLAS,visa,,unknown,unknown
PRESTON,visa,,unknown,unknown
FAWKNER,visa,,unknown,unknown
GLEN WAVERLEY,visa,,unknown,unknown
IVANHOE,visa,,unknown,unknown
CAMPBELLFIELD,visa,,unknown,unknown
MEADOW HEIGHTS,visa,,unknown,unknown
BURWOOD EAST,visa,,unknown,unknown
HEIDELBERG WEST,visa,,unknown,unknown
RESERVOIR,visa,,unknown,unknown
BOX HILL,visa,,unknown,unknown
ROWVILLE,visa,,unknown,unknown
ROXBURGH PARK,visa,,unknown,unknown
HEIDELBERG,visa,,unknown,unknown
FOREST HILL,visa,,unknown,unknown
BULLEEN,visa,,unknown,unknown
BLACKBURN NORTH,visa,,unknown,unknown
CRAIGIEBURN,visa,,unknown,unknown
DONCASTER,visa,,unknown,unknown
THOMASTOWN,visa,,unknown,unknown
LALOR,visa,,unknown,unknown
WANTIRNA SOUTH,visa,,unknown,unknown
PAKENHAM,visa,,unknown,unknown
LEONGATHA,visa,,unknown,unknown
BUNDOORA,visa,,unknown,unknown
FERNTREE GULLY,visa,,unknown,unknown
EPPING,visa,,unknown,unknown
WATSONIA,visa,,unknown,unknown
UPPER FERNTREE GULLY,visa,,unknown,unknown
DONCASTER EAST,visa,,unknown,unknown
GREENSBOROUGH,visa,,unknown,unknown
RINGWOOD,visa,,unknown,unknown
FOSTER,visa,,unknown,unknown
BORONIA,visa,,unknown,unknown
BAYSWATER,visa,,unknown,unknown
BELGRAVE,visa,,unknown,unknown
SOUTH MORANG,visa,,unknown,unknown
ELTHAM,visa,,unknown,unknown
CROYDON,visa,,unknown,unknown
EMERALD,visa,,unknown,unknown
DIAMOND CREEK,visa,,unknown,unknown
KANGAROO FLAT,visa,,unknown,unknown
MOOROOLBARK,visa,,unknown,unknown
CHIRNSIDE PARK,visa,,unknown,unknown
DOREEN,visa,,unknown,unknown
LILYDALE,visa,,unknown,unknown
BENDIGO,visa,,unknown,unknown
STRATHDALE,visa,,unknown,unknown
EAGLEHAWK,visa,,unknown,unknown
WHITTLESEA,visa,,unknown,unknown
DROUIN,visa,,unknown,unknown
KILMORE,visa,,unknown,unknown
WARRAGUL,visa,,unknown,unknown
YARRA GLEN,visa,,unknown,unknown
YARRA JUNCTION,visa,,unknown,unknown
HEALESVILLE,visa,,unknown,unknown
MILDURA,visa,,unknown,unknown
MOE,visa,,unknown,unknown
MORWELL,visa,,unknown,unknown
SEYMOUR,visa,,unknown,unknown
ROBINVALE,visa,,unknown,unknown
TRARALGON,visa,,unknown,unknown
YEA,visa,,unknown,unknown
KERANG,visa,,unknown,unknown
SWAN HILL,visa,,unknown,unknown
ECHUCA,visa,,unknown,unknown
SALE,visa,,unknown,unknown
KYABRAM,visa,,unknown,unknown
EUROA,visa,,unknown,unknown
MAFFRA,visa,,unknown,unknown
MOOROOPNA,visa,,unknown,unknown
MANSFIELD,visa,,unknown,unknown
SHEPPARTON,visa,,unknown,unknown
NUMURKAH,visa,,unknown,unknown
BENALLA,visa,,unknown,unknown
BAIRNSDALE,visa,,unknown,unknown
COBRAM,visa,,unknown,unknown
LAKES ENTRANCE,visa,,unknown,unknown
WANGARATTA,visa,,unknown,unknown
YARRAWONGA,visa,,unknown,unknown
MYRTLEFORD,visa,,unknown,unknown
BRIGHT,visa,,unknown,unknown
BEECHWORTH,visa,,unknown,unknown
MOUNT BEAUTY,visa,,unknown,unknown
ORBOST,visa,,unknown,unknown
WODONGA,visa,,unknown,unknown
CORRYONG,visa,,unknown,unknown
Footscray,western_union,,unknown,FOOTSCRAY CURRENCY EXCHANGE PTY LTD
