City,Place Name,Zipcode,Name
Ferring,asda_gb,,unknown,Asda
Crawley,asda_gb,,unknown,Asda
Worthing,bhf_gb,,unknown,Worthing BHF Charity Shop
Horsham,bhf_gb,,unknown,Horsham BHF Charity Shop
East Grinstead,bhf_gb,,unknown,East Grinstead BHF Charity Shop
Crawley,bhf_gb,,unknown,Crawley Queensway BHF Charity Shop
Chichester,bhf_gb,,unknown,Chichester BHF Charity Shop
Burgess Hill,bhf_gb,,unknown,Burgess Hill BHF Charity Shop
Bognor Regis,bhf_gb,,unknown,Bognor Regis BHF Charity Shop
Crawley,bmw_group,,unknown,Vines of Gatwick
Rustington,bmw_group,,unknown,Group 1 Worthing
Chichester,bmw_group,,unknown,Rolls-Royce Motor Cars Limited
unknown,budgens_gb,,unknown,Budgens Shoreham Airport
Felbridge,budgens_gb,,unknown,Budgens London Road
Horsham,budgens_gb,,unknown,Budgens Holbrook
Lancing,budgens_gb,,unknown,Budgens South Street
Steyning,budgens_gb,,unknown,Budgens Steyning
Goring by Sea,budgens_gb,,unknown,Budgens Boxgrove
Brighton,budgens_gb,,unknown,Budgens Rottingdean
Worthing,budgens_gb,,unknown,Budgens Brooklands
Bognor Regis,burgerking,,unknown,Burger King
Burgess Hill,b_and_m,,unknown,B&M Burgess Hill (833) Store
Worthing,b_and_m,,unknown,B&M Worthing - Guildbourne Centre (827) Store
Crawley,b_and_m,,unknown,B&M Crawley - County Oak Retail Park (568) Home Store
Bognor Regis,b_and_m,,unknown,B&M Bognor Regis (565) Home Store
Haywards Heath,carpetright_gb,,unknown,Carpetright
Horsham,carpetright_gb,,unknown,Carpetright
Crawley,carpetright_gb,,unknown,Carpetright
Chichester,carpetright_gb,,unknown,Carpetright
East Grinstead,carpetright_gb,,unknown,Carpetright
Horsham,cex,,unknown,Horsham
Chichester,cex,,unknown,Chichester
Bognor Regis,cex,,unknown,Bognor Regis
Littlehampton,dunelm_gb,,unknown,Rustington
Crawley,dunelm_gb,,unknown,Crawley 
Chichester,dunelm_gb,,unknown,Chichester
Worthing,ember_inns_gb,,unknown,"North Star, Worthing Worthing"
Crawley,ember_inns_gb,,unknown,Frogshole Farm Crawley
Haywards Heath,ember_inns_gb,,unknown,"Red Lion, Lindfield Lindfield"
Worthing,favorite_chicken_gb,,unknown,Favorite Chicken & Ribs
Crawley,furniture_village_gb,,unknown,Furniture Village Crawley
Bognor Regis,game_gb,,unknown,GAME Bognor Regis
Crawley,game_gb,,unknown,GAME Crawley Lite
Chichester,game_gb,,unknown,GAME Chichester
Littlehampton,grape_tree_gb,,unknown,Grape Tree Rustington
Chichester,grape_tree_gb,,unknown,Grape Tree Chichester
Bognor Regis,grape_tree_gb,,unknown,Grape Tree Bognor Regis
Horsham,grape_tree_gb,,unknown,Grape Tree Horsham
Burgess Hill,grape_tree_gb,,unknown,Grape Tree Burgess Hill
Worthing,grape_tree_gb,,unknown,Grape Tree Worthing
Worthing,j_d_wetherspoon,56 Chapel Road Worthing West Sussex BN11 1BE,unknown,The Three Fishes
Burgess Hill,j_d_wetherspoon,49–51 Church Walk Burgess Hill West Sussex RH15 9BQ,unknown,The Six Gold Martlets
Crawley,j_d_wetherspoon,After Security North Terminal Gatwick Airport Crawley West Sussex RH6 0PJ,unknown,The Red Lion
East Grinstead,j_d_wetherspoon,,unknown,The Ounce & Ivy Bush
Horsham,j_d_wetherspoon,,unknown,The Lynd Cross
Crawley,j_d_wetherspoon,,unknown,The Jubilee Oak
Bognor Regis,j_d_wetherspoon,2–10 Queensway Bognor Regis West Sussex PO21 1QT,unknown,The Hatter’s Inn
Littlehampton,j_d_wetherspoon,14–18 Surrey Street Littlehampton West Sussex BN17 5BG,unknown,The George Inn
Crawley,j_d_wetherspoon,After Security South Terminal Gatwick Airport Crawley West Sussex RH6 0NN,unknown,The Flying Horse
Chichester,j_d_wetherspoon,West Street Chichester West Sussex PO19 1QD,unknown,The Dolphin & Anchor
Crawley,j_d_wetherspoon,Before Security South Terminal Gatwick Airport Crawley West Sussex RH6 0NQ,unknown,The Beehive
Haywards Heath,leightons_gb,,unknown,Leightons Opticians & Hearing Care
unknown,londis_gb,,unknown,Londis LONDIS - GORING ROAD
Cuckfield Haywards Heath,londis_gb,,unknown,Londis Cuckfield
Bognor Regis,londis_gb,,unknown,Londis Londis - Bognor Regis
Sidlesham Chichester,londis_gb,,unknown,Londis Sidlesham (formerly: ESSO Paddock)
East Grinstead,londis_gb,,unknown,Londis LONDIS - RAILWAY APPROACH
Chichester,londis_gb,,unknown,Londis LONDIS - HUNSTON
Lewes,londis_gb,,unknown,Londis LONDIS - MOUNT HARRY LEWES
Nutley,londis_gb,,unknown,Londis LONDIS - NUTLEY SERVICE STATION
Reigate,londis_gb,,unknown,Londis LONDIS REIGATE
Southwick,londis_gb,,unknown,Londis LONDIS - SOUTHWICK
Wivelsfield,londis_gb,,unknown,Londis WIVELSFIELD GREEN PO & STORES
Crawley,londis_gb,,unknown,Londis Shell Ifield Service Station
Burgess hill,londis_gb,,unknown,Londis LONDIS BURGESS HILL
Burgess Hill,londis_gb,,unknown,Londis Shell Burgess Hill Service Station
Worthing,londis_gb,,unknown,Londis BP Worthing Service Station
Findon,marstons_plc,High Street Findon West Sussex BN14 0TA,unknown,Gun Inn
Arundel,marstons_plc,Houghton Arundel West Sussex BN18 9LW,unknown,George & Dragon
Chichester,marstons_plc,West Street Chichester West Sussex PO19 1QU,unknown,Duke & Rye
Crawley,marstons_plc,Balcombe Road Crawley West Sussex RH10 7NN,unknown,Coaching Halt
Bognor Regis,marstons_plc,Shripney Road Bognor Regis West Sussex PO22 9FL,unknown,Charlie Purley
Horsham,marstons_plc,Two Mile Ash Southwater Horsham West Sussex RH13 0LA,unknown,Bax Castle
Horsham,marstons_plc,Lintot Square Southwater Horsham West Sussex RH13 9LA,unknown,Lintot
Shoreham-by-Sea,marstons_plc,Brighton Road Shoreham-by-Sea West Sussex BN43 5LD,unknown,Longshore
Chichester,midcounties_cooperative_gb,,unknown,Chichester Nursery
Haywards Heath,miller_and_carter_gb,,unknown,Miller & Carter Haywards Heath Haywards Heath
Lancing,miller_and_carter_gb,,unknown,Miller & Carter Lancing West Sussex
Bognor Regis,morrisons_gb,,unknown,Bognor Regis
Worthing,morrisons_gb,,unknown,McColl's Worthing 62-66 Heene Road
Littlehampton,morrisons_gb,,unknown,Littlehampton Petrol Station
Crawley ,morrisons_gb,,unknown,Morrisons Daily Crawley
Billingshurst,morrisons_gb,,unknown,Morrisons Daily Billingshurst
Crawley,morrisons_gb,,unknown,Martin's Crawley 204 Ifield Drive
Haywards Heath,morrisons_gb,,unknown,Morrisons Daily Haywards Heath America Lane
Hassocks,morrisons_gb,,unknown,Morrisons Daily Hassocks 44 Keymer Road
East Grinstead,national_trust_gb,,unknown,Standen House and Garden
Haywards Heath,national_trust_gb,,unknown,Wakehurst
near Haywards Heath,national_trust_gb,,unknown,Nymans
Woolbeding,national_trust_gb,,unknown,Harting Down
Petworth,national_trust_gb,,unknown,Petworth
near Brighton,national_trust_gb,,unknown,Saddlescombe Farm and Newtimber Hill
Nr Brighton,national_trust_gb,,unknown,Devil's Dyke
Midhurst,national_trust_gb,,unknown,Woolbeding Gardens
Near Findon,national_trust_gb,,unknown,Cissbury Ring
Singleton,national_trust_gb,,unknown,Drovers Estate
near Arundel,national_trust_gb,,unknown,Slindon Estate
Petersfield,national_trust_gb,,unknown,Uppark House and Garden
Chichester,national_trust_gb,,unknown,East Head
HORSHAM,next,,unknown,HORSHAM 
Bognor Regis,next,,unknown,BOGNOR REGIS - ARUN RETAIL PARK
Horsham,o2_gb,,unknown,O2 Shop Horsham
Chichester,o2_gb,,unknown,O2 Shop Chichester
Crawley,o2_gb,,unknown,O2 Shop Crawley
Haywards Heath,o2_gb,,unknown,O2 Shop Haywards Heath
Worthing,o2_gb,,unknown,O2 Shop Worthing
West Sussex,pizza_express_gb,Stanford Cottage Warwick Street Worthing West Sussex BN11 3EZ,unknown,Worthing Warwick Street
Chichester,pizza_express_gb,27 South Street Chichester West Sussex PO19 1EL,unknown,Chichester South Street
Arundel,pizza_express_gb,33 High Street Arundel West Sussex BN18 9AG,unknown,Arundel High Street
West Sussex,pizza_express_gb,19-23 East Street Horsham West Sussex RH12 1HH,unknown,Horsham East Street
Crawley,pizza_express_gb,2 The Boulevard Crawley West Sussex RH10 1XX,unknown,Crawley The Boulevard
East Grinstead,pizza_express_gb,39 High Street East Grinstead West Sussex RH19 3AF,unknown,East Grinstead High Street
West Sussex,pizza_hut_gb,,unknown,Pizza Hut Worthing Goring Rd
Lancing,premier_gb,,unknown,Premier V&P Convenience Store
Chichester,premier_gb,,unknown,Premier Country Stores
Bognor Regis,premier_gb,,unknown,Premier Patels
Crawley,premier_gb,,unknown,Premier Tollgate Express
Midhurst,premier_gb,,unknown,Premier Holmbush Convenience Store
Selsey,premier_gb,,unknown,Premier East Beach Stores
Worthing,premier_gb,,unknown,Premier Thirty's
Shoreham-by-Sea,premier_gb,,unknown,Premier Albion Convenience Store
Littlehampton,premier_gb,,unknown,Premier High Street
Horsham,premier_gb,,unknown,Premier Ricky's
Emsworth,rowlands_pharmacy_gb,,unknown,Rowlands Pharmacy Westbourne
Bognor Regis,rowlands_pharmacy_gb,,unknown,Rowlands Pharmacy Middleton
Ferring,rowlands_pharmacy_gb,,unknown,Rowlands Pharmacy Ferring
Lancing,rowlands_pharmacy_gb,,unknown,Rowlands Pharmacy Lancing
Worthing,rowlands_pharmacy_gb,,unknown,Rowlands Pharmacy The Waterfront
Worthing,screwfix_gb,,unknown,Screwfix Worthing
Shoreham by Sea,screwfix_gb,,unknown,Screwfix Shoreham
West Sussex,screwfix_gb,,unknown,Screwfix Selsey
Rustington,screwfix_gb,,unknown,Screwfix Rustington
Horsham,screwfix_gb,,unknown,Screwfix Horsham
East Grinstead,screwfix_gb,,unknown,Screwfix East Grinstead
Crawley,screwfix_gb,,unknown,Screwfix Crawley - Denvale Trade Park
Chichester,screwfix_gb,,unknown,Screwfix Chichester
Burgess Hill,screwfix_gb,,unknown,Screwfix Burgess Hill
Bognor Regis,screwfix_gb,,unknown,Screwfix Bognor Regis
Billingshurst,screwfix_gb,,unknown,Screwfix Billingshurst
CRAWLEY,shell,,unknown,MFG IFIELD
SHOREHAM-BY-SEA,shell,,unknown,SHELL LITTLE WAITROSE SHOREHAM
WORTHING,shell,,unknown,MFG WORTHING
Henfield,shell,,unknown,SHELL HENFIELD
LITTLEHAMPTON,shell,,unknown,SHELL LITTLE WAITROSE EAST FIELD
HAYWARDS HEATH,shell,,unknown,SHELL BIRCH
BURGESS HILL,shell,,unknown,MFG BURGESS HILL
Horsham,shell,,unknown,SHELL LITTLE WAITROSE HOP OAST
BILLINGSHURST,shell,,unknown,RONTEC BILLINGSHURST
Arundel,shell,,unknown,SHELL LITTLE WAITROSE FONTWELL
HORSHAM,shell,,unknown,SHELL BUDGENS HORSHAM
CHICHESTER,shell,,unknown,SHELL BIRDHAM
unknown,shoezone_gb,,unknown,Shoe Zone
Bognor Regis,specsavers,,unknown,Bognor Regis Sainsbury's
Worthing,specsavers,,unknown,Worthing
Rustington,specsavers,,unknown,Rustington
Chichester,specsavers,,unknown,Chichester
Burgess Hill,specsavers,,unknown,Burgess Hill
Haywards Heath,specsavers,,unknown,Haywards Heath
Horsham,specsavers,,unknown,Horsham
Crawley,specsavers,,unknown,Crawley
East Grinstead,specsavers,,unknown,East Grinstead
Shoreham,stonehouse_gb,,unknown,The Royal George Shoreham
Crawley,team_sport_gb,,unknown,TeamSport Go Karting Crawley
Brighton,team_sport_gb,,unknown,TeamSport Go Karting Brighton
Chichester,the_cooperative_group,,unknown,Whites Funeralcare
Bognor Regis,the_cooperative_group,,unknown,Pagham Funeralcare
Burgess Hill,the_cooperative_group,,unknown,"The Co-operative Food, Sheddingdean"
Worthing,the_cooperative_group,,unknown,Worthing Funeralcare
Brighton,the_cooperative_group,,unknown,"The Co-operative Food, Shoreham-by-Sea - Ham Road"
Crawley,the_cooperative_group,,unknown,Crawley Funeralcare
Steyning,the_cooperative_group,,unknown,"The Co-operative Food, Steyning - High Street"
Southwick,the_cooperative_group,,unknown,"The Co-operative Food, Southwick Square"
Southwater,the_cooperative_group,,unknown,"The Co-operative Food, Southwater"
Lancing,the_cooperative_group,,unknown,"Co-op Funeralcare, Lancing"
Horsham,the_cooperative_group,,unknown,"Co-op Funeralcare, Horsham"
Petworth,the_cooperative_group,,unknown,"The Co-operative Food, Petworth"
Hassocks,the_cooperative_group,,unknown,"The Co-operative Food, Hurstpierpoint"
Haywards Heath,the_cooperative_group,,unknown,"The Co-operative Food, Cuckfield - Whitemans Green"
Pulborough,the_cooperative_group,,unknown,"The Co-operative Food, Ashington - London Road"
Arundel,the_cooperative_group,,unknown,"The Co-operative Food, Arundel"
Littlehampton,the_cooperative_group,,unknown,F A Holland Funeralcare
Crawley,the_range,,unknown,The Range: Crawley
Chichester,the_range,,unknown,The Range: Chichester
Gatwick,timpson_gb,,unknown,"Gatwick, Tesco"
Crawley,timpson_gb,,unknown,"Crawley, Asda"
Worthing,toby_carvery_gb,,unknown,Toby Carvery Downlands Worthing
Crawley,toby_carvery_gb,,unknown,Toby Carvery Langley Green Crawley
Burgess Hill,vets4pets_gb,,unknown,Burgess Hill Vets for Pets
Crawley,vets4pets_gb,,unknown,Crawley Vets4Pets
Rustington,vets4pets_gb,,unknown,Rustington Vets4Pets
Worthing,vets4pets_gb,,unknown,Worthing Vets4Pets
SELSEY,visa,,unknown,unknown
CHICHESTER,visa,,unknown,unknown
BOGNOR REGIS,visa,,unknown,unknown
ROSE GREEN,visa,,unknown,unknown
EAST WITTERING,visa,,unknown,unknown
BOGOR REGIS,visa,,unknown,unknown
MIDDLETON ON SEA,visa,,unknown,unknown
LITTLEHAMPTON,visa,,unknown,unknown
WORTHING,visa,,unknown,unknown
LITTLE HAMPTON,visa,,unknown,unknown
RUSTINGTON,visa,,unknown,unknown
GORING,visa,,unknown,unknown
FERRING,visa,,unknown,unknown
BRIGHTON,visa,,unknown,unknown
BROADWATER,visa,,unknown,unknown
SHOREHAM BY SEA,visa,,unknown,unknown
BARNHAM,visa,,unknown,unknown
SHOREHAM,visa,,unknown,unknown
ARUNDEL,visa,,unknown,unknown
WEST SUSSEX,visa,,unknown,unknown
STORRINGTON,visa,,unknown,unknown
BURGESS HILL,visa,,unknown,unknown
PULBOROUGH,visa,,unknown,unknown
PETWORTH,visa,,unknown,unknown
HAYWARDS HEATH,visa,,unknown,unknown
BILLINGHURST,visa,,unknown,unknown
HORSHAM,visa,,unknown,unknown
SOUTHWATER,visa,,unknown,unknown
CRAWLEY,visa,,unknown,unknown
EAST GRINSTEAD,visa,,unknown,unknown
Crawley,voyagecare,Oak House,unknown,Oak House
Crawley,voyagecare,The Acorns,unknown,The Acorns
Crawley,voyagecare,The Orchards,unknown,The Orchards
Crawley,vpz_gb,3 The Martletts Crawley RH10 1ER UK,unknown,VPZ Crawley
Midhurst,western_union,,unknown,MIDHURST POST OFFICE
Chichester,western_union,,unknown,SELSEY POST OFFICE
Bognor Regis,western_union,,unknown,SAINSBURYS BOGNOR REGIS
Horsham,western_union,,unknown,ROFFEY POST OFFICE
Billingshurst,western_union,,unknown,BILLINGSHURST POST OFFICE
Pulborough,western_union,,unknown,STORRINGTON POST OFFICE
Crawley,western_union,,unknown,UK DIGITAL SERVICES
Arundel,western_union,,unknown,ARUNDEL POST OFFICE
Littlehampton,western_union,,unknown,RUSTINGTON POST OFFICE
East Grinstead,western_union,,unknown,ASHURST WOOD POST OFFICE
Worthing,western_union,,unknown,DURRINGTON POST OFFICE
Steyning,western_union,,unknown,STEYNING POST OFFICE
Burgess Hill,western_union,,unknown,BURGESS HILL POST OFFICE
Haywards Heath,western_union,,unknown,SAINSBURYS  HAYWARDS HEATH
Hove,western_union,,unknown,SAINSBURYS  WEST HOVE
Henfield,western_union,,unknown,HENFIELD POST OFFICE
Lancing,western_union,,unknown,LANCING POST OFFICE
Brighton,western_union,,unknown,PACK OF CARDS
Shoreham By Sea,western_union,,unknown,SHOREHAM BY SEA POST OFFICE
Gatwick Airport,whsmith,,unknown,"WHSmith, Arrivals, North Terminal, Gatwick Airport"
Crawley,whsmith,,unknown,"WHSmith, County Mall, Crawley"
East Grinstead,whsmith,,unknown,"WHSmith, London Road, East Grinstead"
Horsham,whsmith,,unknown,"WHSmith, Swan Walk, Horsham"
Haywards Heath,whsmith,,unknown,"WHSmith, South Road, Haywards Heath"
Burgess Hill,whsmith,,unknown,"WHSmith, Church Road, Burgess Hill"
Chichester,whsmith,,unknown,"British Bookshop & Stationers, 9 North Street, Chichester"
Rustington,whsmith,,unknown,"WHSmith, Churchill Parade, Rustington"
Lancing,whsmith,,unknown,"WHSmith, North Road, Lancing"
Shoreham,whsmith,,unknown,"WHSmith, East Street, Shoreham"
Southwick,whsmith,,unknown,"WHSmith, Southwick Square, Southwick"
Worthing,whsmith,,unknown,"WHSmith, South Street, Worthing"
Bognor,whsmith,,unknown,"WHSmith, London Road, Bognor"
Bognor Regis,wolseley_gb,,unknown,Bognor
Crawley,wolseley_gb,,unknown,Crawley
