City,Place Name,Zipcode,Name
Theodore,agnvet_au,Fifth Avenue Theodore QLD Australia,unknown,Theodore
St George,agnvet_au,Thallon Road,unknown,St George
Moura,agnvet_au,8 Bindaree Road Moura Queensland Australia,unknown,Moura
Emerald,agnvet_au,Emerald Downs Road Emerald QLD 4720 Australia,unknown,Emerald
Ayr,agnvet_au,17 Mccathie St Ayr QLD Australia,unknown,Ayr
Biloela,agnvet_au,46 Raedon Street Biloela QLD 4715 Australia,unknown,Biloela
unknown,aldi_sud_au,,unknown,ALDI Acacia Ridge
Westcourt,alive_pharmacy_warehouse_au,,unknown,Alive Pharmacy Warehouse Westcourt
Edmonton,alive_pharmacy_warehouse_au,,unknown,Alive Pharmacy Warehouse Edmonton
Innisfail,alive_pharmacy_warehouse_au,,unknown,Alive Pharmacy Warehouse Innisfail
Mount Sheridan,alive_pharmacy_warehouse_au,,unknown,Alive Pharmacy Warehouse Mt Sheridan
Smithfield,alive_pharmacy_warehouse_au,,unknown,Alive Pharmacy Warehouse Smithfield Doctors
Townsville,alive_pharmacy_warehouse_au,,unknown,Alive Pharmacy Warehouse Willows
Burleigh Heads,ally_fashion_au,,unknown,Burleigh Heads
Carindale,ally_fashion_au,,unknown,Carindale
Brisbane City,angus_and_coote_au,SH 149B Uptown Centre 91 Queen Street Brisbane City QLD 4000,unknown,Brisbane Uptown
Browns Plains,angus_and_coote_au,SH 89 Grand Plaza Browns Plains Road Browns Plains QLD 4118,unknown,Browns Plains
Bundaberg Central,angus_and_coote_au,SH 54A Hinkler Central SC 16 Maryborough Street Bundaberg QLD 4670,unknown,Bundaberg
Cairns City,angus_and_coote_au,SH GD 064 Cairns Central Cnr Mcleod & Spence Sts Cairns City QLD 4870,unknown,Cairns Central
Caloundra,angus_and_coote_au,SH 26 Stockland S/C 47 Bowman Road Caloundra QLD 4551,unknown,Caloundra
Mackay,angus_and_coote_au,SH GD084 Caneland S/C Cnr Victoria & Mangrove Rds Mackay QLD 4740,unknown,Caneland
Capalaba,angus_and_coote_au,SH 6 Capalaba S/ Centre Redland Bay Road Capalaba QLD 4157,unknown,Capalaba
Carindale,angus_and_coote_au,SH 1005A Westfield Carindale 1151 Creek Road Carindale QLD 4152,unknown,Carindale
Hyde Park,angus_and_coote_au,Tenancy 06/7 Castletown Townsville 35-47 Kings Rd Hyde Park QLD 4812,unknown,Castletown
Chermside,angus_and_coote_au,Shop 180 Hamilton Road Chermside QLD 4032,unknown,Chermside
Cairns,angus_and_coote_au,SH 96/96A Earlville S/Town 537 Mulgrave Road Cairns QLD 4870,unknown,Earlville
Emerald,angus_and_coote_au,SH 27 Central Highlands Mktplace Cnr Capricorn Hwy & Codenwarra Rd Emerald QLD 4720,unknown,Emerald
Gladstone Central,angus_and_coote_au,Shop 31 Stockland Gladstone Shopping Centre Cnr Dawson Highway & Philip St Gladstone Central QLD 4680,unknown,Gladstone
Gympie,angus_and_coote_au,SH 39/40 Central S/C Cnr Bruce Hwy & Excelsior Rd Gympie QLD 4570,unknown,Gympie
Helensvale,angus_and_coote_au,SH 1062 Westfield Helensvale Town Centre Dr Helensvale QLD 4212,unknown,Helensvale
Hervey Bay,angus_and_coote_au,SH 56 Stockland Hervey Bay 6 Central Ave Hervey Bay QLD 4655,unknown,Hervey Bay
unknown,angus_and_coote_au,Shop 49 Riverlink Shopping Centre Cnr Pine St &amp;amp; The Terrace North Ipswich QLD 4305 ,unknown,Ipswich
Buddina,angus_and_coote_au,SH 336A Kawana Shoppingworld 119 Pt Cartwright Dr Buddina QLD 4575,unknown,Kawana Waters
Loganholme,angus_and_coote_au,Shop 98 Bryants Road Loganholme QLD 4129,unknown,Loganholme
Maroochydore,angus_and_coote_au,SH 254 Sunshine Plaza Maroochydore Rd Maroochydore QLD 4558,unknown,Maroochydore
Morayfield,angus_and_coote_au,SH 71 Morayfield S/C 171 Morayfield Road Morayfield QLD 4506,unknown,Morayfield
Mt Gravatt,angus_and_coote_au,SH 1054 Garden City S/ Centre Kessels Road Mt Gravatt QLD 4122,unknown,Mt Gravatt
North Lakes,angus_and_coote_au,Shop 116 Westfield Corner Anzac avenue north lakes drive Mango Hills North Lakes QLD 4509,unknown,North Lakes
Broadbeach,angus_and_coote_au,SH 1567 Pacific Fair S/C Hooker Boulevard Broadbeach QLD 4218,unknown,Pacific Fair
Robina,angus_and_coote_au,SH 4097 Robina Town Centre 19 Robina Town Centre Dr Robina QLD 4226,unknown,Robina
North Rockhampton,angus_and_coote_au,SH 68 Stockland Rockhampton 63/331 Yaamba Rd North Rockhampton QLD 4701,unknown,Rockhampton Fair
Springfield Central,angus_and_coote_au,Shop 65 Orion Springfield Centre 1 Main St Springfield Central QLD 4300,unknown,Springfield
Strathpine,angus_and_coote_au,SH 54/55 Strathpine Centre 295 Gympie Road Strathpine QLD 4500,unknown,Strathpine
Toowoomba City,angus_and_coote_au,SH 38G Grand Central Cnr Margaret & Dent Sts Toowoomba City QLD 4350,unknown,Toowoomba Central
Toowoomba City,angus_and_coote_au,SH GF013 Clifford Gardens S/C James St Toowoomba City QLD 4350,unknown,Toowoomba Gardens
Aitkenvale,angus_and_coote_au,SH 43 Stockland Townsville Ross River Road Aitkenvale QLD 4814,unknown,Townsville
Kirwan,angus_and_coote_au,SH 152 Willows S/Town Cnr Thuringowa Dr &amp; Hervey Range Rd Kirwan QLD 4817,unknown,Willows
Robina,apple,,unknown,Apple Robina
Chermside,apple,,unknown,Apple Chermside
Carindale,apple,,unknown,Apple Carindale
Brisbane City,apple,,unknown,Apple Brisbane
Fortitude Valley,audi,586 Wickham Street Fortitude Valley 4006,unknown,Audi Centre Brisbane
Indooroopilly,audi,34 Coonan Street Indooroopilly 4068,unknown,Audi Indooroopilly Service
Indooroopilly,audi,358 Moggill Road Indooroopilly 4068,unknown,Audi Indooroopilly
Slacks Creek,audi,3389 Pacific Highway Slacks Creek 4127,unknown,Audi Centre South Brisbane
Southport,audi,62-72 High Street Southport 4215,unknown,Audi Centre Gold Coast
Toowoomba,audi,28-32 Clifford Street Toowoomba 4350,unknown,Audi Centre Toowoomba
Maroochydore,audi,129 Sugar Road Maroochydore 4558,unknown,Audi Centre Sunshine Coast
Townsville,audi,15-17 Bowen Road Townsville 4812,unknown,Audi Centre Townsville
Cairns,audi,303-309 Mulgrave Road Cairns 4870,unknown,Audi Centre Cairns
Windsor,audi,112 Bowen Street Windsor 4030,unknown,Shipstone Accident Repair Specialist
Southport,audi,4 Anne Street Southport 4215,unknown,Euro Collision Centre
Brisbane,aurecongroup,Ground Floor 25 King Street Bowen Hills BrisbaneQld4006,unknown,unknown
Cairns,aurecongroup,Level 2 58 Lake Street Cairns CityQld4870,unknown,unknown
Gladstone,aurecongroup,Level 1 130 Auckland Street GladstoneQld4680,unknown,unknown
Gold Coast,aurecongroup,Level 5 Seabank 12-14 Marine Parade SouthportQld4215,unknown,unknown
Mackay,aurecongroup,Level 1 22-30 Wood Street MackayQld4740,unknown,unknown
Toowoomba,aurecongroup,123 Margaret Street ToowoombaQld4350,unknown,unknown
Airlie Beach,avis,,unknown,Avis Australia Airlie Beach
Woodridge,avis,,unknown,Avis Australia Woodridge
Wellcamp,avis,,unknown,Avis Australia Wellcamp Airport
Urangan,avis,,unknown,Avis Australia Urangan
Townsville,avis,,unknown,Avis Australia Townsville Airport
Toowoomba,avis,,unknown,Avis Australia Toowoomba Airport
Strathpine,avis,,unknown,Avis Australia Strathpine
South Tweed Heads,avis,,unknown,Avis Australia South Tweed Heads
South Brisbane,avis,,unknown,Avis Australia South Brisbane
Roma,avis,,unknown,Avis Australia Roma Airport
Rocklea,avis,,unknown,Avis Australia Rocklea
Rockhampton,avis,,unknown,Avis Australia Rockhampton Airport
Proserpine,avis,,unknown,Avis Australia Proserpine Airport
Palm Cove,avis,,unknown,Avis Australia Palm Cove
Noosa Heads,avis,,unknown,Avis Australia Noosa Heads
Nerang,avis,,unknown,Avis Australia Nerang
Mount Isa,avis,,unknown,Avis Australia Mount Isa Airport
Moranbah,avis,,unknown,Avis Australia Moranbah Airport
Maroochydore,avis,,unknown,Avis Australia Maroochydore Airport
Mackay,avis,,unknown,Avis Australia Mackay Airport
Longreach,avis,,unknown,Avis Australia Longreach Airport
Ipswich East,avis,,unknown,Avis Australia Ipswich East
Hervey Bay,avis,,unknown,Avis Australia Hervey Bay Airport
Hamilton,avis,,unknown,Avis Australia Hamilton
Gladstone,avis,,unknown,Avis Australia Gladstone Airport
Brisbane,avis,,unknown,Avis Australia Brisbane Airport
Emerald,avis,,unknown,Avis Australia Emerald
Dalby,avis,,unknown,Avis Australia Dalby
Currimundi,avis,,unknown,Avis Australia Currimundi
Bilinga,avis,,unknown,Avis Australia Bilinga Airport
Chinchilla,avis,,unknown,Avis Australia Chinchilla
Charters Towers,avis,,unknown,Avis Australia Charters Towers
Charleville,avis,,unknown,Avis Australia Charleville Airport
Capalaba,avis,,unknown,Avis Australia Capalaba
Cairns,avis,,unknown,Avis Australia Cairns Airport
Burpengary,avis,,unknown,Avis Australia Burpengary
Bundaberg,avis,,unknown,Avis Australia Bundaberg Airport
Boondall,avis,,unknown,Avis Australia Boondall
Gold Coast,botteg_aveneta,,unknown,Gold Coast - David Jones
Brisbane,brewdog,235 Brunswick Street Fortitude Valley Brisbane ,unknown,Brisbane Fortitude Valley
Brisbane,brewdog,77 Metroplex Ave Murarrie QLD 4172 Australia,unknown,DogTap Brisbane
Allenstown,brumbys_bakeries_au,11/145 Derby Street Allenstown QLD Australia,unknown,Brumby's Allenstown
Varsity Lakes,brumbys_bakeries_au,Christine Corner Shops 221 Christine Ave Varsity Lakes QLD 4227 Australia,unknown,Brumby's Varsity Lakes
Enoggera,carpet_court_au,,unknown,Enoggera Carpet Court
North Lakes,carpet_court_au,,unknown,North Lakes Carpet Court
MacGregor,carpet_court_au,,unknown,MacGregor Carpet Court
Warana,carpet_court_au,,unknown,Caloundra Carpet Court
Dalby,carpet_court_au,,unknown,Downs Carpet Court
Jindalee,carpet_court_au,,unknown,Jindalee Carpet Court
Bundamba,carpet_court_au,,unknown,Ipswich Carpet Court
Indooroopilly,carpet_court_au,,unknown,Indooroopilly Carpet Court
Underwood,carpet_court_au,,unknown,Abetta Carpet Court
Townsville,carpet_court_au,,unknown,Townsville Carpet Court
Toowoomba City,carpet_court_au,,unknown,Toowoomba Carpet Court
St George,carpet_court_au,,unknown,St George Tile and Carpet Court
Bundall,carpet_court_au,,unknown,Bundall Carpet Court
Roma,carpet_court_au,,unknown,Roma Tile and Carpet Court
North Rockhampton,carpet_court_au,,unknown,Trend Interiors Tile & Carpet Court
Mount Isa City,carpet_court_au,,unknown,Mount Isa Floorcovering Centre
Maroochydore,carpet_court_au,,unknown,Suncoast Carpet Court
Longreach,carpet_court_au,,unknown,Coola Carpet Court
Gympie,carpet_court_au,,unknown,Gympie Carpet Court
Helensvale,carpet_court_au,,unknown,Helensvale Carpet Court
Capalaba,carpet_court_au,,unknown,Capalaba Carpet Court
Cairns,carpet_court_au,,unknown,Camerons Carpet Court
Caboolture,carpet_court_au,,unknown,Caboolture Carpet Court
Burleigh Heads,carpet_court_au,,unknown,Burleigh Heads Carpet Court
Bundaberg Central,carpet_court_au,,unknown,Burnett Carpet Court
Browns Plains,carpet_court_au,,unknown,Browns Plains Carpet Court
Thuringowa,city_beach_au,City Beach Willows Shopping Center Shop-186 13 Hervey Range Road,unknown,Willows
Kensington,fantastic_furniture_au,39 Johanna Boulevard Kensington Queensland 4670,unknown,Bundaberg
Bundall,fantastic_furniture_au,36 Upton Street Bundall Queensland 4217,unknown,Bundall
Burleigh Heads,fantastic_furniture_au,10/12 Rudman Parade Burleigh Heads Queensland 4220,unknown,Burleigh Heads
Cairns,fantastic_furniture_au,Cairns Homemaker Centre Corner Draper and Kenny Street Cairns Queensland 4870,unknown,Cairns
Capalaba,fantastic_furniture_au,74 Redland Bay Road Capalaba Queensland 4157,unknown,Capalaba
Helensvale,fantastic_furniture_au,Homeworld 502 Hope Island Road Helensvale Queensland 4212,unknown,Helensvale
Pialba,fantastic_furniture_au,134 Boat Harbour Drive Pialba Queensland 4655,unknown,Hervey Bay
West Ipswich,fantastic_furniture_au,Ipswich Homebase 339 Brisbane Street West Ipswich Queensland 4305,unknown,Ipswich
Slacks Creek,fantastic_furniture_au,Logan Super Centre 3525 Pacific Highway Slacks Creek Queensland 4127,unknown,Logan
Mackay,fantastic_furniture_au,Home Consortium Corner Mackay-Bucasia and Holts Road Mackay Queensland 4740,unknown,Mackay
Maroochydore,fantastic_furniture_au,Maroochydore Homemaker Centre 11-55 Maroochy Boulevard Maroochydore Queensland 4558,unknown,Maroochydore
Morayfield,fantastic_furniture_au,Super Centre Morayfield 312 Morayfield Road Morayfield Queensland 4506,unknown,Morayfield
North Lakes,fantastic_furniture_au,North Lakes Retail Centre 56 North Lakes Drive North Lakes Queensland 4509,unknown,North Lakes
Allenstown,fantastic_furniture_au,143 Gladstone Road Allenstown Queensland 4700,unknown,Rockhampton
North Toowoomba,fantastic_furniture_au,181 Bridge Street North Toowoomba Queensland 4350,unknown,Toowoomba
Currajong,fantastic_furniture_au,Woolcock Street Supa Stores 216 - 230 Woolcock Street Currajong Queensland 4810,unknown,Townsville
Windsor,fantastic_furniture_au,142 Newmarket Road Windsor Queensland 4030,unknown,Windsor
Aspley,forty_winks_au,,unknown,Forty Winks Aspley
Kensington,forty_winks_au,,unknown,Forty Winks Bundaberg
Bundall,forty_winks_au,,unknown,Forty Winks Bundall
Cairns,forty_winks_au,,unknown,Forty Winks Cairns
Capalaba ,forty_winks_au,,unknown,Forty Winks Capalaba
Fortitude Valley,forty_winks_au,,unknown,Forty Winks Fortitude Valley
Pialba,forty_winks_au,,unknown,Forty Winks Hervey Bay
Jindalee,forty_winks_au,,unknown,Forty Winks Jindalee
Minyama,forty_winks_au,,unknown,Forty Winks Kawana
Slacks Creek,forty_winks_au,,unknown,Forty Winks Logan
Mount Pleasant,forty_winks_au,,unknown,Forty Winks Mackay
Maryborough,forty_winks_au,,unknown,Forty Winks Maryborough
Morayfield   ,forty_winks_au,,unknown,Forty Winks Morayfield
Noosaville,forty_winks_au,,unknown,Forty Winks Noosa
Robina,forty_winks_au,,unknown,Forty Winks Robina
Toowoomba,forty_winks_au,,unknown,Forty Winks Toowoomba
Townsville,forty_winks_au,,unknown,Forty Winks Townsville
Oxley,forty_winks_au,,unknown,Fortywinks Oxley
Aspley,freedom_furniture,,unknown,Freedom - Aspley
Cairns City,freedom_furniture,,unknown,Freedom - Cairns
Capalaba,freedom_furniture,,unknown,Freedom - Capalaba
Fortitude Valley,freedom_furniture,,unknown,Freedom - Fortitude Valley
Jindalee,freedom_furniture,,unknown,Freedom - Jindalee
Slacks Creek,freedom_furniture,,unknown,Freedom - Logan
Southport,freedom_furniture,,unknown,Freedom - Southport
Maroochydore,freedom_furniture,,unknown,Freedom - Sunshine Coast
Toowoomba,freedom_furniture,,unknown,Freedom - Toowoomba
Windsor,freedom_furniture,,unknown,Freedom - Windsor
Aitkenvale,hairhouse_au,,unknown,Hairhouse Townsville
Smithfield,hairhouse_au,,unknown,Hairhouse Smithfield
Westcourt,hairhouse_au,,unknown,Hairhouse DFO Cairns
Cairns City,hairhouse_au,,unknown,Hairhouse Cairns Central
Mackay,hairhouse_au,,unknown,Hairhouse Caneland
North Rockhampton,hairhouse_au,,unknown,Hairhouse Rockhampton
Gladstone Central,hairhouse_au,,unknown,Hairhouse Gladstone
Urraween,hairhouse_au,,unknown,Hairhouse Hervey Bay
Ipswich,hairhouse_au,,unknown,Hairhouse Ipswich
Morayfield,hairhouse_au,,unknown,Hairhouse Morayfield
Maroochydore,hairhouse_au,,unknown,Hairhouse Sunshine Plaza
Mango Hill,hairhouse_au,,unknown,Hairhouse North Lakes
Chermside,hairhouse_au,,unknown,Hairhouse Chermside
Caloundra,hairhouse_au,,unknown,Hairhouse Caloundra
Browns Plains,hairhouse_au,,unknown,Hairhouse Browns Plains
Upper Mount Gravatt,hairhouse_au,,unknown,Hairhouse Garden City
Loganholme,hairhouse_au,,unknown,Hairhouse Loganholme
Helensvale,hairhouse_au,,unknown,Hairhouse Helensvale
Robina,hairhouse_au,,unknown,Hairhouse Robina
Broadbeach,hairhouse_au,,unknown,Hairhouse Pacific Fair
Burleigh Heads,hairhouse_au,,unknown,Hairhouse Burleigh Heads
Brisbane,hm,,unknown,Grand Central Shopping Centre
Gold Coast,hm,,unknown,Westfield Coomera
Sunshine Coast,hm,,unknown,Sunshine Plaza
Townsville,hooters,12 Hervey Range Road Thuringowa Qu 4817 Australia,unknown,Hooters
Capalaba,kaisercraft_au,Capalaba Central Shopping Centre 38-62 Moreton Bay Rd,unknown,Kaisercraft Capalaba
Dalby,kaisercraft_au,17/67 Cunningham St,unknown,Kaisercraft Dalby
Elanora,kaisercraft_au,The Pines Elanora,unknown,Kaisercraft Elanora The Pines
Fairfield Central,kaisercraft_au,2-30 Lakeside Drive,unknown,Kaisercraft Fairfield
Grafton,kaisercraft_au,52/74 Fitzroy St,unknown,Kaisercraft Grafton
North Ipswich,kaisercraft_au,Riverlink Shopping Centre Downs St & The Terrace,unknown,Kaisercraft Ipswich
Jindalee,kaisercraft_au,16 Amazons Pl,unknown,Kaisercraft Jindalee
Kippa Ring,kaisercraft_au,272 Anzac Ave,unknown,Kaisercraft Kippa Ring 
Logan Central,kaisercraft_au,38-74 Wembley Road,unknown,Kaisercraft Logan Central
Maroochydore,kaisercraft_au,12-20 Ocean St,unknown,Kaisercraft Maroochydore
Maryborough,kaisercraft_au,142 Lennox Street,unknown,Kaisercraft Maryborough
Morayfield,kaisercraft_au,171 Morayfield Road,unknown,Kaisercraft Morayfield
Mount Sheridan,kaisercraft_au,106 Barnard Drive,unknown,Kaisercraft Mount Sheridan
Mt Ommaney,kaisercraft_au,171 Dandenong Rd,unknown,Kaisercraft Mt Ommaney
Park Ridge,kaisercraft_au,Park Ridge Town Centre Park Ridge Road,unknown,Kaisercraft Park Ridge
Redbank,kaisercraft_au,1 Collingwood Drive Redbank QLD 4301,unknown,Kaisercraft Redbank 
Robina,kaisercraft_au,Robina Town Centre Dr,unknown,Kaisercraft Robina
unknown,kaisercraft_au,City Centre Plaza Bolsover street,unknown,Kaisercraft Rockhampton
Springwood,kaisercraft_au,Fitzgerald Ave,unknown,Kaisercraft Springwood
Stafford,kaisercraft_au,400 Stafford Rd,unknown,Kaisercraft Stafford
Strathpine,kaisercraft_au,295 Gympie Rd,unknown,Kaisercraft Strathpine
Toowong,kaisercraft_au,Toowong Village Shopping Centre 9 Sherwood Road,unknown,Kaisercraft Toowong
Toowoomba,kaisercraft_au,Grand Central Toowoomba,unknown,Kaisercraft Toowoomba
Victoria Point,kaisercraft_au,Cnr Bunker and Cleveland Redland Bay Road,unknown,Kaisercraft Victoria Point 
Warwick,kaisercraft_au,Rose City Shoppingworld 81 Palmerin St,unknown,Kaisercraft Warwick
Yeppoon,kaisercraft_au,42 Park St Yeppoon QLD 4703,unknown,Kaisercraft Yeppoon
Beenleigh,liberty_au,,unknown,unknown
Coolangatta,lincraft_au,,unknown,Coolangatta
Brisbane,mercedes_benz,,unknown,New Centenary Mercedes-Benz Pty Limited
Fortitude Valley,mercedes_benz,,unknown,LSH AUTO (BRISBANE) PTY LTD
Portsmith,mercedes_benz,,unknown,R.G.M. Maintenance Pty Ltd
Townsville,mercedes_benz,,unknown,R.G.M. Maintenance Pty Ltd
Sunshine Coast,mercedes_benz,,unknown,Autopact Trucks Pty Ltd
Upper Coomera,mercedes_benz,,unknown,AMA Group Solutions Pty Ltd
Robina,mercedes_benz,,unknown,Grand Motors Prestige Pty. Ltd.
Hermit Park,mercedes_benz,,unknown,Magnetic Motors PTY. LTD.
Rockhampton,mercedes_benz,,unknown,Capricorn Motors Pty Ltd as trustee for Rocky Motors Unit Trust
Cairns,mercedes_benz,,unknown,Trinity Motors Pty Ltd as trustee for White Cairns Dealership Trust
Darra,mercedes_benz,,unknown,Zupps Southside Pty Ltd
Toowoomba,mercedes_benz,,unknown,WS Motors Pty Ltd
Mackay,mercedes_benz,,unknown,NORTH JACKLIN PTY LTD
Hervey Bay,mercedes_benz,,unknown,Port City Autos Pty Ltd
Taringa,mercedes_benz,,unknown,New Centenary Mercedes-Benz Pty Limited
Maroochydore,mercedes_benz,,unknown,Garry Crick Auto Group Pty. Ltd.
AITKENVALE,mitre_10_au,,unknown,AITKENVALE - Leathers True Value Hardware
BOONAH,mitre_10_au,,unknown,BOONAH - Boonah Mitre 10
BOKARINA,mitre_10_au,,unknown,BOKARINA - Sunshine Mitre 10
BLACKALL,mitre_10_au,,unknown,BLACKALL - Blackall True Value Hardware
BILOELA,mitre_10_au,,unknown,BILOELA - Biloela Mitre 10
YEPPOON,mitre_10_au,,unknown,YEPPOON - Irons Mitre 10
WOODFORD,mitre_10_au,,unknown,WOODFORD - Woodford Home Timber & Hardware
WEIPA,mitre_10_au,,unknown,WEIPA - Sunshine Mitre 10
WANDOAN,mitre_10_au,,unknown,WANDOAN - Wandoan Home Hardware
TULLY,mitre_10_au,,unknown,TULLY - Tully Canegrowers Mitre 10
TOWNSVILLE,mitre_10_au,,unknown,TOWNSVILLE - Addison's Mitre 10
TOOWOOMBA,mitre_10_au,,unknown,TOOWOOMBA - BMS Mitre 10
TOOGOOLAWAH,mitre_10_au,,unknown,TOOGOOLAWAH - Toogoolawah Mitre 10
TIN CAN BAY,mitre_10_au,,unknown,TIN CAN BAY - Cooloola Mitre 10
THURSDAY ISLAND,mitre_10_au,,unknown,THURSDAY ISLAND - Thursday Island Mitre 10
TEXAS,mitre_10_au,,unknown,TEXAS - Texas Mitre 10
TARRAGINDI,mitre_10_au,,unknown,TARRAGINDI - Wellers Hill True Value Hardware
TAROOM,mitre_10_au,,unknown,TAROOM - Taroom Mitre 10
TARA,mitre_10_au,,unknown,TARA - Tara True Value Hardware
STANTHORPE,mitre_10_au,,unknown,STANTHORPE - Stanthorpe Mitre 10
ST GEORGE,mitre_10_au,,unknown,ST GEORGE - Sunshine Mitre 10
SPRINGSURE,mitre_10_au,,unknown,SPRINGSURE - Foot & Barrett Mitre 10
SARINA,mitre_10_au,,unknown,SARINA - Porters Mitre 10
SANDGATE,mitre_10_au,,unknown,SANDGATE - Jeays Mitre 10
RURAL VIEW,mitre_10_au,,unknown,RURAL VIEW - Porter's Mitre 10 Trade Centre
ROMA,mitre_10_au,,unknown,ROMA - Sunshine Mitre 10
ROCKHAMPTON NTH,mitre_10_au,,unknown,ROCKHAMPTON NTH - Finch's Mitre 10
POMONA,mitre_10_au,,unknown,POMONA - Pomona True Value Hardware
PLAINLAND,mitre_10_au,,unknown,PLAINLAND - Plainlands Mitre 10
PITTSWORTH,mitre_10_au,,unknown,PITTSWORTH - Raff Rural Mitre 10
PEREGIAN BEACH,mitre_10_au,,unknown,PEREGIAN BEACH - Peregian Beach Mitre 10
NORTH TOOWOOMBA,mitre_10_au,,unknown,NORTH TOOWOOMBA - BMS Mitre 10 (Ruthven Street)
NORTH TAMBORINE,mitre_10_au,,unknown,NORTH TAMBORINE - North Tamborine Mitre 10
NORTH LAKES,mitre_10_au,,unknown,NORTH LAKES - Sunshine Mitre 10
NOOSAVILLE,mitre_10_au,,unknown,NOOSAVILLE - Sunshine Mitre 10 Trade Centre
NELLY BAY,mitre_10_au,,unknown,NELLY BAY - Magnetic Island Mitre 10
NARANGBA,mitre_10_au,,unknown,NARANGBA - Millers Mitre 10
NAMBOUR,mitre_10_au,,unknown,NAMBOUR - Sunshine Mitre 10
MURGON,mitre_10_au,,unknown,MURGON - Murgon Mitre 10
MUNDUBBERA,mitre_10_au,,unknown,MUNDUBBERA - Balshaw's Mitre 10
MOURA,mitre_10_au,,unknown,MOURA - Moura Mitre 10
MORANBAH,mitre_10_au,,unknown,MORANBAH - High Country Mitre 10
MOOLOOLAH,mitre_10_au,,unknown,MOOLOOLAH - Mooloolah Valley Mitre 10
MONTO,mitre_10_au,,unknown,MONTO - Monto Mitre 10
MITCHELTON,mitre_10_au,,unknown,MITCHELTON - Doyles Mitre 10 Trade Centre
MITCHELL,mitre_10_au,,unknown,MITCHELL - Mitchell Mitre 10
MISSION BEACH,mitre_10_au,,unknown,MISSION BEACH - Mission Beach Mitre 10
MILLMERRAN,mitre_10_au,,unknown,MILLMERRAN - Millmerran Mitre 10
MILES,mitre_10_au,,unknown,MILES - Murilla Mitre 10
MARIAN,mitre_10_au,,unknown,MARIAN - Porters Mitre 10
MAREEBA,mitre_10_au,,unknown,MAREEBA - Sunshine Mitre 10
MALENY,mitre_10_au,,unknown,MALENY - The Range Hardware & Hire Mitre 10
MACKAY,mitre_10_au,,unknown,MACKAY - Porters Mitre 10
LOWOOD,mitre_10_au,,unknown,LOWOOD - Lowood Mitre 10
LONGREACH,mitre_10_au,,unknown,LONGREACH - Smith Bros Mitre 10
LAIDLEY,mitre_10_au,,unknown,LAIDLEY - Goodwin & Storr Mitre 10
KUNDA PARK,mitre_10_au,,unknown,KUNDA PARK - Sunshine Mitre 10
KINGAROY,mitre_10_au,,unknown,KINGAROY - Sunshine Mitre 10
KILCOY,mitre_10_au,,unknown,KILCOY - Duffys Mitre 10
KENMORE,mitre_10_au,,unknown,KENMORE - LEWIS BROS. MITRE10
KALBAR,mitre_10_au,,unknown,KALBAR - Kalbar Mitre 10
JIMBOOMBA,mitre_10_au,,unknown,JIMBOOMBA - Woodmans Mitre 10
IPSWICH,mitre_10_au,,unknown,IPSWICH - Ipswich Mitre 10
INJUNE,mitre_10_au,,unknown,INJUNE - Injune Mitre 10
INGHAM,mitre_10_au,,unknown,INGHAM - Canegrowers Mitre 10
HENDRA,mitre_10_au,,unknown,HENDRA - Hendra Home Hardware
GYMPIE,mitre_10_au,,unknown,GYMPIE - Sunshine Mitre 10
GOONDIWINDI,mitre_10_au,,unknown,GOONDIWINDI - Border Builders Mitre 10
GLASS HOUSE MOUNTAIN,mitre_10_au,,unknown,GLASS HOUSE MOUNTAIN - Glass House Mountains Mitre 10
GAYNDAH,mitre_10_au,,unknown,GAYNDAH - Gayndah Fruitgrowers Mitre 10
GATTON,mitre_10_au,,unknown,GATTON - Gatton Mitre 10
GAILES,mitre_10_au,,unknown,GAILES - Gailes Home Hardware
FERNVALE,mitre_10_au,,unknown,FERNVALE - Fernvale Mitre 10
EMERALD,mitre_10_au,,unknown,EMERALD - Emerald Mitre 10
DARLING HEIGHTS,mitre_10_au,,unknown,DARLING HEIGHTS - BMS Mitre 10 (Stenner Street)
DALBY,mitre_10_au,,unknown,DALBY - Sunshine Mitre 10
CURRUMBIN,mitre_10_au,,unknown,CURRUMBIN - Partner's Mitre 10
CUNNAMULLA,mitre_10_au,,unknown,CUNNAMULLA - Thompson's True Value Hardware
COOROY,mitre_10_au,,unknown,COOROY - Sunshine Mitre 10
COOLUM BEACH,mitre_10_au,,unknown,COOLUM BEACH - Coolum Beach Mitre 10
COLLINSVILLE,mitre_10_au,,unknown,COLLINSVILLE - Collinsville True Value Hardware
CLONCURRY,mitre_10_au,,unknown,CLONCURRY - Brodie Mitre 10
CLIFTON,mitre_10_au,,unknown,CLIFTON - Raff Group Mitre 10
CLEVELAND,mitre_10_au,,unknown,CLEVELAND - Cleveland Mitre 10
CLERMONT,mitre_10_au,,unknown,CLERMONT - Belyando Mitre 10
CHILDERS,mitre_10_au,,unknown,CHILDERS - ISIS Hardware Mitre 10
CHARTERS TOWERS,mitre_10_au,,unknown,CHARTERS TOWERS - Hollimans Rural Mitre 10
CHARLEVILLE,mitre_10_au,,unknown,CHARLEVILLE - Tower Mitre 10
CARDWELL,mitre_10_au,,unknown,CARDWELL - Cardwell Mitre 10
CANNONVALE,mitre_10_au,,unknown,CANNONVALE - Porters Mitre 10
CALOUNDRA,mitre_10_au,,unknown,CALOUNDRA - Sunshine Mitre 10
BURLEIGH HEADS,mitre_10_au,,unknown,BURLEIGH HEADS - Robina Mitre 10
BUNDALL,mitre_10_au,,unknown,BUNDALL - Bundall Mitre 10
BUNDABERG,mitre_10_au,,unknown,BUNDABERG - Sunshine Mitre 10
BROWNS PLAINS,mitre_10_au,,unknown,BROWNS PLAINS - Browns Plains Home Hardware
BRISBANE,mitre_10_au,,unknown,BRISBANE - Sunshine Mitre 10
BRIBIE ISLAND,mitre_10_au,,unknown,BRIBIE ISLAND - Sunshine Mitre 10
BOWEN,mitre_10_au,,unknown,BOWEN - Pilcher's Mitre 10
BEENLEIGH,mitre_10_au,,unknown,BEENLEIGH - Woodmans Mitre 10
BEAUDESERT,mitre_10_au,,unknown,BEAUDESERT - Beaudesert Mitre 10
BARINGA,mitre_10_au,,unknown,BARINGA - Sunshine Mitre 10
BARCALDINE,mitre_10_au,,unknown,BARCALDINE - Capricorn True Value Hardware
AYR,mitre_10_au,,unknown,AYR - Parkside Mitre 10
Biggera Waters,national_tiles_au,,unknown,Biggera Waters
Burleigh Heads,national_tiles_au,,unknown,Burleigh Heads
Capalaba,national_tiles_au,,unknown,Capalaba
Pialba,national_tiles_au,,unknown,Hervey Bay
Newstead,national_tiles_au,,unknown,Newstead
Noosaville,national_tiles_au,,unknown,Noosaville
Oxley,national_tiles_au,,unknown,Oxley
Springwood,national_tiles_au,,unknown,Springwood
Lawnton,national_tiles_au,,unknown,Strathpine - showroom closed due to flooding
Toowoomba,national_tiles_au,,unknown,Toowoomba
Garbutt,national_tiles_au,,unknown,Townsville
Virginia,national_tiles_au,,unknown,Virginia
Warana,national_tiles_au,,unknown,Warana
Woolloongabba,national_tiles_au,,unknown,Woolloongabba
Stapylton,national_tiles_au,,unknown,Yatala 
Biloela,night_owl_au,2 Dawson Highway Biloela Queensland 4715 Australia,unknown,NightOwl Caltex Biloela
Bundaberg West,night_owl_au,10 Takalvan Street Bundaberg West Queensland 4670 Australia,unknown,NightOwl Caltex Bundaberg West
Manunda,night_owl_au,52-62 Alfred Street Manunda Queensland 4870 Australia,unknown,NightOwl Manunda
Pialba,night_owl_au,1-3 Torquay Rd Pialba QLD 4655 Australia,unknown,NightOwl Pialba
Rosslea,night_owl_au,79 Bowen Road Rosslea Queensland 4812 Australia,unknown,NightOwl PUMA Rosslea
Robina,nike,,unknown,Nike Robina
Mt Gravatt,nike,,unknown,Nike Garden City
Carindale,nike,,unknown,Nike Carindale
Broadbeach,nike,,unknown,Nike Pacific Fair
Jindalee,nike,,unknown,Nike Factory Store - Jindalee
Biggera Waters,nike,,unknown,Nike Unite Gold Coast
Chermside,nike,,unknown,Nike Chermside
Buddina,novo_au,,unknown,Novo Kawana
Aitkenvale,novo_au,,unknown,Novo Townsville
Toowoomba,novo_au,,unknown,Novo Toowoomba
Surfers Paradise,novo_au,,unknown,Novo Surfers Paradise
Robina,novo_au,,unknown,Novo Robina
North Rockhampton,novo_au,,unknown,Novo Rockhampton
Springfield,novo_au,,unknown,Novo Orion Springfield Central 
North Lakes,novo_au,,unknown,Novo North Lakes
Brisbane,novo_au,,unknown,Novo Uptown
Mt Ommaney,novo_au,,unknown,Novo Mt Ommaney
Loganholme,novo_au,,unknown,Novo Loganholme 
Jindalee,novo_au,,unknown,Novo Jindalee
Indooroopilly,novo_au,,unknown,Novo Indooroopilly
Pialba,novo_au,,unknown,Novo Hervey Bay
Helensvale,novo_au,,unknown,Novo Helensvale
Biggera Waters,novo_au,,unknown,Novo Gold Coast Harbour Town 
Upper Mt.Gravatt,novo_au,,unknown,Novo Mt Gravatt
Chermside,novo_au,,unknown,Novo Chermside
Hyde Park,novo_au,,unknown,Novo Castle Town
Carindale,novo_au,,unknown,Novo Carindale
MacKay,novo_au,,unknown,Novo Canelands
Cairns,novo_au,,unknown,Novo Cairns
Brisbane Airport,novo_au,,unknown,Novo Brisbane DFO
Southport,novo_au,,unknown,Novo Australia Fair
Coomera,novo_au,,unknown,Novo Coomera
Maroochydore,novo_au,,unknown,Novo Sunshine Plaza
Broadbeach,novo_au,,unknown,Novo Pacific Fair
North Ipswich,novo_au,,unknown,Novo Riverlink
Aspley,orangetheory_fitness,,unknown,"Aspley, QLD"
Ascot,orangetheory_fitness,,unknown,"Ascot, QLD"
Fortitude Valley,paddy_pallin_au,120 Wickham St Fortitude Valley Turrbal/Yuggera Country QLD 4006,unknown,Fortitude Valley
Acacia Ridge,pharmasave_au,2/1350 Beaudesert Rd,unknown,PharmaSave Acacia Ridge
Brisbane,rationale,50 James St Fortitude Valley QLD 4006,unknown,RATIONALE Flagship Brisbane
Gold Coast,rationale,Shop 2718 Pacific Fair Shopping Centre Hooker Blvd Broadbeach QLD 4218,unknown,RATIONALE Flagship Pacific Fair
Longreach,ray_white_au_nz,,unknown,Ray White Longreach
Barcaldine,ray_white_au_nz,,unknown,Ray White Rural Barcaldine
Blackall,ray_white_au_nz,,unknown,Ray White Rural Blackall
Charleville,ray_white_au_nz,,unknown,Ray White Rural Charleville
Charters Towers City,ray_white_au_nz,,unknown,Ray White Geaney/Kirkwood
Atherton,ray_white_au_nz,,unknown,Ray White Rural Atherton
Ingham,ray_white_au_nz,,unknown,Ray White Ingham
Mareeba,ray_white_au_nz,,unknown,Ray White Rural Mareeba
Mission Beach,ray_white_au_nz,,unknown,Ray White Mission Beach
Douglas,ray_white_au_nz,,unknown,Ray White Douglas
Kirwan,ray_white_au_nz,,unknown,Ray White Kirwan
Edmonton,ray_white_au_nz,,unknown,Ray White Cairns South
Port Douglas,ray_white_au_nz,,unknown,Ray White Port Douglas
Whitfield,ray_white_au_nz,,unknown,Ray White Cairns
Townsville,ray_white_au_nz,,unknown,Ray White Rural Townsville
Trinity Beach,ray_white_au_nz,,unknown,Ray White Smithfield
Emerald,ray_white_au_nz,,unknown,Ray White Emerald
Roma,ray_white_au_nz,,unknown,Ray White Roma
St George,ray_white_au_nz,,unknown,Ray White Rural St George
Cannonvale,ray_white_au_nz,,unknown,Ray White Whitsunday
Sarina,ray_white_au_nz,,unknown,Ray White Rural Sarina
Gracemere,ray_white_au_nz,,unknown,Ray White Rural Gracemere
Biloela,ray_white_au_nz,,unknown,Ray White Biloela
Rockhampton,ray_white_au_nz,,unknown,Ray White Rural Rockhampton
North Rockhampton,ray_white_au_nz,,unknown,Ray White Rockhampton
Tara,ray_white_au_nz,,unknown,Ray White Rural Tara
Yeppoon,ray_white_au_nz,,unknown,Ray White Yeppoon
Goondiwindi,ray_white_au_nz,,unknown,Ray White Rural Goondiwindi
Gladstone,ray_white_au_nz,,unknown,Ray White Gladstone
Mundubbera,ray_white_au_nz,,unknown,Ray White Mundubbera
Tannum Sands,ray_white_au_nz,,unknown,Ray White Tannum Sands
Dalby,ray_white_au_nz,,unknown,Ray White Rural Dalby
Gayndah,ray_white_au_nz,,unknown,Ray White Rural Gayndah
Agnes Water,ray_white_au_nz,,unknown,Ray White Rural Agnes Water
Pittsworth,ray_white_au_nz,,unknown,Ray White Rural Pittsworth
Oakey,ray_white_au_nz,,unknown,Ray White Rural Oakey
Highfields,ray_white_au_nz,,unknown,Ray White Highfields
Toowoomba,ray_white_au_nz,,unknown,Ray White Rural Toowoomba
Crows Nest,ray_white_au_nz,,unknown,Ray White Rural Crows Nest
Svensson Heights,ray_white_au_nz,,unknown,Ray White Bundaberg
Warwick,ray_white_au_nz,,unknown,Ray White Rural Warwick
BARGARA,ray_white_au_nz,,unknown,Ray White Bargara
Toogoolawah,ray_white_au_nz,,unknown,Ray White Rural Toogoolawah
Esk,ray_white_au_nz,,unknown,Ray White Rural Esk
Laidley,ray_white_au_nz,,unknown,Ray White Rural Gatton/Laidley
Maryborough,ray_white_au_nz,,unknown,Ray White Maryborough
Kilcoy,ray_white_au_nz,,unknown,Ray White Rural Kilcoy
Gympie,ray_white_au_nz,,unknown,Ray White Gympie
Lowood,ray_white_au_nz,,unknown,Ray White Lowood Qld
Scarness,ray_white_au_nz,,unknown,Ray White Hervey Bay
Woodford,ray_white_au_nz,,unknown,Ray White Rural Woodford
POMONA,ray_white_au_nz,,unknown,Ray White Pomona Hinterland
Kalbar,ray_white_au_nz,,unknown,Ray White Rural Boonah | Kalbar
Maleny,ray_white_au_nz,,unknown,Ray White Maleny
Cooroy,ray_white_au_nz,,unknown,Ray White Rural Doonan
Dayboro,ray_white_au_nz,,unknown,Ray White Rural Dayboro
Ipswich,ray_white_au_nz,,unknown,Ray White Ipswich
Wamuran,ray_white_au_nz,,unknown,Ray White Wamuran | Bellmere
Eumundi,ray_white_au_nz,,unknown,Ray White Rural Eumundi
Nambour,ray_white_au_nz,,unknown,Ray White Nambour
Mooloolah Valley,ray_white_au_nz,,unknown,Ray White Mooloolah Valley
Beerwah,ray_white_au_nz,,unknown,Ray White Beerwah
Landsborough,ray_white_au_nz,,unknown,Ray White Landsborough
Samford Village,ray_white_au_nz,,unknown,Ray White Samford
Tewantin,ray_white_au_nz,,unknown,Ray White Noosa River
Caboolture,ray_white_au_nz,,unknown,Ray White Caboolture
Narangba,ray_white_au_nz,,unknown,Ray White Narangba
Bli Bli,ray_white_au_nz,,unknown,Ray White Bli Bli
Augustine Heights,ray_white_au_nz,,unknown,Ray White Brookwater and Greater Springfield
Warner,ray_white_au_nz,,unknown,Ray White Warner
Buderim,ray_white_au_nz,,unknown,Ray White Buderim
The Gap,ray_white_au_nz,,unknown,Ray White The Gap
Springfield,ray_white_au_nz,,unknown,Ray White Springfield
Kenmore,ray_white_au_nz,,unknown,Ray White MetroWest Residential
Springfield Lakes,ray_white_au_nz,,unknown,Ray White Springfield Lakes
Albany Creek,ray_white_au_nz,,unknown,Ray White Albany Creek
Mitchelton,ray_white_au_nz,,unknown,Ray White Mitchelton
Maroochydore,ray_white_au_nz,,unknown,Ray White Maroochydore
Murrumba Downs,ray_white_au_nz,,unknown,Ray White Murrumba Downs
Bridgeman Downs,ray_white_au_nz,,unknown,Ray White Bridgeman Downs
Indooroopilly,ray_white_au_nz,,unknown,Ray White Indooroopilly
North Lakes,ray_white_au_nz,,unknown,Ray White North Lakes
Ashgrove,ray_white_au_nz,,unknown,Ray White Ashgrove
Sherwood,ray_white_au_nz,,unknown,Ray White Sherwood | Graceville
Toowong,ray_white_au_nz,,unknown,Ray White Toowong
Alderley,ray_white_au_nz,,unknown,Ray White Alderley
Forest Lake,ray_white_au_nz,,unknown,Ray White Forest Lake QLD
Aspley,ray_white_au_nz,,unknown,Ray White Aspley
ASPLEY,ray_white_au_nz,,unknown,Ray White Everton Park
Rothwell,ray_white_au_nz,,unknown,Ray White Deception Bay
Milton,ray_white_au_nz,,unknown,Ray White AKG
Paddington,ray_white_au_nz,,unknown,Ray White Paddington (Qld)
Mooloolaba,ray_white_au_nz,,unknown,Ray White Mooloolaba
Bracken Ridge,ray_white_au_nz,,unknown,Ray White Bracken Ridge
Pelican Waters,ray_white_au_nz,,unknown,Ray White Pelican Waters
Wilston,ray_white_au_nz,,unknown,Ray White Wilston
Birtinya ,ray_white_au_nz,,unknown,Ray White Kawana Waters
West End,ray_white_au_nz,,unknown,Ray White West End
Chermside,ray_white_au_nz,,unknown,Ray White Chermside
South Brisbane,ray_white_au_nz,,unknown,Ray White South Brisbane
Golden Beach,ray_white_au_nz,,unknown,Ray White Golden Beach Qld
Taigum,ray_white_au_nz,,unknown,Ray White Asset Management Taigum
Brisbane,ray_white_au_nz,,unknown,Ray White Inner Brisbane Apartments
Caloundra,ray_white_au_nz,,unknown,Ray White Caloundra
Albion,ray_white_au_nz,,unknown,Ray White Metro North
Annerley,ray_white_au_nz,,unknown,Ray White Annerley
New Farm,ray_white_au_nz,,unknown,Ray White New Farm
Bulimba,ray_white_au_nz,,unknown,Ray White Bulimba
Sandgate,ray_white_au_nz,,unknown,Ray White Sandgate
Moorooka,ray_white_au_nz,,unknown,Ray White Moorooka
Clayfield,ray_white_au_nz,,unknown,Ray White Kim Olsen Property
Nundah,ray_white_au_nz,,unknown,Ray White Nundah
Acacia Ridge,ray_white_au_nz,,unknown,Ray White Acacia Ridge
Stones Corner,ray_white_au_nz,,unknown,Ray White Stones Corner
Newport,ray_white_au_nz,,unknown,Ray White Newport
Ascot,ray_white_au_nz,,unknown,Ray White Ascot
Banyo,ray_white_au_nz,,unknown,Ray White Banyo
Camp Hill,ray_white_au_nz,,unknown,Ray White Camp Hill
Woody Point,ray_white_au_nz,,unknown,Ray White Woody Point
Holland Park,ray_white_au_nz,,unknown,Ray White Holland Park
Margate,ray_white_au_nz,,unknown,Ray White Margate
Scarborough,ray_white_au_nz,,unknown,Ray White Scarborough
Calamvale,ray_white_au_nz,,unknown,Ray White Calamvale
Sunnybank,ray_white_au_nz,,unknown,Ray White Robertson
Redcliffe,ray_white_au_nz,,unknown,Ray White Redcliffe
Sunnybank Hills,ray_white_au_nz,,unknown,Ray White Sunnybank Hills
Eagle Farm,ray_white_au_nz,,unknown,Ray White NASCO
Bribie Island,ray_white_au_nz,,unknown,Ray White Bribie Island
Beaudesert,ray_white_au_nz,,unknown,Ray White Rural Beaudesert
Jimboomba,ray_white_au_nz,,unknown,Ray White Jimboomba
Carina,ray_white_au_nz,,unknown,Ray White Carina
Upper Mount Gravatt,ray_white_au_nz,,unknown,Ray White Mt Gravatt
Eight Mile Plains,ray_white_au_nz,,unknown,Ray White Eight Mile Plains
Rochedale South,ray_white_au_nz,,unknown,Ray White Rochedale
Logan Central,ray_white_au_nz,,unknown,Ray White Logan City
Marsden,ray_white_au_nz,,unknown,Ray White Marsden
Springwood,ray_white_au_nz,,unknown,Ray White Springwood QLD
Daisy Hill,ray_white_au_nz,,unknown,Ray White Daisy Hill
Wynnum,ray_white_au_nz,,unknown,Ray White Wynnum / Manly
Waterford,ray_white_au_nz,,unknown,Ray White Waterford
Capalaba,ray_white_au_nz,,unknown,Ray White Capalaba
Shailer Park,ray_white_au_nz,,unknown,Ray White Springwood and Shailer Park
Loganholme,ray_white_au_nz,,unknown,Ray White IMS
Alexandra Hills,ray_white_au_nz,,unknown,Ray White Alexandra Hills
Beenleigh,ray_white_au_nz,,unknown,Ray White Beenleigh
Canungra,ray_white_au_nz,,unknown,Ray White Canungra
Tamborine Mountain,ray_white_au_nz,,unknown,Ray White Rural Tamborine Mountain
Ormeau,ray_white_au_nz,,unknown,Ray White Ormeau
Redland Bay,ray_white_au_nz,,unknown,Ray White Redland Bay
Pimpama,ray_white_au_nz,,unknown,Ray White Pimpama
Coomera,ray_white_au_nz,,unknown,Ray White Coomera
Oxenford,ray_white_au_nz,,unknown,Ray White Oxenford
Upper Coomera,ray_white_au_nz,,unknown,Ray White Upper Coomera
Pacific Pines,ray_white_au_nz,,unknown,Ray White Pacific Pines
Jacobs Well,ray_white_au_nz,,unknown,Ray White Jacobs Well
Hope Island,ray_white_au_nz,,unknown,Ray White Hope Island
Sanctuary Cove,ray_white_au_nz,,unknown,Ray White Sanctuary Cove
Nerang,ray_white_au_nz,,unknown,Ray White Nerang
Coomera Waters,ray_white_au_nz,,unknown,Ray White Coomera Waters
Arundel,ray_white_au_nz,,unknown,Ray White Arundel
Runaway Bay,ray_white_au_nz,,unknown,Ray White Runaway Bay
Paradise Point,ray_white_au_nz,,unknown,Ray White Paradise Point
Emerald Lakes,ray_white_au_nz,,unknown,Ray White TMG
Sovereign Islands,ray_white_au_nz,,unknown,Ray White Sovereign Island
Benowa,ray_white_au_nz,,unknown,Ray White Surfers Benowa
Southport,ray_white_au_nz,,unknown,Ray White Southport
Robina,ray_white_au_nz,,unknown,Ray White Robina
Main Beach,ray_white_au_nz,,unknown,Ray White Surfers Paradise at Main Beach Branch Office
Surfers Paradise,ray_white_au_nz,,unknown,Ray White New Projects Surfers Paradise
Broadbeach Waters,ray_white_au_nz,,unknown,Ray White Broadbeach Waters
Point Lookout,ray_white_au_nz,,unknown,Ray White North Stradbroke Island
Mermaid Waters,ray_white_au_nz,,unknown,Ray White Mermaid Waters
Mermaid Beach,ray_white_au_nz,,unknown,Ray White Mermaid Beach
MIAMI ,ray_white_au_nz,,unknown,Ray White Broadbeach
Miami,ray_white_au_nz,,unknown,Ray White Burleigh Group
Elanora,ray_white_au_nz,,unknown,Ray White Tugun | Elanora
Tugun,ray_white_au_nz,,unknown,Ray White Tugun | Elanora
Coolangatta,ray_white_au_nz,,unknown,Ray White Burleigh Group South
Toowoomba,retail_apparel_group,Shop 2112 Grand Central Shopping Centre Margaret Street,unknown,Johnny Bigg Toowoomba
North Ipswich,retail_apparel_group,Shop 11 Riverlink Shopping Centre Cnr Down Street & The Terrace,unknown,Johnny Bigg Ipswich
Springfield Central,retail_apparel_group,Shop 84 Orion Springfield 1 Main Street,unknown,Johnny Bigg Orion
Robina,retail_apparel_group,Shop 4042 Robina Town Centre 19 Robina Town Centre Dr,unknown,Johnny Bigg Robina
Townsville,retail_apparel_group,Shop R00-106 Level Ground Willows Shopping Centre Thuringowa Drive & Hervey Rd,unknown,Johnny Bigg Willows
Aitkenvale,retail_apparel_group,Shop 039 Stockland Townsville Shopping Centre 310 River Ross Road,unknown,Johnny Bigg Townsville
Broadbeach,retail_apparel_group,Shop 320 Pacific Fair Shopping Centre Hooker Blvd,unknown,Johnny Bigg Pacific Fair
Browns Plains,retail_apparel_group,Shop GF020 Grand Plaza 27-49 Browns Plains Road,unknown,Johnny Bigg Browns Plains
Biggera Waters ,retail_apparel_group,Shop C087 Harbour Town Gold Coast Cnr Oxley Dr & Gold Coast,unknown,Johnny Bigg Harbourtown
Coomera,retail_apparel_group,Shop 1023 Westfield Coomera 83-121 Foxwell Road,unknown,Johnny Bigg Coomera
 Loganholme,retail_apparel_group,Shop 115 Logan Hyperdome Cnr Pacific Highway and Bryant Road,unknown,Johnny Bigg Loganholme
Upper Mount Gravatt,retail_apparel_group,Shop 1334 Westfield Garden City Cnr Logan & Kessels Road,unknown,Johnny Bigg Mt Gravatt
Carindale,retail_apparel_group,Shop 2056 Westfield Carindale,unknown,Johnny Bigg Carindale
Chermside,retail_apparel_group,Shop 151 Westfield Chermside Gympie Road,unknown,Johnny Bigg Chermside
Brisbane Airport,retail_apparel_group,Shop T61 DFO Brisbane NINTH AVENUE SKYGATE,unknown,Johnny Bigg DFO Brisbane
North Lakes,retail_apparel_group,Shop 1132 North Lakes Shopping Centre North Lakes Drive,unknown,Johnny Bigg North Lakes 
Maroochydore,retail_apparel_group,Shop GD552 Sunshine Plaza 154-164 Horton Parade,unknown,Johnny Bigg Maroochydore
North Rockhampton,retail_apparel_group,Shop 221 Stockland Rockhampton Corner Yaamba Road & Highway,unknown,Johnny Bigg Rockhampton
Mackay,retail_apparel_group,Shop L01 - 2550 Canelands Central Mangrove Road & Victoria Street,unknown,Johnny Bigg Mackay
Toowoomba West,retail_apparel_group,Shop 2065 Grand Central Shopping Centre cnr Margaret & Dent Streets,unknown,Rockwear Toowoomba
Yamanto,retail_apparel_group,Shop T21 Yamanto Central 488-492 Warwick Road & Pisasale Drive,unknown,Rockwear Yamanto
Springfield,retail_apparel_group,Shop 53 Orion Springfield Shopping Centre 1 Main st,unknown,Rockwear Orion
Robina,retail_apparel_group,Shop 4109 Robina Town Shopping Centre 19 Robina Town Centre Drive,unknown,Rockwear Robina
Thuringowa Central,retail_apparel_group,Willows Shopping Centre Shop 195 Cnr Thuringowa Dr and Hervey Range Road,unknown,Rockwear Willows
Aitkenvale,retail_apparel_group,Stocklands Shopping Centre Shop 246 Ross River Road,unknown,Rockwear Townsville
Broadbeach,retail_apparel_group,Pacific Fair Shopping Centre Shop 334 Hooker Blvd,unknown,Rockwear Pacific Fair
Toowoomba City,retail_apparel_group,Grand Central Shopping Centre 43 Cnr Margaret and Dent Street,unknown,Tarocash Toowoomba
Springfield Central,retail_apparel_group,Shop 81 Orion Shopping Centre 1 Main Street,unknown,Tarocash Orion
Toowoomba,retail_apparel_group,Shop 49 Grand Central Shopping Centre Cnr Margaret And Dent Streets,unknown,yd. Toowoomba
Robina Town Centre,retail_apparel_group,Shop 4062 Robina Town Centre Robina Town Centre Drive,unknown,yd. Robina
Thuringowa,retail_apparel_group,Shop R00-190 Willows Shopping Centre 13 Hervey Range Road,unknown,yd. Willows
Browns Plains,retail_apparel_group,Shop GF088 Grand Plaza Shopping Centre 27-49 Browns Plains Road,unknown,Rockwear Browns Plains
Helensvale,retail_apparel_group,Westfield Helensvale Shop 1069 1/29 Millaroo Drive,unknown,Rockwear Helensvale
Jindalee,retail_apparel_group,Shop T41 16 Amazons Place,unknown,Rockwear Jindalee DFO
Hyde Park,retail_apparel_group,Castletown Shoppingworld Shop 003b Woolcock St,unknown,Rockwear Castletown
Robina,retail_apparel_group,Robina Town Centre Shop AD427,unknown,Tarocash Robina
Broadbeach Waters,retail_apparel_group,320a Hooker Blvd,unknown,Tarocash Pacific Fair
Aitkenvale,retail_apparel_group,Shop 245 310-330 Ross River Rd,unknown,Tarocash Townsville
Browns Plains,retail_apparel_group,g023/27-49 Browns Plains Rd,unknown,Tarocash Browns Plains
Townsville,retail_apparel_group,Shop 282 Stockland Townsville 310-330 Ross River Road,unknown,yd. Townsville
Broadbeach,retail_apparel_group,Shop 2749 Pacific Fair Shopping Centre Hooker Blvd Broadbeach Qld 4218,unknown,yd. Pacific Fair
Jindalee,retail_apparel_group,Jindalee Dfo 16 Amazons Place,unknown,yd. Jindalee DFO
"Biggera Waters, QLD",retail_apparel_group,Shop C007 Harbour Town Premium Outlets 147-189 Brisbane Road,unknown,yd. Harbour Town Premium Outlets
Biggera Waters,retail_apparel_group,Harbour Town Shopping Centre Brisbane Road,unknown,Rockwear DFO Harbourtown
Coomera,retail_apparel_group,Shop 1059 Westfield Coomera Foxwell Road,unknown,Rockwear Coomera
Upper Mount Gravatt,retail_apparel_group,Westfield Mount Gravatt Cnr Logan & Kessels Rd,unknown,Rockwear Mount Gravatt
Smithfield,retail_apparel_group,Shop 159 Smithfield Shopping Centre Corner Captain Cook & Kennedy Hwys,unknown,Rockwear Smithfield
Helensvale,retail_apparel_group,Shop 1029 Westfield Helensvale 1-29 Millaroo Drive,unknown,Tarocash Helensvale
Mount Ommaney,retail_apparel_group,Shop 60 Mount Ommaney Shopping Centre 171 Dandenong Rd,unknown,Tarocash Mt Ommaney
Jindalee,retail_apparel_group,Shop T20/T24 DFO Jindalee 16 Amazons Place,unknown,Tarocash DFO Jindalee
Coomera,retail_apparel_group,Shop 1058 Westfield Coomera 83-121 Foxwell Road,unknown,yd. Coomera
Indooroopilly,retail_apparel_group,Shop 3025 Indooroopilly Shopping Centre 322 Moggill Road,unknown,yd. Indooroopilly
Loganholme,retail_apparel_group,Shop 96/97 Logan Hyperdome Cnr Pacific Highway And Bryants Road,unknown,yd. Loganholme
Upper Mount Gravatt,retail_apparel_group,Shop 1328 Westfield Garden City Cnr Logan And Kessels Road,unknown,yd. Mt Gravatt
Cairns,retail_apparel_group,Shop T47A DFO Cairns 274 Mulgrave Road,unknown,Rockwear Cairns DFO
Cairns,retail_apparel_group,Cairns Central Shopping Centre 1/21 Mcleod Street,unknown,Rockwear Cairns
Carindale,retail_apparel_group,Westfields Carindale Shop 2057b 1151 Creek Road,unknown,Rockwear Carindale
Chermside,retail_apparel_group,Store 259A Westfield Chermside Cnr Gympie & Hamilton Road,unknown,Rockwear Chermside
Hyde Park,retail_apparel_group,Shop 12 Castletown Shopping World Cnr King and Woolcock Streets,unknown,Tarocash Castletown
Biggera Waters,retail_apparel_group,B20B Gold Coast Hwy,unknown,Tarocash Gold Coast Harbour Town
Indooroopilly,retail_apparel_group,Shop 3024A Indooroopilly Shopping Centre 322 Moggill Road,unknown,Tarocash Indooroopilly
Loganholme,retail_apparel_group,Shop 113 Hyperdome Shopping Centre Pacific Motorway,unknown,Tarocash Loganholme
Upper Mount Gravatt,retail_apparel_group,Shop 2126 Garden City Westfield Cnr Logan & Kessels Rd,unknown,Tarocash Garden City
DFO Cairns,retail_apparel_group,Shop T33 DFO Cairns 274 Mulgrave Rd,unknown,Tarocash DFO Cairns
Brisbane City,retail_apparel_group,Shop 146 The Myer Centre 91 Queen Street,unknown,yd. Brisbane CBD
Cairns,retail_apparel_group,Shop T55 Cairns Dfo 274 Mulgrave Road,unknown,yd. Cairns Outlet
Cairns,retail_apparel_group,Shop G023 Cairns Central 1-21 Mcleod Street,unknown,yd. Cairns Central
Carindale,retail_apparel_group,Shop 2227 Carindale Shopping Centre 1151 Creek Road,unknown,yd. Carindale
Chermside,retail_apparel_group,Shop 101A Westfield Chermside Cnr Gympie And Hamilton Roads,unknown,yd. Chermside
Brisbane Airport,retail_apparel_group,Shop G-058 Direct Factory Outlets Brisbane 18th Ave,unknown,yd. Brisbane DFO
Capalaba,retail_apparel_group,Shop 9 Capalaba Park Shopping Centre Redland Bay Road,unknown,Rockwear Capalaba
Brisbane Airport,retail_apparel_group,Direct Factory Outlet 73a Ninth Avenue,unknown,Rockwear Brisbane DFO
North Lakes,retail_apparel_group,Shop 1137 Westfield North Lakes Cnr Anzac Ave and North Lakes Drive,unknown,Rockwear North Lakes
Morayfield,retail_apparel_group,Morayfield Shopping Centre Shop 66 171 Morayfield Road,unknown,Rockwear Morayfield
Buddina,retail_apparel_group,Kawana Shoppingworld Shop 326  119 Point Cartwright Drive,unknown,Rockwear Kawana
Maroochydore,retail_apparel_group,Sunshine Plaza Shopping Centre Shop GD520 154-164 Horton Parade,unknown,Rockwear Sunshine Plaza
Cairns,retail_apparel_group,Shop GD56 Cairns Central Shopping Centre 1-21 McLeod St,unknown,Tarocash Cairns
Carindale,retail_apparel_group,Shop 2026 Westfield Carindale 1151 Creek Rd,unknown,Tarocash Carindale
Chermside,retail_apparel_group,Shop 135 Westfield Chermside Cnr Gympie & Hamilton Road,unknown,Tarocash Chermside
Nundah,retail_apparel_group,1015 Sandgate Road,unknown,Tarocash Toombul
Brisbane Airport,retail_apparel_group,Brisbane Airport DFO Shop T7 Skygate 18th Ave,unknown,Tarocash Brisbane Airport DFO
North Lakes,retail_apparel_group,Shop 1065 Westfield North Lakes Cnr Anzac Ave & North Lakes Dr,unknown,Tarocash North Lakes
Maroochydore,retail_apparel_group,Shop 215 Sunshine Plaza 154-164 Horton Parade,unknown,Tarocash Sunshine Plaza
Maroochydore,retail_apparel_group,Shop Gd 207 Sunshine Plaza Horton Parade,unknown,yd. Maroochydore
North Rockhampton,retail_apparel_group,Shop 204  Stockland North Rockhampton Cnr Highway One And Yaamba Road,unknown,yd. Rockhampton
Mackay,retail_apparel_group,Shop 2542 Caneland Central Cnr Victoria Street And Mangrove Road,unknown,yd. Mackay
Noosaville,retail_apparel_group,Noosa Civic Centre Shop T1043X 28 Eenie Creek Road,unknown,Rockwear Noosa
Rockhampton,retail_apparel_group,Shop 041 Rockhampton Shopping Centre 120 - 331 Yaamba Road,unknown,Rockwear Rockhampton
Mackay,retail_apparel_group,Shop GD 2054-2055 Caneland Central Mangrove Rd &Victoria St,unknown,Rockwear Mackay
Bundaberg,retail_apparel_group,Shop 49 Bundaberg Hinkler Central 16 Maryborough St,unknown,Rockwear Bundaberg
Mackay,retail_apparel_group,2455/2 Mangrove Road,unknown,Tarocash Mackay
Bundaberg Central,retail_apparel_group,Shop 61 Hinkler Central 16 Maryborough Street,unknown,Tarocash Hinkler Central
Toowoomba,retail_apparel_group,Shop 11 Grand Central Toowoomba Margaret Street,unknown,Connor Toowoomba
Yamanto,retail_apparel_group,Shop T32 Yamanto Central 488-492 Warwick Rd,unknown,Connor Yamanto
North Ipswich,retail_apparel_group,Shop 51 Riverlink West Shopping Centre cnr Downs and the Terrace,unknown,Connor North Ipswich
Springfield,retail_apparel_group,Shop 46 Orion Springfield S/C 1 Main Street,unknown,Connor Orion
Redbank,retail_apparel_group,Shop 206-207 Redbank Plaza 1 Collingwood Drive,unknown,Connor Redbank
Robina,retail_apparel_group,Shop 4094/4095 Robina Town Centre 19 Robina Town Centre Drive,unknown,Connor Robina
Thuringowa Central,retail_apparel_group,Shop 108/109 Willows Shopping Centre 13 Hervey Range Rd,unknown,Connor Willows
Burleigh Waters,retail_apparel_group,Shop 048 Stockland Burleigh 149 West Burleigh Road,unknown,Connor Burleigh Heads
Aitkenvale,retail_apparel_group,Shop 136 Stockland Townsville 310-330 Ross River Road,unknown,Connor Townsville Nathan Plaza
Broadbeach,retail_apparel_group,Shop 3165/66 Pacific Fair Shopping Centre Hooker Boulevard,unknown,Connor Pacific Fair
Browns Plains,retail_apparel_group,Shop GF076 Grand Plaza Shopping Centre 27-49 Browns Plains Road,unknown,Connor Browns Plains
Mt Ommaney,retail_apparel_group,Shop SP116 Mt Ommaney Shopping Centre 171 Dandenong Road,unknown,Connor Mt Ommaney
Helensvale,retail_apparel_group,Westfield Helensvale Shop 1066 1/29 Millaroo Drive,unknown,Connor Helensvale
Jindalee,retail_apparel_group,Shop T29/T31 DFO Jindalee 16 Amazons Place,unknown,Connor Jindalee
Townsville,retail_apparel_group,Shop 118 Castletown Shopping World CNR Woolcock St and Kings Road,unknown,Connor Townsville
Southport,retail_apparel_group,Shop G166/167 Australia Fair 42 Marine Parade,unknown,Connor Australia Fair
Biggera Waters,retail_apparel_group,Shop C86/87 Harbourtown Gold Coast Cnr Gold Coast HWy and Oxley Drive,unknown,Connor Harbourtown Gold Coast
Coomera,retail_apparel_group,Shop 1009 Westfield Coomera Foxwell Road,unknown,Connor Coomera
Indooroopilly,retail_apparel_group,Shop 3125B Indooroopilly Shopping Centre 322 Moggill Road,unknown,Connor Indooroopilly
Loganholme,retail_apparel_group,Shop 34 Logan Hyperdome Pacific Highway,unknown,Connor Hyperdome
Upper Mount Gravatt,retail_apparel_group,Shop 1319 Westfield Garden City Cnr Logan and Kessels Road,unknown,Connor Westfield Garden City
Smithfield,retail_apparel_group,Shop 120/121A Smithfield Shopping Centre Kennedy Hwy & Captain Cook Hwy,unknown,Connor Smithfield Cairns
Cairns,retail_apparel_group,Shop T60 DFO Cairns 274 Mulgrave Road,unknown,Connor Cairns DFO
Mitchelton,retail_apparel_group,Shop 41 A Brookside Shopping Centre 159 Osbourne Road,unknown,Connor Brookside
Cairns,retail_apparel_group,Shop No: GD 053-54 Cairns Central 1 - 21 McLeod Street,unknown,Connor Cairns
Carindale,retail_apparel_group,Shop 1233 Westfield Carindale 1151 Creek Road,unknown,Connor Carindale
Chermside,retail_apparel_group,Shop 134 Westfield Chermside Cnr Gympie and Hamilton Roads,unknown,Connor Chermside
Brisbane Airport,retail_apparel_group,Shop G110 DFO Brisbane Airport 1 Airport Drive,unknown,Connor Brisbane Airport DFO
Capalaba,retail_apparel_group,Shop 36 & 37 Capalaba Park Shopping Centre Redland Bay Road,unknown,Connor Capalaba
Strathpine,retail_apparel_group,Shop 11-12 Strathpine Shopping Centre 295 Gympie Road,unknown,Connor Strathpine
North Lakes,retail_apparel_group,Shop 1241 Westfield Northlakes Lot 101 North Lakes Drive,unknown,Connor North Lakes
Morayfield,retail_apparel_group,Shop S62 Morayfield Shopping Centre 171 Morayfield Road,unknown,Connor Morayfield
Kippa-Ring,retail_apparel_group,Shop 7 Peninsula Fair Shopping Centre Anzac Avenue,unknown,Connor Kipparing
Caloundra,retail_apparel_group,Shop 007 Stockland Caloundra 47 Bowman Road,unknown,Connor Caloundra
Buddina,retail_apparel_group,Shop 338-339 Kawana Shopping World 119 Point Cartwright Drive,unknown,Connor Kawana
Maroochydore,retail_apparel_group,Shop GD553 Sunshine Plaza 154-164 Horton Place,unknown,Connor Maroochydore
Noosaville,retail_apparel_group,Shop T1045/T1046 Noosa Civic Shopping Centre 28 Eenie Creek Rd,unknown,Connor Noosa
North Rockhampton,retail_apparel_group,Shop 070 Stockland Rockhampton CNR Yamba Road and Highway One,unknown,Connor North Rockhampton
Mackay,retail_apparel_group,Shop L01-2540-41 Caneland Central  CNR Victoria St and Mangrove Road,unknown,Connor Mackay Caneland
Gladstone,retail_apparel_group,Shop 003 Stockland Gladstone Dawson Highway West,unknown,Connor Stockland Gladstone
Kensington,retail_apparel_group,Shop T409 Stockland Bundaberg  115-119 Takalvan Street,unknown,Connor Bundaberg Stockland
Bundaberg,retail_apparel_group,Shop 36 Hinkler Central 16 Maryborough Street,unknown,Connor Bundaberg
Urraween,retail_apparel_group,Shop 053 Stockland Hervey Bay 6 Central Avenue,unknown,Connor Hervey Bay
 Bundall,sleep_doctor_au,,unknown, Sleep Doctor Bundall
Mt Ommaney,snap_fitness,2/171 Dandenong Road,unknown,Mt Ommaney
Bellmere,snap_fitness,Shop 13 Woolworths Bellmere 96-110 Bellmere Rd,unknown,Bellmere
"Parkwood, Gold Coast",snap_fitness,250 Olsen Ave,unknown,Parkwood
Bundaberg,snap_fitness,19 Maryborough Street,unknown,Bundaberg
Birkdale,snap_fitness,Shop 3-4 102-108 Birkdale Road,unknown,Birkdale
Morningside,snap_fitness,CRN Junction & Wynnum Roads,unknown,Morningside
Bellbowrie,snap_fitness,Shop H1 & HB2 37 Birkin Road,unknown,Bellbowrie
Carina,snap_fitness,Shops A and B. 799 Old Cleveland Road,unknown,Carina
Plainland,snap_fitness,8 Echidna Place,unknown,Plainland
Redland Bay,snap_fitness,"Shop 41 & 43 Redland Bay Shopping Village
133 Broadwater Terrace",unknown,Redland Bay
Redbank Plains,snap_fitness,Shop 1 Edens Village 7005 Mount Juillerat Drive,unknown,Redbank Plains
Strathpine,snap_fitness,Strathpine Centre Shop 203 Level 1,unknown,Strathpine
Windaroo,snap_fitness,"Shops T12-T14 Windaroo Shopping Centre
2-12 Carl Heck Blvd",unknown,Windaroo
Moorooka,snap_fitness,210-212 Beaudesert Road,unknown,Moorooka
Dalby,snap_fitness,43 Archibald St,unknown,Dalby
yarrabilba,snap_fitness,25 Wongawallan Drive,unknown,Yarrabilba
Toowoomba,snap_fitness,Unit 1 667 Ruthven Street,unknown,Toowoomba
Karalee,snap_fitness,1 Perseverance Street,unknown,Karalee
"Pialba, Hervey Bay",snap_fitness,60-62 Boat Harbour Drive,unknown,Hervey Bay
Rochedale,snap_fitness,Shop 1 Rochedale Village,unknown,Rochedale
Deception Bay,snap_fitness,Shop T4 Market Square,unknown,Deception Bay
Nambour,snap_fitness,1 Currie Street,unknown,Nambour
Flagstone,snap_fitness,Shop 1 Cnr Homestead Dr & Wild Mint Dr,unknown,Flagstone
Maroochydore,snap_fitness,45-49 Plaza Parade,unknown,Maroochydore
Sippy Downs,snap_fitness,Shop 8&9 11 Chancellor Village Blvd,unknown,Sippy Downs
Ormeau,snap_fitness,Level 1 29 Peachey Rd,unknown,Ormeau
West Ipswich,snap_fitness,242 Brisbane Street,unknown,West Ipswich
Brisbane,snap_fitness,8 Baildon St,unknown,Kangaroo Point
Samford,snap_fitness,26 Main Street,unknown,Samford
Yeppoon,snap_fitness,Unit 1 8 Park Street,unknown,Yeppoon
Gympie,snap_fitness,15 Cross Street,unknown,Gympie
"Sherwood, Brisbane",snap_fitness,689 Sherwood Rd,unknown,Sherwood
Fairfield,snap_fitness,180 Fairfield Rd,unknown,Fairfield Gardens
Brisbane,snap_fitness,15 Adelaide Street,unknown,Brisbane City
Aitkenvale Townsville,snap_fitness,Shop A 254 Ross River Road,unknown,Aitkenvale
Boondall,snap_fitness,Sues Corner Crn Sandgate & Beams Road,unknown,Boondall
Sunnybank,snap_fitness,289 McCullough Street,unknown,Sunnybank
Maryborough,snap_fitness,87 Bazaar Street,unknown,Maryborough
Rockhampton,snap_fitness,1 Aquatic Place,unknown,Rockhampton
Surfers Paradise,snap_fitness,Level 1 3031-3033 Surfers Paradise Boulevard,unknown,Surfers Paradise
"Clayfield, Brisbane",snap_fitness,715 Sandgate Rd,unknown,Clayfield
Emerald,snap_fitness,Egerton Street & Clermont Street,unknown,Emerald
Ayr,snap_fitness,136 Queen Street,unknown,Burdekin
Kippa-Ring,snap_fitness,2 / 250 Anzac Avenue,unknown,Redcliffe QLD
Loganholme,snap_fitness,Pacific Hwy & Bryants Rd,unknown,Loganholme
Tweed Heads,snap_fitness,Shop 40-43a Tweed Mall Shopping Centre,unknown,Tweed Heads
Lutwyche,snap_fitness,543 Lutwyche Road,unknown,Lutwyche
Noosaville,snap_fitness,17/18 Thomas Rd,unknown,Noosa
Roma,snap_fitness,35 Hawthorne Street,unknown,Roma
"Indooroopilly, Brisbane",snap_fitness,34 Coonan St,unknown,Indooroopilly
Spring Hill,snap_fitness,375 Turbot Street,unknown,Spring Hill
Gold Coast,snap_fitness,1156 - 1164 Gold Coast Hwy,unknown,Palm Beach
Townsville City,snap_fitness,1A Little Fletcher St,unknown,Townsville
Woolloongabba,snap_fitness,Centro Buranda Shopping Centre - Level 2,unknown,Buranda
Arana Hills,snap_fitness,22 Nepean Avenue,unknown,Arana Hills
"Nerang, Gold Coast",snap_fitness,57 Station St,unknown,Nerang
Runaway Bay,snap_fitness,Unit 1 385 Oxley Drive,unknown,Runaway Bay
Manly West,snap_fitness,Cnr Manly Rd & Burnett St,unknown,Manly West
Gold Coast,snap_fitness,2160 Gold Coast Hwy,unknown,Miami
Helensvale,snap_fitness,Town Centre Drive,unknown,Helensvale
Browns Plains,snap_fitness,123 Browns Plains Rd,unknown,Browns Plains
Sandgate,snap_fitness,121 Allen Street,unknown,Sandgate
Yamanto,snap_fitness,Shop 27/512 Warwick Rd.,unknown,Yamanto
Kawana,snap_fitness,5 Lutana St,unknown,Kawana
"Meadowbrook, Brisbane",snap_fitness,2-10 Yeates Cres,unknown,Meadowbrook
"North Lakes, Brisbane",snap_fitness,7/25 Discovery Dr,unknown,North Lakes
Buderim,snap_fitness,96 Burnett Street,unknown,Buderim
Robina,snap_fitness,RSC 24 Robina Super Centre,unknown,Robina
Highfields,snap_fitness,Shop 5c 66 Highfields Road,unknown,Highfields
West End,snap_fitness,10 Browning Street,unknown,West End
Forest Lake,snap_fitness,200 Grand Avenue,unknown,Forest Lake
Caloundra,snap_fitness,Level 1 / 130 – 132 Bulcock Street,unknown,Caloundra
"Kenmore, Brisbane",snap_fitness,2069 Moggill Rd,unknown,Kenmore
Townsville,snap_fitness,22 Herveys Range Road,unknown,Thuringowa
Pacific Pines,snap_fitness,Cnr Pacific Pines Blvd & Hotham Dr,unknown,Pacific Pines
Brisbane,snap_fitness,28A / 1000 Waterwork Road,unknown,The Gap
Kingaroy,snap_fitness,18-20 Rogers Dr,unknown,Kingaroy
Chermside,snap_fitness,831 Gympie Rd,unknown,Chermside
Victoria Point,snap_fitness,349-369 Colburn Ave,unknown,Victoria Point
"Everton Park, Brisbane",snap_fitness,97 Flockton St,unknown,Everton Park
New Farm,snap_fitness,896 Brunswick St,unknown,New Farm
Beaudesert,snap_fitness,124-134 Brisbane Street,unknown,Beaudesert
"Holland Park, Brisbane",snap_fitness,1230 Logan Rd,unknown,Holland Park
Mackay,snap_fitness,"Caneland Central Shopping Centre Shop 2512 Level One
2 Mangrove Road",unknown,Mackay Central
Southport,snap_fitness,3.06 107 Ferry Road,unknown,Southport
Mt Gravatt East,snap_fitness,35 Wecker Road,unknown,Mt Gravatt East
Cleveland,snap_fitness,16 Weippin St,unknown,Cleveland
Brisbane,snap_fitness,1/16 Baroona Rd,unknown,Milton
Mackay,spotlight,Tenancy 2 Mackay Bucasia Rd & Holts Rd Mackay QLD 4740 Australia,unknown,Spotlight Mackay
Logan,spotlight,Logan Mega Centre 3525 Pacific Highway Slacks Creek QLD 4127 Australia,unknown,Spotlight Logan
Sunshine Coast,spotlight,Tenancy 2001 53-91 Dalton Drive Maroochydore QLD 4558 Australia,unknown,Spotlight Maroochydore
Ipswich,spotlight,339 Brisbane Street West Ipswich QLD 4305 Australia,unknown,Spotlight Ipswich
Brisbane,spotlight,272 Moggill Road Indooroopilly QLD 4068 Australia,unknown,Spotlight Indooroopilly
Brisbane,spotlight,142 Newmarket Road Windsor QLD 4030 Australia,unknown,Spotlight Windsor
Logan,spotlight,Tenancy MM006C Corner Pacific Highway and Bryants Road Loganholme QLD 4129 Australia,unknown,Spotlight Logan Hyperdome Creative
Gold Coast,spotlight,LG1 Shop 2027 Robina Town Centre 19-33 Robina Town Centre Drive Robina QLD 4230 Australia,unknown,Spotlight Creative Robina
Brisbane,spotlight,1151 Creek Road Carindale QLD 4152 Australia,unknown,"Spotlight Creative Carindale (Craft, Party, Sew)"
Ipswich,spotlight,1 Main Street Springfield Central QLD 4300 Australia,unknown,Spotlight Springfield
Gold Coast,spotlight,Tenancy 4 Cnr Days Rd & Old Coach Rd Upper Coomera QLD 4209 Australia,unknown,Spotlight Upper Coomera
Moreton Bay,spotlight,Primewest Centre 958 North Lakes Drive North Lakes QLD 4509 Australia,unknown,Spotlight North Lakes
Gladstone,spotlight,Gladstone Central Shopping Centre Tenancy 32A 65-69 Dawson Road Gladstone QLD 4680 Australia,unknown,Spotlight Gladstone
Fraser Coast,spotlight,Tenancy 2 200 Boat Harbour Drive Pialba QLD 4655 Australia,unknown,Spotlight Hervey Bay
Gold Coast,spotlight,177 Reedy Creek Road West Burleigh QLD 4219 Australia,unknown,Spotlight West Burleigh
Townsville,spotlight,364 - 374 Bayswater Road Cnr Duckworth St Garbutt QLD 4814 Australia,unknown,Spotlight Townsville
Toowoomba,spotlight,918 - 922 Ruthven Street Toowoomba QLD 4350 Australia,unknown,Spotlight Toowoomba
Rockhampton,spotlight,341 Yaamba Road North Rockhampton QLD 4701 Australia,unknown,Spotlight Rockhampton
Brisbane,spotlight,1290 Logan Road Mount Gravatt QLD 4122 Australia,unknown,Spotlight Mt Gravatt
Moreton Bay,spotlight,312 - 344 Morayfield Road Morayfield QLD 4506 Australia,unknown,Spotlight Morayfield
Brisbane,spotlight,429 South Pine Road Everton Park QLD 4053 Australia,unknown,Spotlight Everton Park
Brisbane,spotlight,1 - 7 Finucane Road Capalaba QLD 4157 Australia,unknown,Spotlight Capalaba
Cairns,spotlight,Corner Mulgrave Road & Tills Street Cairns QLD 4870 Australia,unknown,Spotlight Cairns
Bundaberg,spotlight,Showroom C Building 2 Corner Takalvan Street & Johanna Blvd Bundaberg QLD 4670 Australia,unknown,Spotlight Bundaberg
Brisbane,spotlight,65 - 85 Browns Plains Road Browns Plains QLD 4118 Australia,unknown,Spotlight Browns Plains
Gold Coast,spotlight,345 - 351 Southport Nerang Road Ashmore QLD 4214 Australia,unknown,Spotlight Ashmore
Brisbane,thebodyshop,,unknown,Brisbane Mall
Qld,thebodyshop,,unknown,Queensland Pacific Fair
Morayfield,thebodyshop,,unknown,Morayfield
Loganholme,thebodyshop,,unknown,Loganholme
Carindale,thebodyshop,,unknown,CARINDALE
Mackay,thebodyshop,,unknown,Mackay
Mount Omma,thebodyshop,,unknown,Mt Ommaney
Aitkenvale,thebodyshop,,unknown,Aitkenvale Townsville
Rockhampto,thebodyshop,,unknown,Rockhampton
"Robina, Ql",thebodyshop,,unknown,Robina
Mango Hill,thebodyshop,,unknown,Mango Hill Northlakes
Toowoomba,thebodyshop,,unknown,Toowoomba
Helensvale,thebodyshop,,unknown,Helensvale
Cairns Qld,thebodyshop,,unknown,Cairns
Maroochydo,thebodyshop,,unknown,Maroochydore
Indooroopi,thebodyshop,,unknown,Indooroopilly
Mt Gravatt,thebodyshop,,unknown,Mt Gravatt
"Chermside,",thebodyshop,,unknown,Chermside
Gold Coast,tommy_hilfiger_au_nz,Ground Level Shop 1560 Pacific Fair Shopping Centre Hooker Boulevard Broadbeach QLD 4218,unknown,PACIFIC FAIR
Gold Coast,tommy_hilfiger_au_nz,Shop B14-16 Harbour Town Shopping Centre 147 - 189 Brisbane Road Biggera Waters QLD 4216,unknown,BIGGERA WATERS HARBOUR TOWN
Brisbane,tommy_hilfiger_au_nz,Shop T25/27 Brisbane DFO Corner 18th Avenue and The Circuit Skygate Brisbane Airport QLD 4007,unknown,BRISBANE DFO
Sunshine Coast,tommy_hilfiger_au_nz,Shop 654 154-164 Horton Parade Maroochydore QLD 4558,unknown,SUNSHINE PLAZA
Brisbane,tommy_hilfiger_au_nz,Shop 2018 Indooroopilly Shopping Centre 322 Moggill Road Indooroopilly QLD 4068,unknown,Indooroopilly
Sunshine Coast,tommy_hilfiger_au_nz,Shop 654 Sunshine Plaza Shopping Centre 154-164 Horton Parade Maroochydore QLD 4558,unknown,Maroochydore
Brisbane,tommy_hilfiger_au_nz,Shop 2702 Gympie Road Chermside QLD 4032,unknown,Tommy Hilfiger Chermside
Biggera Waters,total_tools_au,,unknown,Total Tools Biggera Waters
Beenleigh,total_tools_au,,unknown,Total Tools Beenleigh
Coopers Plains,total_tools_au,,unknown,Total Tools Coopers Plains
Coomera,total_tools_au,,unknown,Total Tools Coomera
Virginia,total_tools_au,,unknown,Total Tools Virginia
Townsville,total_tools_au,,unknown,Total Tools Townsville
Wilsonton,total_tools_au,,unknown,Total Tools Toowoomba
Tingalpa,total_tools_au,,unknown,Total Tools Tingalpa
Woodridge,total_tools_au,,unknown,Total Tools Springwood
Rockhampton ,total_tools_au,,unknown,Total Tools Rockhampton
Richlands,total_tools_au,,unknown,Total Tools Richlands
North Lakes,total_tools_au,,unknown,Total Tools North Lakes
Noosaville,total_tools_au,,unknown,Total Tools Noosaville
Morayfield,total_tools_au,,unknown,Total Tools Morayfield
Kunda Park,total_tools_au,,unknown,Total Tools Maroochydore
Paget,total_tools_au,,unknown,Total Tools Mackay
Booval,total_tools_au,,unknown,Total Tools Ipswich
East Brisbane,total_tools_au,,unknown,Total Tools East Brisbane
Capalaba,total_tools_au,,unknown,Total Tools Capalaba
Portsmith,total_tools_au,,unknown,Total Tools Cairns
Smithfield,total_tools_au,,unknown,Total Tools Cairns North
Burleigh Waters,total_tools_au,,unknown,Total Tools Burleigh Waters
Bundaberg,total_tools_au,,unknown,Total Tools Bundaberg
Brendale,total_tools_au,,unknown,Total Tools Brendale
BALDIVIS,visa,,unknown,unknown
MT ISA,visa,,unknown,unknown
MOUNT ISA,visa,,unknown,unknown
LONGREACH,visa,,unknown,unknown
CHARLEVILLE,visa,,unknown,unknown
BLACKALL,visa,,unknown,unknown
ST GEORGE,visa,,unknown,unknown
KOWANYAMA,visa,,unknown,unknown
PORMPURAAW,visa,,unknown,unknown
GOONDIWINDI,visa,,unknown,unknown
ROMA,visa,,unknown,unknown
STANTHORPE,visa,,unknown,unknown
MILLMERRAN,visa,,unknown,unknown
CHINCHILLA,visa,,unknown,unknown
WARWICK,visa,,unknown,unknown
EMERALD,visa,,unknown,unknown
PITTSWORTH,visa,,unknown,unknown
CLIFTON,visa,,unknown,unknown
DALBY,visa,,unknown,unknown
CHARTERS TOWERS,visa,,unknown,unknown
"OAKEY, QLD",visa,,unknown,unknown
KEARNEYS SPRING,visa,,unknown,unknown
KEARNEY SPRINGS,visa,,unknown,unknown
GLENVALE PARK,visa,,unknown,unknown
TOOWOOMBA,visa,,unknown,unknown
NEWTOWN,visa,,unknown,unknown
TOOWOOMBA WEST,visa,,unknown,unknown
SOUTH TOOWOOMBA,visa,,unknown,unknown
LOCKHART,visa,,unknown,unknown
WILSONTON,visa,,unknown,unknown
"TOOWOOMBA, QLD",visa,,unknown,unknown
EAST TOOWOOMBA,visa,,unknown,unknown
NORTH TOOWOOMBA,visa,,unknown,unknown
WITHCOTT,visa,,unknown,unknown
HIGHFIELDS,visa,,unknown,unknown
GATTON,visa,,unknown,unknown
LAIDLEY,visa,,unknown,unknown
CROWS NEST,visa,,unknown,unknown
PLAINLANDS,visa,,unknown,unknown
ATHERTON,visa,,unknown,unknown
BEAUDESERT,visa,,unknown,unknown
INGHAM,visa,,unknown,unknown
MAREEBA,visa,,unknown,unknown
FLINDERS VIEW,visa,,unknown,unknown
IPSWICH,visa,,unknown,unknown
BRASSALL,visa,,unknown,unknown
BOOVAL,visa,,unknown,unknown
TULLY,visa,,unknown,unknown
JIMBOOMBA,visa,,unknown,unknown
SPRINGFIELD LAKES,visa,,unknown,unknown
SPRINGFIELD CENTRAL,visa,,unknown,unknown
KARALEE,visa,,unknown,unknown
REDBANK,visa,,unknown,unknown
KINGAROY,visa,,unknown,unknown
ROBINA,visa,,unknown,unknown
GOODNA,visa,,unknown,unknown
ELANORA,visa,,unknown,unknown
THURINGOWA CENTRAL,visa,,unknown,unknown
NANANGO,visa,,unknown,unknown
BURLEIGH WATERS,visa,,unknown,unknown
WEST BURLEIGH,visa,,unknown,unknown
NERANG,visa,,unknown,unknown
MERMAID WATERS,visa,,unknown,unknown
FOREST LAKE,visa,,unknown,unknown
COOLANGATTA,visa,,unknown,unknown
RICHLANDS,visa,,unknown,unknown
BROWNS PLAINS,visa,,unknown,unknown
AITKENVALE,visa,,unknown,unknown
BROADBEACH WATERS,visa,,unknown,unknown
INALA,visa,,unknown,unknown
BUNDALL,visa,,unknown,unknown
ASHMORE,visa,,unknown,unknown
MT OMMANEY,visa,,unknown,unknown
MOUNT OMMANEY,visa,,unknown,unknown
HELENSVALE,visa,,unknown,unknown
MARSDEN,visa,,unknown,unknown
SOUTHPORT,visa,,unknown,unknown
OXENFORD,visa,,unknown,unknown
SURFERS PARADISE,visa,,unknown,unknown
HYDE PARK,visa,,unknown,unknown
COOMERA,visa,,unknown,unknown
KENMORE,visa,,unknown,unknown
ACACIA RIDGE,visa,,unknown,unknown
WATERFORD,visa,,unknown,unknown
BIGGERA WATERS,visa,,unknown,unknown
SUNNYBANK HILLS,visa,,unknown,unknown
PORT DOUGLAS,visa,,unknown,unknown
GRACEVILLE,visa,,unknown,unknown
WOODRIDGE,visa,,unknown,unknown
TOWNSVILLE,visa,,unknown,unknown
LOGAN CENTRAL,visa,,unknown,unknown
RUNAWAY BAY,visa,,unknown,unknown
INDOOROOPILLY,visa,,unknown,unknown
BEENLEIGH,visa,,unknown,unknown
MOOROOKA,visa,,unknown,unknown
SUNNYBANK,visa,,unknown,unknown
UNDERWOOD,visa,,unknown,unknown
EDMONTON,visa,,unknown,unknown
LOGANHOLME,visa,,unknown,unknown
TOOWONG,visa,,unknown,unknown
SPRINGWOOD,visa,,unknown,unknown
MOUNT SHERIDAN,visa,,unknown,unknown
UPPER MOUNT GRAVATT,visa,,unknown,unknown
UPPER MT GRAVATT,visa,,unknown,unknown
BURANDA,visa,,unknown,unknown
SMITHFIELD,visa,,unknown,unknown
SOUTH BRISBANE,visa,,unknown,unknown
EARLVILLE,visa,,unknown,unknown
MOUNT GRAVATT,visa,,unknown,unknown
PADDINGTON,visa,,unknown,unknown
ASHGROVE,visa,,unknown,unknown
BRISBANE,visa,,unknown,unknown
COORPAROO,visa,,unknown,unknown
ARANA HILLS,visa,,unknown,unknown
MITCHELTON,visa,,unknown,unknown
INNISFAIL,visa,,unknown,unknown
NEW FARM,visa,,unknown,unknown
FORTITUDE VALLEY,visa,,unknown,unknown
CAIRNS,visa,,unknown,unknown
CARINDALE,visa,,unknown,unknown
STAFFORD,visa,,unknown,unknown
ALBANY CREEK,visa,,unknown,unknown
HAMILTON,visa,,unknown,unknown
CANNON HILL,visa,,unknown,unknown
CHERMSIDE,visa,,unknown,unknown
TOOMBUL,visa,,unknown,unknown
ASPLEY,visa,,unknown,unknown
MURGON,visa,,unknown,unknown
CAPALABA,visa,,unknown,unknown
STRATHPINE,visa,,unknown,unknown
VICTORIA POINT,visa,,unknown,unknown
VIRGINIA,visa,,unknown,unknown
WYNNUM WEST,visa,,unknown,unknown
WYNNUM,visa,,unknown,unknown
CLEVELAND,visa,,unknown,unknown
KALLANGUR,visa,,unknown,unknown
SANDGATE,visa,,unknown,unknown
MANGO HILL,visa,,unknown,unknown
NORTHLAKES,visa,,unknown,unknown
BURPENGARY,visa,,unknown,unknown
BILOELA,visa,,unknown,unknown
MORAYFIELD,visa,,unknown,unknown
KIPPA-RING,visa,,unknown,unknown
KIPPA RING,visa,,unknown,unknown
MARGATE,visa,,unknown,unknown
CABOOLTURE,visa,,unknown,unknown
AYR,visa,,unknown,unknown
BONGAREE,visa,,unknown,unknown
PALMWOODS,visa,,unknown,unknown
CALOUNDRA,visa,,unknown,unknown
NAMBOUR,visa,,unknown,unknown
BUDERIM,visa,,unknown,unknown
KAWANA WATERS,visa,,unknown,unknown
MAROOCHYDORE,visa,,unknown,unknown
BUDDINA,visa,,unknown,unknown
GYMPIE,visa,,unknown,unknown
COOLUM BEACH,visa,,unknown,unknown
NOOSAVILLE,visa,,unknown,unknown
NOOSA HEADS,visa,,unknown,unknown
BOWEN,visa,,unknown,unknown
ROCKHAMPTON,visa,,unknown,unknown
BERSERKER,visa,,unknown,unknown
PARK AVENUE,visa,,unknown,unknown
PROSERPINE,visa,,unknown,unknown
CHILDERS,visa,,unknown,unknown
MOUNT PLEASANT,visa,,unknown,unknown
MACKAY,visa,,unknown,unknown
RURAL VIEW,visa,,unknown,unknown
AIRLIE BEACH,visa,,unknown,unknown
MARYBOROUGH,visa,,unknown,unknown
GLADSTONE,visa,,unknown,unknown
TANNUM SANDS,visa,,unknown,unknown
YEPPOON,visa,,unknown,unknown
AVOCA,visa,,unknown,unknown
BUNDABERG,visa,,unknown,unknown
HERVEY BAY,visa,,unknown,unknown
Broadbeach Waters,western_union,,unknown,TSG & LOTTO BROADBEACH WATERS
