City,Place Name,Zipcode,Name
Barnsley,angling_direct_gb,,unknown,Angling Direct Barnsley
Royston,asda_gb,,unknown,Asda
Barnsley,bhf_gb,,unknown,Barnsley Furniture &amp; Electrical Store
Hoyland,b_and_m,,unknown,B&M Hoyland (630) Store
Darfield,cooplands_gb,Unit 2,unknown,Barnsley &#8211; Darfield
South Yorkshire,iceland_foods,,unknown,Iceland
Barnsley,o2_gb,,unknown,O2 Shop Barnsley
Shafton,premier_gb,,unknown,Premier Shafton Stores
Wath Upon Dearne,premier_gb,,unknown,Premier Metro Stores
Brampton,premier_gb,,unknown,Premier Dil Brothers
Elsecar,premier_gb,,unknown,Premier Cobcar Mini Market
Jump,premier_gb,,unknown,Premier Wentworth Road Stores
Worsborough,premier_gb,,unknown,Premier Ward Green Conv Store
Barnsley,premier_gb,,unknown,Premier Rotherham Road Convenience Store
BARNSLEY,williamhill_gb,,unknown,William Hill
