City,Place Name,Zipcode,Name
Western Junction,agnvet_au,44 Translink Avenue South Western Junction TAS Australia,unknown,Launceston
Scottsdale,agnvet_au,Darling Irrigation - Scottsdale 37 George Street Scottsdale TAS 7260 Australia,unknown,Scottsdale
Latrobe,agnvet_au,4 Speedway Dr Latrobe TAS 7307,unknown,Latrobe
Deloraine,ag_warehouse_au,,unknown,Deloraine
Scottsdale,ag_warehouse_au,,unknown,Scottsdale
Smithton,ag_warehouse_au,,unknown,Smithton
Hobart,angus_and_coote_au,SH 37-39 The Cat &amp; Fiddle Arcade 49-51 Murray Street Hobart TAS 7000,unknown,Hobart
Launceston,angus_and_coote_au,SH 1 136 Brisbane Street Mall Launceston TAS 7250,unknown,Launceston
Glenorchy,angus_and_coote_au,G-017 Northgate Shopping Centre 387-393 Main Road Glenorchy TAS 7010,unknown,Northgate
Hobart,audi,152-170 Campbell Street Hobart 7000,unknown,Audi Centre Hobart
Launceston,audi,80 Hobart Road Launceston 7250,unknown,Audi Centre Launceston
Launceston,avis,,unknown,Avis Australia Launceston Airport
Hobart,avis,,unknown,Avis Australia Hobart Airport
Devonport,avis,,unknown,Avis Australia Devonport Airport
Burnie,avis,,unknown,Avis Australia Burnie Airport
Devonport,carpet_court_au,,unknown,Devonport Carpet Court
Mornington,carpet_court_au,,unknown,Eastern Shore Carpet Court
Launceston,carpet_court_au,,unknown,Modern Living Carpet Court (Launceston)
Moonah,carpet_court_au,,unknown,Modern Living Carpet Court (Moonah)
Moonah,fantastic_furniture_au,54 Gormanston Road Moonah Tasmania 7009,unknown,Hobart
Launceston,fantastic_furniture_au,115 Wellington Street Launceston Tasmania 7250,unknown,Launceston
Burnie,floorworld_au,,unknown,Burnie Floorworld
Devonport,floorworld_au,,unknown,Devonport Floorworld
Launceston,floorworld_au,,unknown,Launceston Floorworld
Hobart ,floorworld_au,,unknown,Giffards Floorworld Hobart
Cambridge,forty_winks_au,,unknown,Forty Winks Cambridge
Launceston,forty_winks_au,,unknown,Forty Winks Launceston
Hobart,freedom_furniture,,unknown,Freedom - Hobart
Hobart,hm,,unknown,The Cat & Fiddle Arcade
Swansea,little_free_library,,unknown,Jennifer Andrews #12399 Swansea Tasmania
Howrah,mcdonalds_qstore,,unknown,Howrah
Launceston,mercedes_benz,,unknown,Buckby Motors Pty Ltd as trustee for Rainbow Motors Trust
Hobart,mercedes_benz,,unknown,HOBART PERFORMANCE AUTOS  PTY LTD AS TRUSTEE FOR HOBART PERFORMANCE AUTOS UNIT TRUST
WIVENHOE,mitre_10_au,,unknown,WIVENHOE - Becks Mitre 10 Trade Centre
WESTBURY,mitre_10_au,,unknown,WESTBURY - Westbury True Value Hardware
WEST ULVERSTONE,mitre_10_au,,unknown,WEST ULVERSTONE - Ulverstone Home Timber & Hardware
ULVERSTONE,mitre_10_au,,unknown,ULVERSTONE - Becks Mitre 10
SWANSEA,mitre_10_au,,unknown,SWANSEA - Clennett's Mitre 10
ST HELENS,mitre_10_au,,unknown,ST HELENS - Becks Mitre10 - St Helens
SORELL,mitre_10_au,,unknown,SORELL - Clennett’s Mitre 10
SMITHTON,mitre_10_au,,unknown,SMITHTON - Armour Mitre 10
SCOTTSDALE,mitre_10_au,,unknown,SCOTTSDALE - Becks Mitre 10
PORT SORELL,mitre_10_au,,unknown,PORT SORELL - Becks Mitre 10
NEW NORFOLK,mitre_10_au,,unknown,NEW NORFOLK - Williams Mitre 10
MORNINGTON,mitre_10_au,,unknown,MORNINGTON - Clennett's Mitre 10 Trade Centre
MOONAH,mitre_10_au,,unknown,MOONAH - Clennett's Mitre 10
LAUNCESTON,mitre_10_au,,unknown,LAUNCESTON - Becks Mitre 10
LATROBE,mitre_10_au,,unknown,LATROBE - Wells Mitre 10
KINGSTON,mitre_10_au,,unknown,KINGSTON - Clennett's Mitre 10
KING ISLAND,mitre_10_au,,unknown,KING ISLAND - King Island True Value Hardware
HUONVILLE,mitre_10_au,,unknown,HUONVILLE - Clennett's Mitre 10
HOBART,mitre_10_au,,unknown,HOBART - Clennett's Mitre 10
GEEVESTON,mitre_10_au,,unknown,GEEVESTON - Huon Valley Mitre 10
EXETER,mitre_10_au,,unknown,EXETER - Exeter True Value Hardware
DEVONPORT,mitre_10_au,,unknown,DEVONPORT - Becks Mitre 10
DELORAINE,mitre_10_au,,unknown,DELORAINE - Becks Mitre 10
CYGNET,mitre_10_au,,unknown,CYGNET - Cygnet Mitre 10
Cambridge,national_tiles_au,,unknown,Cambridge
Invermay,national_tiles_au,,unknown,Launceston
Launceston,paddy_pallin_au,110 George Street Launceston letteremairrenner/palawa Country TAS 7250,unknown,Launceston
Hobart,paddy_pallin_au,111 Elizabeth St Hobart muwinina/palawa Country TAS 7000,unknown,Hobart
Launceston,ray_white_au_nz,,unknown,Ray White Launceston
Hobart,ray_white_au_nz,,unknown,Ray White Hobart
Hobart,retail_apparel_group,Shop 48/49 Cat & Fiddle Shopping Centre 101 Collins Street,unknown,yd. Hobart Tasmania
Hobart,retail_apparel_group,Shop GF6 Elizabeth Plaza,unknown,Connor Hobart
Glenorchy,retail_apparel_group,Shop G-045 Northgate Shopping Centre 387-393 Main Road,unknown,Connor Glenorchy
Rosny Park,retail_apparel_group,Shop U032 Eastlands S/C 1 Bligh Street ,unknown,Connor Rosny
Launceston,smart,,unknown,Buckby Motors Pty Ltd as trustee for Rainbow Motors Trust
Launceston,spotlight,180 Cimitiere Road Launceston TAS 7250 Australia,unknown,Spotlight Launceston
Glenorchy,spotlight,T1 2 Howard Road Glenorchy TAS 7010 Australia,unknown,Spotlight Glenorchy
Burnie,spotlight,43 - 45 Marine Terrace Burnie TAS 7320 Australia,unknown,Spotlight Burnie
unknown,tasmania_parks_and_wildlife_service_au,,unknown,Friendly Beaches (Isaacs Point)
Launceston,thebodyshop,,unknown,Launceston
Hobart,thebodyshop,,unknown,Hobart
Launceston,total_tools_au,,unknown,Total Tools Launceston
Kingston,total_tools_au,,unknown,Total Tools Kingston
Derwent Park,total_tools_au,,unknown,Total Tools Hobart
CYGNET,visa,,unknown,unknown
HUONVILLE,visa,,unknown,unknown
KINGSTON,visa,,unknown,unknown
NEW NORFOLK,visa,,unknown,unknown
SANDY BAY,visa,,unknown,unknown
HOBART,visa,,unknown,unknown
NEW TOWN,visa,,unknown,unknown
MOONAH,visa,,unknown,unknown
GLENORCHY,visa,,unknown,unknown
ROSNY PARK,visa,,unknown,unknown
BRIDGEWATER,visa,,unknown,unknown
SORELL,visa,,unknown,unknown
OATLANDS,visa,,unknown,unknown
WYNYARD,visa,,unknown,unknown
SHEFFIELD,visa,,unknown,unknown
BURNIE,visa,,unknown,unknown
DELORAINE,visa,,unknown,unknown
ULVERSTONE,visa,,unknown,unknown
LATROBE,visa,,unknown,unknown
DEVONPORT,visa,,unknown,unknown
EAST DEVONPORT,visa,,unknown,unknown
CAMPBELL TOWN,visa,,unknown,unknown
LONGFORD,visa,,unknown,unknown
KINGS MEADOWS,visa,,unknown,unknown
EXETER,visa,,unknown,unknown
LAUNCESTON,visa,,unknown,unknown
MOWBRAY,visa,,unknown,unknown
GEORGE TOWN,visa,,unknown,unknown
SCOTTSDALE,visa,,unknown,unknown
ST HELENS,visa,,unknown,unknown
