City,Place Name,Zipcode,Name
Beijing,aurecongroup,Room 2438 4th Floor Building 3 No 8 Bridge East Road Chaoyang DistrictBeijing100022,unknown,unknown
unknown,avis,,unknown,unknown
unknown,brewdog,,unknown,Dublin
unknown,carrabbasitaliangrill,,unknown,Carrabba's Italian Grill
Casablanca,cgi_group,,unknown,Casablanca Casablanca - Casanearshore
Fès,cgi_group,,unknown,Fès  Fès Shore Park
Rabat,cgi_group,,unknown,Rabat Bâtiment Shore 3
Lane Cove West,cgi_group,,unknown,Lane Cove West Suite G.03
North Sydney,cgi_group,,unknown,North Sydney
Adelaide,cgi_group,,unknown,Adelaide
Brisbane,cgi_group,,unknown,Brisbane Level 6 (Reception)
Hobart,cgi_group,,unknown,"Hobart Level 6, Reserve Bank Building,"
Southbank,cgi_group,,unknown,Southbank Melbourne
Bangalore,cgi_group,,unknown,Bangalore Divyasree Technopolis
Pune,cgi_group,,unknown,Pune CGI ISMC Pvt Ltd
Mumbai,cgi_group,,unknown,Mumbai Andheri Kurla Road
Chennai,cgi_group,,unknown,Chennai DLF IT Park
Hyderabad,cgi_group,,unknown,Hyderabad DLF - Cyber City
Kuala Lumpur,cgi_group,,unknown,Kuala Lumpur Kuala Lumpur - Avenue 7
Pasig City,cgi_group,,unknown,Pasig City Ortigas: Robinsons Cyberscape Alpha
Taguig City,cgi_group,,unknown,Taguig City Taguig City: One World Square
Diegem,cgi_group,,unknown,Diegem Brussels
Geneva,cgi_group,,unknown,Geneva
Brno,cgi_group,,unknown,Brno
OSTRAVA,cgi_group,,unknown,OSTRAVA
PRAHA,cgi_group,,unknown,PRAHA
Aarhus,cgi_group,,unknown,Aarhus Aarhus - Tranbjerg J
Ballerup,cgi_group,,unknown,Ballerup
Nørresundby,cgi_group,,unknown,Nørresundby Aalborg - Nørresundby
Tallinn,cgi_group,,unknown,Tallinn Tallinn -A. H. Tammsaare tee
Tartu,cgi_group,,unknown,Tartu Tartu - Sõbra
Hämeenlinna,cgi_group,,unknown,Hämeenlinna
Helsinki,cgi_group,,unknown,Helsinki Helsinki - Karvaamokuja
Joensuu,cgi_group,,unknown,Joensuu
Jyväskylä,cgi_group,,unknown,Jyväskylä
Kuopio,cgi_group,,unknown,Kuopio
Lahti,cgi_group,,unknown,Lahti
Lappeenranta,cgi_group,,unknown,Lappeenranta
Mikkeli,cgi_group,,unknown,Mikkeli
Oulu,cgi_group,,unknown,Oulu
Tampere,cgi_group,,unknown,Tampere
Turku,cgi_group,,unknown,Turku
Vaasa,cgi_group,,unknown,Vaasa
Aix-en-Provence,cgi_group,,unknown,Aix-en-Provence Immeuble le Quartz
Amiens,cgi_group,,unknown,Amiens Immeuble Oxygène
Bordeaux,cgi_group,,unknown,Bordeaux Immeuble Andromède
Brest,cgi_group,,unknown,Brest Immeuble Grand Large
Clermont Ferrand,cgi_group,,unknown,Clermont Ferrand
Colmar,cgi_group,,unknown,Colmar
Grenoble,cgi_group,,unknown,Grenoble
Le Mans,cgi_group,,unknown,Le Mans
Lille,cgi_group,,unknown,"Lille 8, rue Anatole France"
Limoges,cgi_group,,unknown,Limoges
Lorient,cgi_group,,unknown,Lorient
Lyon,cgi_group,,unknown,Lyon Bâtiment Docksite
Montbeliard,cgi_group,,unknown,Montbeliard
Montpellier,cgi_group,,unknown,Montpellier Parc d'Activité Jean Mermoz Bâtiment B
Nancy,cgi_group,,unknown,Nancy
Nantes,cgi_group,,unknown,Nantes
Niort,cgi_group,,unknown,Niort
Orléans,cgi_group,,unknown,Orléans
Pau,cgi_group,,unknown,Pau Parc d'activités Pau Pyrénées Bâtiment H
Puteaux,cgi_group,,unknown,Puteaux Paris - Carré Michelet
Rennes,cgi_group,,unknown,Rennes Immeuble AERIS
Saint-Avertin,cgi_group,,unknown,Saint-Avertin
Sophia-Antipolis,cgi_group,,unknown,Sophia-Antipolis Bâtiment Atlas B
Strasbourg,cgi_group,,unknown,Strasbourg
Tarnos,cgi_group,,unknown,Tarnos
Toulouse,cgi_group,,unknown,Toulouse
Tours,cgi_group,,unknown,Tours
Aalen,cgi_group,,unknown,Aalen
Alsfeld,cgi_group,,unknown,Alsfeld
Ansbach,cgi_group,,unknown,Ansbach
Berlin,cgi_group,,unknown,Berlin
Bielefeld,cgi_group,,unknown,Bielefeld
Bochum,cgi_group,,unknown,Bochum
Braunschweig,cgi_group,,unknown,Braunschweig
Bremen,cgi_group,,unknown,Bremen
Darmstadt,cgi_group,,unknown,Darmstadt
Dresden,cgi_group,,unknown,Dresden
Düsseldorf,cgi_group,,unknown,Düsseldorf
Erfurt,cgi_group,,unknown,Erfurt
Erlangen,cgi_group,,unknown,Erlangen
Halle,cgi_group,,unknown,Halle
Hamburg,cgi_group,,unknown,Hamburg
Hannover,cgi_group,,unknown,Hannover
Kaiserslautern,cgi_group,,unknown,Kaiserslautern
Karlsruhe,cgi_group,,unknown,Karlsruhe
Kassel,cgi_group,,unknown,Kassel
Koblenz,cgi_group,,unknown,Koblenz
Köln,cgi_group,,unknown,Köln
Leinfelden-Echterdingen,cgi_group,,unknown,Leinfelden-Echterdingen
Leipzig,cgi_group,,unknown,Leipzig
Mannheim,cgi_group,,unknown,Mannheim
München,cgi_group,,unknown,München
Potsdam,cgi_group,,unknown,Potsdam
Stuttgart,cgi_group,,unknown,Stuttgart
Sulzbach (Taunus),cgi_group,,unknown,Sulzbach (Taunus) Sulzbach
Wolfsburg,cgi_group,,unknown,Wolfsburg
Budapest,cgi_group,,unknown,Budapest
Milano,cgi_group,,unknown,Milano Lombardia – Milano (MI)
Padova,cgi_group,,unknown,Padova Veneto – Padova (PD)
Frascati,cgi_group,,unknown,Frascati Lazio – Frascati (RM)
Roma,cgi_group,,unknown,Roma Lazio - Roma (RM)
Kaunas,cgi_group,,unknown,Kaunas Business Leaders Center
Vilnius,cgi_group,,unknown,Vilnius
Luxembourg,cgi_group,,unknown,Luxembourg
Riga,cgi_group,,unknown,Riga
Amsterdam,cgi_group,,unknown,Amsterdam
ARNHEM,cgi_group,,unknown,ARNHEM CGI Arnhem B.V.
Eindhoven,cgi_group,,unknown,Eindhoven
Groningen,cgi_group,,unknown,Groningen Groningen - Eemsgolaan
Maastricht,cgi_group,,unknown,Maastricht
Rotterdam,cgi_group,,unknown,Rotterdam Rotterdam – De Lotus (head office)
Bergen,cgi_group,,unknown,Bergen
Drammen,cgi_group,,unknown,Drammen  (Visiting address)
Haugesund,cgi_group,,unknown,Haugesund
Oslo,cgi_group,,unknown,Oslo (Visiting address)
Sarpsborg,cgi_group,,unknown,Sarpsborg (Visiting and mailing address)
Stavanger,cgi_group,,unknown,Stavanger (Visiting address)
Tønsberg,cgi_group,,unknown,Tønsberg
Trondheim,cgi_group,,unknown,Trondheim
Warszawa,cgi_group,,unknown,Warszawa
Wrocław,cgi_group,,unknown,Wrocław Wrocław - Ul. Tęczowa
Lisboa,cgi_group,,unknown,Lisboa  Parque das Nações
Odivelas,cgi_group,,unknown,Odivelas
Porto,cgi_group,,unknown,Porto  Rua Heróis Mártires de Angola
Sacavém,cgi_group,,unknown,Sacavém
Sintra,cgi_group,,unknown,Sintra  Sintra Business Park
Barcelona,cgi_group,,unknown,Barcelona PLAZA UNIVERSITAT / Spaces
Granada,cgi_group,,unknown,Granada
Madrid,cgi_group,,unknown,Madrid Madrid - Avda. De Manoteras
Malaga,cgi_group,,unknown,Malaga
Illes Balears,cgi_group,,unknown,Illes Balears  C/Germans Lumière 3
Sevilla,cgi_group,,unknown,Sevilla
Bilbao,cgi_group,,unknown,Bilbao
Zaragoza,cgi_group,,unknown,Zaragoza
Borlänge,cgi_group,,unknown,Borlänge Borlänge - Borganäsvägen
Bromölla,cgi_group,,unknown,Bromölla Bromölla - Ivögatan
Eskilstuna,cgi_group,,unknown,Eskilstuna
Gävle,cgi_group,,unknown,Gävle
Göteborg,cgi_group,,unknown,Göteborg
Härnösand,cgi_group,,unknown,Härnösand Härnösand - Storgatan
Jönköping,cgi_group,,unknown,Jönköping Jönköping - Järnvägsgatan
Kalmar,cgi_group,,unknown,Kalmar Kalmar - Kaggensgatan
Karlskrona,cgi_group,,unknown,Karlskrona Karlskrona - Campus Gräsvik
Karlstad,cgi_group,,unknown,Karlstad Karlstad - Tynäsgatan
Kiruna,cgi_group,,unknown,Kiruna Kiruna - Österleden
Linköping,cgi_group,,unknown,Linköping Linköping - Teknikringen
Luleå,cgi_group,,unknown,Luleå Luleå - Aurorum
Malmö,cgi_group,,unknown,Malmö Malmö - Östra Varvsgatan
Norrköping,cgi_group,,unknown,Norrköping Norrköping - Södra Grytsgatan
Örebro,cgi_group,,unknown,Örebro Örebro - Storgatan
Örnsköldsvik,cgi_group,,unknown,Örnsköldsvik Örnsköldsvik - Järnvägsgatan
Oskarshamn,cgi_group,,unknown,Oskarshamn Oskarshamn - Bryggaregatan
Östersund,cgi_group,,unknown,Östersund
Skellefteå,cgi_group,,unknown,Skellefteå Skellefteå - Nygatan
Stockholm,cgi_group,,unknown,Stockholm
Sundsvall,cgi_group,,unknown,Sundsvall Sundsvall - Fredsgatan
Umeå,cgi_group,,unknown,Umeå Umeå - Tegsplan
Västerås,cgi_group,,unknown,Västerås Västerås - Sigurdsgatan
Bratislava,cgi_group,,unknown,Bratislava
Belfast,cgi_group,,unknown,Belfast
Leicester,cgi_group,,unknown,Leicester
Reading,cgi_group,,unknown,Reading Reading - Brook Drive
Bristol,cgi_group,,unknown,Bristol Building 20a1 Brandon House
Milton Keynes,cgi_group,,unknown,Milton Keynes
Brockworth,cgi_group,,unknown,Brockworth
Manchester,cgi_group,,unknown,Manchester
Liverpool,cgi_group,,unknown,Liverpool
London,cgi_group,,unknown,London London - Fenchurch Street
Aberdeenshire,cgi_group,,unknown,Aberdeenshire Regus Spaces
Edinburgh,cgi_group,,unknown,Edinburgh
Galashiels,cgi_group,,unknown,Galashiels
Glasgow,cgi_group,,unknown,Glasgow
Leatherhead,cgi_group,,unknown,Leatherhead Keats House
Newcastle upon Tyne,cgi_group,,unknown,Newcastle upon Tyne The Catalyst
Bridgend,cgi_group,,unknown,Bridgend Waterton
Solihull,cgi_group,,unknown,Solihull
Wiltshire,cgi_group,,unknown,Wiltshire Chippenham
Leeds,cgi_group,,unknown,Leeds
Bucharest,cgi_group,,unknown,Bucharest
Bogotá,cgi_group,,unknown,Bogotá
Calgary,cgi_group,,unknown,Calgary
Edmonton,cgi_group,,unknown,Edmonton
Vancouver,cgi_group,,unknown,Vancouver
Victoria,cgi_group,,unknown,Victoria
Fredericton,cgi_group,,unknown,Fredericton
Moncton,cgi_group,,unknown,Moncton
Halifax,cgi_group,,unknown,Halifax
Markham,cgi_group,,unknown,Markham
Mississauga,cgi_group,,unknown,Mississauga
Ottawa,cgi_group,,unknown,Ottawa
Toronto,cgi_group,,unknown,Toronto
Stratford,cgi_group,,unknown,Stratford
Drummondville,cgi_group,,unknown,Drummondville
Gatineau,cgi_group,,unknown,Gatineau
Montréal,cgi_group,,unknown,Montréal
Québec,cgi_group,,unknown,Québec
Saguenay,cgi_group,,unknown,Saguenay
Shawinigan,cgi_group,,unknown,Shawinigan
Sherbrooke,cgi_group,,unknown,Sherbrooke
Regina,cgi_group,,unknown,Regina
Birmingham,cgi_group,,unknown,Birmingham
Huntsville,cgi_group,,unknown,Huntsville
Mobile,cgi_group,,unknown,Mobile
Montgomery,cgi_group,,unknown,Montgomery
Troy,cgi_group,,unknown,Troy
Hot Springs,cgi_group,,unknown,Hot Springs
Juneau,cgi_group,,unknown,Juneau
Tucson,cgi_group,,unknown,Tucson
Albany,cgi_group,,unknown,Albany
Atlanta,cgi_group,,unknown,Atlanta
Chicago,cgi_group,,unknown,Chicago
Frankfort,cgi_group,,unknown,Frankfort
Greenwood Village,cgi_group,,unknown,Greenwood Village
Hartford,cgi_group,,unknown,Hartford
Honolulu,cgi_group,,unknown,Honolulu
Lafayette,cgi_group,,unknown,Lafayette
Los Angeles,cgi_group,,unknown,Los Angeles
Sacramento,cgi_group,,unknown,Sacramento
San Diego,cgi_group,,unknown,San Diego
San Francisco,cgi_group,,unknown,San Francisco
Walnut Creek,cgi_group,,unknown,Walnut Creek
Melbourne,cgi_group,,unknown,Melbourne
Miami Lakes,cgi_group,,unknown,Miami Lakes
Orange Park,cgi_group,,unknown,Orange Park
Tampa,cgi_group,,unknown,Tampa
Annapolis Junction,cgi_group,,unknown,Annapolis Junction
Baltimore,cgi_group,,unknown,Baltimore
Burlington,cgi_group,,unknown,Burlington
Lansing,cgi_group,,unknown,Lansing
Maplewood,cgi_group,,unknown,Maplewood St. Louis
New Brunswick,cgi_group,,unknown,New Brunswick
Latham,cgi_group,,unknown,Latham Albany
New York,cgi_group,,unknown,New York
Cary,cgi_group,,unknown,Cary Raleigh
Charlotte,cgi_group,,unknown,Charlotte
Durham,cgi_group,,unknown,Durham
Beavercreek,cgi_group,,unknown,Beavercreek Dayton
Cleveland,cgi_group,,unknown,Cleveland
Columbus,cgi_group,,unknown,Columbus
Strongsville,cgi_group,,unknown,Strongsville
Westerville,cgi_group,,unknown,Westerville Columbus
Lawton,cgi_group,,unknown,Lawton
Guaynabo,cgi_group,,unknown,Guaynabo San Juan
Pittsburgh,cgi_group,,unknown,Pittsburgh
Plymouth Meeting,cgi_group,,unknown,Plymouth Meeting
Columbia,cgi_group,,unknown,Columbia
North Charleston,cgi_group,,unknown,North Charleston
Chattanooga,cgi_group,,unknown,Chattanooga
Franklin,cgi_group,,unknown,Franklin
Knoxville,cgi_group,,unknown,"Knoxville CGI Knoxville, Riverview Tower"
Nashville,cgi_group,,unknown,Nashville
Austin,cgi_group,,unknown,Austin
Belton,cgi_group,,unknown,Belton
Dallas,cgi_group,,unknown,Dallas
Fort Worth,cgi_group,,unknown,Fort Worth
Houston,cgi_group,,unknown,Houston
San Antonio,cgi_group,,unknown,San Antonio
Lehi,cgi_group,,unknown,Lehi
Arlington,cgi_group,,unknown,Arlington
Fairfax,cgi_group,,unknown,Fairfax
Lebanon,cgi_group,,unknown,Lebanon
Norfolk,cgi_group,,unknown,Norfolk
Richmond,cgi_group,,unknown,Richmond
Sterling,cgi_group,,unknown,Sterling
Bellevue,cgi_group,,unknown,Bellevue
Madison,cgi_group,,unknown,Madison
Wausau,cgi_group,,unknown,Wausau
Ciudad de México,cgi_group,,unknown,Ciudad de México
unknown,church_of_england_gb,,unknown,St John's (demo)
unknown,cic,,unknown,CIC
unknown,crown_burgers,,unknown,Holladay
unknown,deloitte,,unknown,Liverpool
Lingen,hema,,unknown,HEMA
Duitsland,hema,,unknown,HEMA
Essen,hema,,unknown,HEMA
Amsterdam,hema,,unknown,HEMA
Neuss   (DE),hema,,unknown,HEMA
Lille,hema,,unknown,HEMA
Nancy,hema,,unknown,HEMA
Cagnes-sur-Mer,hema,,unknown,HEMA
Annecy,hema,,unknown,HEMA
Cergy,hema,,unknown,HEMA
Paris,hema,,unknown,HEMA
50000,hema,,unknown,HEMA
Pelt,hema,,unknown,HEMA
Rijkevorsel,hema,,unknown,HEMA
Namur,hema,,unknown,HEMA
Maldegem,hema,,unknown,HEMA
Olen,hema,,unknown,HEMA
Roeselare,hema,,unknown,HEMA
Brussel,hema,,unknown,HEMA
Turnhout,hema,,unknown,HEMA
Antwerpen (BE),hema,,unknown,HEMA
1102 AN,hema,,unknown,HEMA
Badhoevedorp,hema,,unknown,HEMA
Waalre,hema,,unknown,HEMA
Amterdam,hema,,unknown,HEMA
Rotterdam,hema,,unknown,HEMA
Rhenen,hema,,unknown,HEMA
Nijmegen,hema,,unknown,HEMA
Nieuwveen,hema,,unknown,HEMA
Almere,hema,,unknown,HEMA
Tilburg,hema,,unknown,HEMA
Boskoop,hema,,unknown,HEMA
Utrecht,hema,,unknown,HEMA
Bussum,hema,,unknown,HEMA
unknown,hy_vee_us,703 E. US Highway 136 Albany MO 64402,unknown,Albany Hy-Vee
unknown,hy_vee_us,2708 Bridge Avenue Albert Lea MN 56007,unknown,Albert Lea Hy-Vee
unknown,hy_vee_us,301 Highway 34 West Albia IA 52531,unknown,Albia Hy-Vee
unknown,hy_vee_us,1500 Highway 169 North Algona IA 50511,unknown,Algona Hy-Vee
unknown,hy_vee_us,108 8th Street SW Altoona IA 50009,unknown,Altoona Hy-Vee
unknown,hy_vee_us,3800 Lincoln Way Ames IA 50014,unknown,Ames #1 Hy-Vee
unknown,hy_vee_us,640 Lincoln Way Ames IA 50010,unknown,Ames #2 Hy-Vee
unknown,hy_vee_us,410 North Ankeny Boulevard Ankeny IA 50023,unknown,Ankeny #1 Hy-Vee
unknown,hy_vee_us,2510 SW State Street Ankeny IA 50023,unknown,Ankeny #2 Hy-Vee
unknown,hy_vee_us,2395 S. Oneida St. Suite 100 Ashwaubenon WI 54304,unknown,Ashwaubenon Hy-Vee
unknown,hy_vee_us,1630 East 7th Street Atlantic IA 50022,unknown,Atlantic Hy-Vee
unknown,hy_vee_us,1307 18th Ave NW Austin MN 55912,unknown,Austin Hy-Vee
unknown,hy_vee_us,1604 Bent St Bedford IA 50833,unknown,Bedford Hy-Vee
unknown,hy_vee_us,1307 East North Avenue Belton MO 64012,unknown,Belton Hy-Vee
unknown,hy_vee_us,1104 South 25th Street Bethany MO 64424,unknown,Bethany Hy-Vee
unknown,hy_vee_us,220 East Nobes Road York NE 68467,unknown,York Dollar Fresh Hy-Vee
unknown,hy_vee_us,2100 Broadway Avenue Yankton SD 57078,unknown,Yankton Hy-Vee
unknown,hy_vee_us,1235 Oxford Street Worthington MN 56187,unknown,Worthington Hy-Vee
unknown,hy_vee_us,923 N. 1st Street Winterset IA 50273,unknown,Winterset Hy-Vee
unknown,hy_vee_us,1475 W Service Dr Winona MN 55987,unknown,Winona Hy-Vee
unknown,hy_vee_us,7101 University Avenue Windsor Heights IA 50324,unknown,Windsor Heights Hy-Vee
unknown,hy_vee_us,192 - 10th Street Windom MN 56101,unknown,Windom Hy-Vee
unknown,hy_vee_us,500 Plaza Drive West Point NE 68788,unknown,West Point Dollar Fresh Hy-Vee
unknown,hy_vee_us,425 S. Jordan Creek Pkwy West Des Moines IA 50266,unknown,West Des Moines Fast & Fresh Hy-Vee
unknown,hy_vee_us,1010 60th Street West Des Moines IA 50266,unknown,West Des Moines Hy-Vee Drugstore
unknown,hy_vee_us,555 S 51st St West Des Moines IA 50265,unknown,West Des Moines #4 Hy-Vee
unknown,hy_vee_us,1725 Jordan Creek Pkwy West Des Moines IA 50266,unknown,West Des Moines #3 Hy-Vee
unknown,hy_vee_us,1990 Grand Avenue West Des Moines IA 50265,unknown,West Des Moines #2 Hy-Vee
unknown,hy_vee_us,1700 Valley West Drive West Des Moines IA 50266,unknown,West Des Moines #1 Hy-Vee
unknown,hy_vee_us,823 Second Street Webster City IA 50595,unknown,Webster City Hy-Vee
unknown,hy_vee_us,1311 4th Street SW Waverly IA 50677,unknown,Waverly Hy-Vee
unknown,hy_vee_us,819 11th Ave. SW Waukon IA 52172,unknown,Waukon Dollar Fresh Hy-Vee
unknown,hy_vee_us,1005 E. Hickman Road Waukee IA 50263,unknown,Waukee Hy-Vee
unknown,hy_vee_us,1320 9th Avenue SE Watertown SD 57201,unknown,Watertown Hy-Vee
unknown,hy_vee_us,1422 Flammang Drive Waterloo IA 50702,unknown,Waterloo #3 Hy-Vee
unknown,hy_vee_us,2181 Logan Avenue Waterloo IA 50703,unknown,Waterloo #2 Hy-Vee
unknown,hy_vee_us,2834 Ansborough Avenue Waterloo IA 50701,unknown,Waterloo #1 Hy-Vee
unknown,hy_vee_us,528 South Highway 1 Washington IA 52353,unknown,Washington Hy-Vee
unknown,hy_vee_us,410 E. Young Avenue Warrensburg MO 64093,unknown,Warrensburg Hy-Vee
unknown,hy_vee_us,911 South K Avenue Vinton IA 52349,unknown,Vinton Dollar Fresh Hy-Vee
unknown,hy_vee_us,525 West Cherry Street Vermillion SD 57069,unknown,Vermillion Hy-Vee
unknown,hy_vee_us,8701 Douglas Avenue Urbandale IA 50322,unknown,Urbandale Hy-Vee
unknown,hy_vee_us,2525 Main St Unionville MO 63565,unknown,Unionville Hy-Vee
unknown,hy_vee_us,1617 East 9th Street Trenton MO 64683,unknown,Trenton Hy-Vee
unknown,hy_vee_us,2951 SW Wanamaker Road Topeka KS 66614,unknown,Topeka Hy-Vee
unknown,hy_vee_us,1006 S. County Road Toledo IA 52342,unknown,Toledo Dollar Fresh Hy-Vee
unknown,hy_vee_us,725 E. 1st Street Tea SD 57064,unknown,Tea Dollar Fresh Hy-Vee
unknown,hy_vee_us,110 Chestnut Street Tarkio MO 64491,unknown,Tarkio Hy-Vee
unknown,hy_vee_us,2700 DeKalb Avenue Sycamore IL 60178,unknown,Sycamore Hy-Vee
unknown,hy_vee_us,201 North Belt Highway St. Joseph MO 64506,unknown,St. Joseph Hy-Vee
unknown,hy_vee_us,2150 E. Sunshine St. Springfield MO 65804,unknown,"Springfield, MO #2 Hy-Vee"
unknown,hy_vee_us,1720 W Battlefield Rd Springfield MO 65807,unknown,"Springfield, MO #1 Hy-Vee"
unknown,hy_vee_us,2115 S. MacArthur Boulevard Springfield IL 62704,unknown,"Springfield, IL Hy-Vee"
unknown,hy_vee_us,8155 Highway 65 NE Spring Lake Park MN 55432,unknown,Spring Lake Park Hy-Vee
unknown,hy_vee_us,1500 18th Street Spirit Lake IA 51360,unknown,Spirit Lake Hy-Vee
unknown,hy_vee_us,819 Grand Ave Spencer IA 51301,unknown,Spencer Hy-Vee
unknown,hy_vee_us,2501 Cornhusker Drive South Sioux City NE 68776,unknown,South Sioux City Hy-Vee
unknown,hy_vee_us,1231 E. 57th Street Sioux Falls SD 57108,unknown,Sioux Falls #6 Hy-Vee
unknown,hy_vee_us,3020 East 10th Street Sioux Falls SD 57103,unknown,Sioux Falls #5 Hy-Vee
unknown,hy_vee_us,1900 South Marion Road Sioux Falls SD 57106,unknown,Sioux Falls #4 Hy-Vee
unknown,hy_vee_us,3000 South Minnesota Avenue Sioux Falls SD 57105,unknown,Sioux Falls #3 Hy-Vee
unknown,hy_vee_us,4101 South Louise Avenue Sioux Falls SD 57106,unknown,Sioux Falls #2 Hy-Vee
unknown,hy_vee_us,1601 South Sycamore Avenue Sioux Falls SD 57110,unknown,Sioux Falls #1 Hy-Vee
unknown,hy_vee_us,3301 Gordon Drive Sioux City IA 51105,unknown,Sioux City #3 Hy-Vee
unknown,hy_vee_us,4500 Sergeant Road Sioux City IA 51106,unknown,Sioux City #2 Hy-Vee
unknown,hy_vee_us,2827 Hamilton Boulevard Sioux City IA 51104,unknown,Sioux City #1 Hy-Vee
unknown,hy_vee_us,1951 South Main Avenue Sioux Center IA 51250,unknown,Sioux Center Hy-Vee
unknown,hy_vee_us,2001 5th Street Silvis IL 61282,unknown,Silvis Hy-Vee
unknown,hy_vee_us,500 S Fremont St Shenandoah IA 51601,unknown,Shenandoah Hy-Vee
unknown,hy_vee_us,1989 Park Street Sheldon IA 51201,unknown,Sheldon Hy-Vee
unknown,hy_vee_us,13550 West 63rd Street Shawnee KS 66216,unknown,Shawnee Hy-Vee
unknown,hy_vee_us,1451 Adams Street South Shakopee MN 55379,unknown,Shakopee Hy-Vee
unknown,hy_vee_us,6150 Egan Dr. Savage MN 55378,unknown,Savage Hy-Vee
unknown,hy_vee_us,2930 18th Avenue Rock Island IL 61201,unknown,Rock Island Hy-Vee
unknown,hy_vee_us,4221 W Circle Drive NW Rochester MN 55901,unknown,Rochester #4 Hy-Vee
unknown,hy_vee_us,500 37th Street NW Rochester MN 55901,unknown,Rochester #2 Hy-Vee
unknown,hy_vee_us,500 Crossroads Drive SW Rochester MN 55902,unknown,Rochester #1 Hy-Vee
unknown,hy_vee_us,3505 Bottineau Blvd. Robbinsdale MN 55422,unknown,Robbinsdale Hy-Vee
unknown,hy_vee_us,1605 Broadway Street Red Oak IA 51566,unknown,Red Oak Hy-Vee
unknown,hy_vee_us,9400 E. 350 Highway Raytown MO 64133,unknown,Raytown Hy-Vee
unknown,hy_vee_us,3700 Broadway Street Quincy IL 62305,unknown,Quincy #2 Hy-Vee
unknown,hy_vee_us,1400 Harrison Street Quincy IL 62301,unknown,Quincy #1 Hy-Vee
unknown,hy_vee_us,7620 State Line Road Prairie Village KS 66208,unknown,Prairie Village Hy-Vee
unknown,hy_vee_us,16705 County Road 24 Plymouth MN 55447,unknown,Plymouth Hy-Vee
unknown,hy_vee_us,4815 Maple Drive Pleasant Hill IA 50327,unknown,Pleasant Hill Hy-Vee
unknown,hy_vee_us,16418 Westside Drive Plattsmouth NE 68048,unknown,Plattsmouth Hy-Vee
unknown,hy_vee_us,1651 Midtown Road Peru IL 61354,unknown,Peru Hy-Vee
unknown,hy_vee_us,1215 141st St Perry IA 50220,unknown,Perry Hy-Vee
unknown,hy_vee_us,7610 N Orange Prairie Rd Peoria IL 61615,unknown,Peoria #2 Hy-Vee
unknown,hy_vee_us,4125 Sheridan Road Suite 20 Peoria IL 61614,unknown,Peoria #1 Hy-Vee
unknown,hy_vee_us,118 Southeast 9th Street Pella IA 50219,unknown,Pella Hy-Vee
unknown,hy_vee_us,11650 South 73rd Street Papillion NE 68046,unknown,Papillion Hy-Vee
unknown,hy_vee_us,1620 S Cedar Ave Owatonna MN 55060,unknown,Owatonna Hy-Vee
unknown,hy_vee_us,8900 West 135th Street Overland Park KS 66221,unknown,Overland Park #2 Hy-Vee
unknown,hy_vee_us,8501 West 95th Street Overland Park KS 66212,unknown,Overland Park #1 Hy-Vee
unknown,hy_vee_us,1140 North Jefferson Ottumwa IA 52501,unknown,Ottumwa Hy-Vee Drugstore
unknown,hy_vee_us,1025 North Quincy Avenue Ottumwa IA 52501,unknown,Ottumwa #1 Hy-Vee
unknown,hy_vee_us,110 South D Street Oskaloosa IA 52577,unknown,Oskaloosa Hy-Vee
unknown,hy_vee_us,510 West McLane Street Osceola IA 50213,unknown,Osceola Hy-Vee
unknown,hy_vee_us,929 Highway D Osage Beach MO 65065,unknown,Osage Beach Hy-Vee
unknown,hy_vee_us,1301 8th Street SE Orange City IA 51041,unknown,Orange City Dollar Fresh Hy-Vee
unknown,hy_vee_us,8404 North 30th Street Omaha NE 68112,unknown,Omaha Dollar Fresh Hy-Vee
unknown,hy_vee_us,17810 Welch Plaza Omaha NE 68135,unknown,Omaha #9 Hy-Vee
unknown,hy_vee_us,747 North 132nd Street Omaha NE 68154,unknown,Omaha #8 Hy-Vee
unknown,hy_vee_us,9707 Q Street Omaha NE 68127,unknown,Omaha #6 Hy-Vee
unknown,hy_vee_us,7910 Cass Street Omaha NE 68114,unknown,Omaha #5 Hy-Vee
unknown,hy_vee_us,10808 Fort Street Omaha NE 68164,unknown,Omaha #4 Hy-Vee
unknown,hy_vee_us,8809 West Center Road Omaha NE 68124,unknown,Omaha #3 Hy-Vee
unknown,hy_vee_us,14591 Stony Brook Boulevard Omaha NE 68137,unknown,Omaha #2 Hy-Vee
unknown,hy_vee_us,1000 S. 178th Street Omaha NE 68118,unknown,Omaha #11 Hy-Vee
unknown,hy_vee_us,3410 N. 156th Street Omaha NE 68116,unknown,Omaha #10 Hy-Vee
unknown,hy_vee_us,5150 Center Street Omaha NE 68106,unknown,Omaha #1 Hy-Vee
unknown,hy_vee_us,18101 West 119th Street Olathe KS 66061,unknown,Olathe #2 Hy-Vee
unknown,hy_vee_us,14955 West 151st Street Olathe KS 66062,unknown,Olathe #1 Hy-Vee
unknown,hy_vee_us,1345 South Frederick Ave Oelwein IA 50662,unknown,Oelwein Dollar Fresh Hy-Vee
unknown,hy_vee_us,7180 - 10th Street North Oakdale MN 55128,unknown,Oakdale Hy-Vee
unknown,hy_vee_us,503 South Broadway Oak Grove MO 64075,unknown,Oak Grove Dollar Fresh Hy-Vee
unknown,hy_vee_us,2107 Taylor Avenue Norfolk NE 68701,unknown,Norfolk #2 Hy-Vee
unknown,hy_vee_us,120 East Norfolk Avenue Norfolk NE 68701,unknown,Norfolk #1 Hy-Vee
unknown,hy_vee_us,1501 1st Avenue East Newton IA 50208,unknown,Newton Hy-Vee
unknown,hy_vee_us,2015 South Broadway Street New Ulm MN 56073,unknown,New Ulm Hy-Vee
unknown,hy_vee_us,200 10th Ave SE New Prague MN 56071,unknown,New Prague Hy-Vee
unknown,hy_vee_us,8200 42nd Avenue North New Hope MN 55427,unknown,New Hope Hy-Vee
unknown,hy_vee_us,1622 Fawcett Parkway Nevada IA 50201,unknown,Nevada Dollar Fresh Hy-Vee
unknown,hy_vee_us,1018 South 11th Street Nebraska City NE 68410,unknown,Nebraska City Dollar Fresh Hy-Vee
unknown,hy_vee_us,510 East Sixth Street Muscatine IA 52761,unknown,Muscatine Hy-Vee Mainstreet
unknown,hy_vee_us,2400 Second Avenue Muscatine IA 52761,unknown,Muscatine Hy-Vee
unknown,hy_vee_us,1700 East Washington Street Mount Pleasant IA 52641,unknown,Mount Pleasant Hy-Vee
unknown,hy_vee_us,201 N Fillmore St Mount Ayr IA 50854,unknown,Mount Ayr Hy-Vee
unknown,hy_vee_us,100 N Main ST Monticello IA 52310,unknown,Monticello Dollar Fresh Hy-Vee
unknown,hy_vee_us,4218 Avenue of the Cities Moline IL 61265,unknown,Moline #1 Hy-Vee
unknown,hy_vee_us,6655 Martway Street Mission KS 66202,unknown,Mission Hy-Vee
unknown,hy_vee_us,201 West Tenth Avenue Milan IL 61264,unknown,Milan Hy-Vee
unknown,hy_vee_us,875 Fourth Street SW Mason City IA 50401,unknown,Mason City Hy-Vee Drugstore
unknown,hy_vee_us,551 South Illinois Avenue Mason City IA 50401,unknown,Mason City #2 Hy-Vee
unknown,hy_vee_us,2400 4th Street SW Mason City IA 50401,unknown,Mason City #1 Hy-Vee
unknown,hy_vee_us,1217 South Main St Maryville MO 64468,unknown,Maryville Hy-Vee
unknown,hy_vee_us,802 South Center Street Marshalltown IA 50158,unknown,Marshalltown Hy-Vee
unknown,hy_vee_us,900 East Main Street Marshall MN 56258,unknown,Marshall Hy-Vee
unknown,hy_vee_us,3600 Business Highway 151 Marion IA 52302,unknown,Marion Hy-Vee
unknown,hy_vee_us,102 West Carlisle Maquoketa IA 52060,unknown,Maquoketa Dollar Fresh Hy-Vee
unknown,hy_vee_us,2501 White Bear Avenue Maplewood MN 55109,unknown,Maplewood Hy-Vee
unknown,hy_vee_us,18755 70th Way North Maple Grove MN 55311,unknown,Maple Grove Hy-Vee
unknown,hy_vee_us,2010 Adams Street Mankato MN 56001,unknown,Mankato #2 Hy-Vee
unknown,hy_vee_us,410 South Riverfront Drive Mankato MN 56001,unknown,Mankato #1 Hy-Vee
unknown,hy_vee_us,601 3rd Place Manhattan KS 66502,unknown,Manhattan Hy-Vee
unknown,hy_vee_us,1080 West Main Street Manchester IA 52057,unknown,Manchester Dollar Fresh Hy-Vee
unknown,hy_vee_us,675 S. Whitney Way Madison WI 53711,unknown,Madison #2 Hy-Vee
unknown,hy_vee_us,3801 East Washington Avenue Madison WI 53704,unknown,Madison #1 Hy-Vee
unknown,hy_vee_us,1600 East Jackson Street Macomb IL 61455,unknown,Macomb Hy-Vee
unknown,hy_vee_us,7151 Stacy Lane Lincoln NE 68516,unknown,Lincoln #5 Hy-Vee
unknown,hy_vee_us,6001 Village Drive Lincoln NE 68516,unknown,Lincoln #4 Hy-Vee
unknown,hy_vee_us,5020 North 27th Street Lincoln NE 68521,unknown,Lincoln #3 Hy-Vee
unknown,hy_vee_us,1601 N. 84th Street Lincoln NE 68505,unknown,Lincoln #2 Hy-Vee
unknown,hy_vee_us,5010 O Street Lincoln NE 68510,unknown,Lincoln #1 Hy-Vee
unknown,hy_vee_us,109 North Blue Jay Drive Liberty MO 64068,unknown,Liberty Hy-Vee
unknown,hy_vee_us,1001 Plum Creek Parkway Lexington NE 68850,unknown,Lexington Dollar Fresh Hy-Vee
unknown,hy_vee_us,1004 West 1st Street Leon IA 50144,unknown,Leon Hy-Vee
unknown,hy_vee_us,13400 W 87th St Lenexa KS 66215,unknown,Lenexa Hy-Vee
unknown,hy_vee_us,1201 12th Avenue SW Le Mars IA 51031,unknown,Le Mars Hy-Vee
unknown,hy_vee_us,310 SW Ward Road Lee's Summit MO 64081,unknown,Lee's Summit #2 Hy-Vee
unknown,hy_vee_us,301 NE Rice Road Lee's Summit MO 64086,unknown,Lee's Summit #1 Hy-Vee
unknown,hy_vee_us,3504 Clinton Parkway Lawrence KS 66047,unknown,Lawrence #1 Hy-Vee
unknown,hy_vee_us,720 E Main St Lamoni IA 50140,unknown,Lamoni Hy-Vee
unknown,hy_vee_us,17380 Cedar Ave. Lakeville MN 55044,unknown,Lakeville Fast & Fresh Hy-Vee
unknown,hy_vee_us,16150 Pilot Knob Road Lakeville MN 55044,unknown,Lakeville Hy-Vee
unknown,hy_vee_us,4200 WI State Road 16 La Crosse WI 54601,unknown,La Crosse Hy-Vee
unknown,hy_vee_us,809 West Rock Island Street Knoxville IA 50138,unknown,Knoxville Hy-Vee
unknown,hy_vee_us,500 North Baltimore Street Kirksville MO 63501,unknown,Kirksville Hy-Vee
unknown,hy_vee_us,3111 Main Street Keokuk IA 52632,unknown,Keokuk Hy-Vee
unknown,hy_vee_us,5212 - 3rd Avenue Kearney NE 68845,unknown,Kearney Hy-Vee
unknown,hy_vee_us,19 2nd Ave. NW Kasson MN 55944,unknown,Kasson Hy-Vee
unknown,hy_vee_us,5330 NW 64th Street Kansas City MO 64151,unknown,Kansas City #3 Hy-Vee
unknown,hy_vee_us,8301 N St. Clair Avenue Kansas City MO 64151,unknown,Kansas City #1 Hy-Vee
unknown,hy_vee_us,5750 Merle Hay Road Johnston IA 50131,unknown,Johnston Hy-Vee
unknown,hy_vee_us,3721 West Truman Boulevard Jefferson City MO 65109,unknown,Jefferson City Hy-Vee
unknown,hy_vee_us,106 W Washington Street Jefferson IA 50129,unknown,Jefferson Hy-Vee
unknown,hy_vee_us,2500 Humes Rd Janesville WI 53545,unknown,Janesville Hy-Vee
unknown,hy_vee_us,1255 West Morton Avenue Jacksonville IL 62650,unknown,Jacksonville Hy-Vee
unknown,hy_vee_us,632 S Oak Street Iowa Falls IA 50126,unknown,Iowa Falls Hy-Vee
unknown,hy_vee_us,310 North 1st Avenue Iowa City IA 52245,unknown,Iowa City Hy-Vee Drugstore
unknown,hy_vee_us,1125 North Dodge Street Iowa City IA 52245,unknown,Iowa City #3 Hy-Vee
unknown,hy_vee_us,812 South First Avenue Iowa City IA 52245,unknown,Iowa City #2 Hy-Vee
unknown,hy_vee_us,1720 Waterfront Drive Iowa City IA 52240,unknown,Iowa City #1 Hy-Vee
unknown,hy_vee_us,910 N Jefferson Way Indianola IA 50125,unknown,Indianola Hy-Vee
unknown,hy_vee_us,1975 Three Elms Rd Independence IA 50644,unknown,Independence Dollar Fresh Hy-Vee
unknown,hy_vee_us,4545 South Noland Road Independence MO 64055,unknown,Independence #2 Hy-Vee
unknown,hy_vee_us,1525 East 23rd Street South Independence MO 64055,unknown,Independence #1 Hy-Vee
unknown,hy_vee_us,611 - 10th Avenue North Humboldt IA 50548,unknown,Humboldt Hy-Vee
unknown,hy_vee_us,201 E. Willow Street Harrisburg SD 57032,unknown,Harrisburg Dollar Fresh Hy-Vee
unknown,hy_vee_us,2003 Chatburn Ave Harlan IA 51537,unknown,Harlan Hy-Vee
unknown,hy_vee_us,808 4th Street SE Hampton IA 50441,unknown,Hampton Dollar Fresh Hy-Vee
unknown,hy_vee_us,320 West St S Grinnell IA 50112,unknown,Grinnell Hy-Vee
unknown,hy_vee_us,351 NE Gateway Dr. Grimes IA 50111,unknown,Grimes Hy-Vee
unknown,hy_vee_us,10855 S. 191 Street Gretna NE 68136,unknown,Gretna Hy-Vee
unknown,hy_vee_us,111 East 2nd Street Grant City MO 64456,unknown,Grant City Hy-Vee
unknown,hy_vee_us,115 Wilmar Avenue Grand Island NE 68803,unknown,Grand Island Hy-Vee
unknown,hy_vee_us,3225 10th Street E Glencoe MN 55336,unknown,Glencoe Dollar Fresh Hy-Vee
unknown,hy_vee_us,7117 North Prospect Avenue Gladstone MO 64119,unknown,Gladstone Hy-Vee
unknown,hy_vee_us,2181 S. Oakwood Avenue Geneseo IL 61254,unknown,Geneseo Dollar Fresh Hy-Vee
unknown,hy_vee_us,255 W Hwy 18 Garner IA 50438,unknown,Garner Hy-Vee
unknown,hy_vee_us,2030 East Main Street Galesburg IL 61401,unknown,Galesburg #2 Hy-Vee
unknown,hy_vee_us,1975 National Boulevard Galesburg IL 61401,unknown,Galesburg #1 Hy-Vee
unknown,hy_vee_us,840 East 23rd Street Fremont NE 68025,unknown,Fremont Hy-Vee
unknown,hy_vee_us,2606 Avenue L Fort Madison IA 52627,unknown,Fort Madison Hy-Vee
unknown,hy_vee_us,115 South 29th Street Fort Dodge IA 50501,unknown,Fort Dodge Hy-Vee
unknown,hy_vee_us,315 US Hwy 69 Forest City IA 50436,unknown,Forest City Hy-Vee
unknown,hy_vee_us,2920 Fitchrona Road Fitchburg WI 53719,unknown,Fitchburg Hy-Vee
unknown,hy_vee_us,1920 Grant Street NW Faribault MN 55021,unknown,Faribault Hy-Vee
unknown,hy_vee_us,1300 Stone Street Falls City NE 68355,unknown,Falls City Dollar Fresh Hy-Vee
unknown,hy_vee_us,907 South State Street Fairmont MN 56031,unknown,Fairmont Hy-Vee
unknown,hy_vee_us,1300 West Burlington Avenue Fairfield IA 52556,unknown,Fairfield Hy-Vee
unknown,hy_vee_us,1221 Central Avenue Estherville IA 51334,unknown,Estherville Hy-Vee
unknown,hy_vee_us,3402 Main Street Emmetsburg IA 50536,unknown,Emmetsburg Dollar Fresh Hy-Vee
unknown,hy_vee_us,425 E Le Claire Rd Eldridge IA 52748,unknown,North Scott Hy-Vee
unknown,hy_vee_us,1616 Edgington Avenue Eldora IA 50627,unknown,Eldora Hy-Vee
unknown,hy_vee_us,2424 E Clairemont Ave Eau Claire WI 54701,unknown,Eau Claire Hy-Vee
unknown,hy_vee_us,1500 Central Park Commons Drive Eagan MN 55121,unknown,Eagan Hy-Vee
unknown,hy_vee_us,1201 12th Ave SE Dyersville IA 52040,unknown,Dyersville Dollar Fresh Hy-Vee
unknown,hy_vee_us,400 South Locust Dubuque IA 52003,unknown,Dubuque #3 Hy-Vee
unknown,hy_vee_us,2395 NW Arterial Dubuque IA 52002,unknown,Dubuque #2 Hy-Vee
unknown,hy_vee_us,3500 Dodge Street Dubuque IA 52003,unknown,Dubuque #1 Hy-Vee
unknown,hy_vee_us,5801 Hickman Road Des Moines IA 50322,unknown,Des Moines Fast & Fresh Hy-Vee
unknown,hy_vee_us,4100 University Avenue Des Moines IA 50311,unknown,Des Moines Hy-Vee Drugstore
unknown,hy_vee_us,420 Court Ave Des Moines IA 50309,unknown,Des Moines #6 Hy-Vee
unknown,hy_vee_us,1107 E Army Post Road Des Moines IA 50315,unknown,Des Moines #5 Hy-Vee
unknown,hy_vee_us,4605 Fleur Drive Des Moines IA 50321,unknown,Des Moines #4 Hy-Vee
unknown,hy_vee_us,3221 SE 14th St Des Moines IA 50320,unknown,Des Moines #3 Hy-Vee
unknown,hy_vee_us,2540 East Euclid Ave Des Moines IA 50317,unknown,Des Moines #2 Hy-Vee
unknown,hy_vee_us,3330 Martin Luther King Jr. Pkwy Des Moines IA 50310,unknown,Des Moines #1 Hy-Vee
unknown,hy_vee_us,1426 Broadway Denison IA 51442,unknown,Denison Hy-Vee
unknown,hy_vee_us,915 Short St #107 Decorah IA 52101,unknown,Decorah Hy-Vee
unknown,hy_vee_us,3200 Kimberly Road Davenport IA 52807,unknown,Davenport Fast & Fresh Hy-Vee
unknown,hy_vee_us,2351 West Locust Street Davenport IA 52804,unknown,Davenport #5 Hy-Vee
unknown,hy_vee_us,4064 East 53rd Street Davenport IA 52807,unknown,Davenport #4 Hy-Vee
unknown,hy_vee_us,1823 East Kimberly Rd Davenport IA 52807,unknown,Davenport #3 Hy-Vee
unknown,hy_vee_us,2200 West Kimberly Road Davenport IA 52806,unknown,Davenport #2 Hy-Vee
unknown,hy_vee_us,3019 Rockingham Road Davenport IA 52802,unknown,Davenport #1 Hy-Vee
unknown,hy_vee_us,600 Sheldon Street Creston IA 50801,unknown,Creston Hy-Vee
unknown,hy_vee_us,22422 Highway 9 Cresco IA 52136,unknown,Cresco Dollar Fresh Hy-Vee
unknown,hy_vee_us,10 Hy-Vee Drive Council Bluffs IA 51503,unknown,Council Bluffs #2 Hy-Vee
unknown,hy_vee_us,2323 W. Broadway Council Bluffs IA 51501,unknown,Council Bluffs #1 Hy-Vee
unknown,hy_vee_us,7280 E Point Douglas Rd S Cottage Grove MN 55016,unknown,Cottage Grove Hy-Vee
unknown,hy_vee_us,103 E. Jackson St. Corydon IA 50060,unknown,Corydon Hy-Vee
unknown,hy_vee_us,300 10th St Corning IA 50841,unknown,Corning Hy-Vee
unknown,hy_vee_us,3285 Crosspark Road Coralville IA 52241,unknown,Coralville #2 Hy-Vee
unknown,hy_vee_us,1914 8th Street Coralville IA 52241,unknown,Coralville #1 Hy-Vee
unknown,hy_vee_us,3010 23rd Street Columbus NE 68601,unknown,Columbus Hy-Vee
unknown,hy_vee_us,25 Conley Road Columbia MO 65201,unknown,Columbia #3 Hy-Vee
unknown,hy_vee_us,405 E. Nifong Boulevard Columbia MO 65201,unknown,Columbia #2 Hy-Vee
unknown,hy_vee_us,3100 West Broadway Columbia MO 65203,unknown,Columbia #1 Hy-Vee
unknown,hy_vee_us,901 South 4th Street Clinton IA 52732,unknown,Clinton Hy-Vee
unknown,hy_vee_us,1200 South 16th Street Clarinda IA 51632,unknown,Clarinda Hy-Vee
unknown,hy_vee_us,1210 Washington Street Chillicothe MO 64601,unknown,Chillicothe Hy-Vee
unknown,hy_vee_us,1300 North 2nd Street Cherokee IA 51012,unknown,Cherokee Hy-Vee
unknown,hy_vee_us,901 Kelly Street Charles City IA 50616,unknown,Charles City Hy-Vee
unknown,hy_vee_us,2001 Court Ave Chariton IA 50049,unknown,Chariton Hy-Vee
unknown,hy_vee_us,609 North 18th Street Centerville IA 52544,unknown,Centerville Hy-Vee
unknown,hy_vee_us,505 Boyson Road NE Cedar Rapids IA 52402,unknown,Cedar Rapids Hy-Vee Drugstore #6
unknown,hy_vee_us,2001 Blairs Ferry Road NE Cedar Rapids IA 52402,unknown,Cedar Rapids Hy-Vee Drugstore #5
unknown,hy_vee_us,4825 Johnson Avenue NW Cedar Rapids IA 52405,unknown,Cedar Rapids Hy-Vee Drugstore #4
unknown,hy_vee_us,1520 6th St SW Cedar Rapids IA 52404,unknown,Cedar Rapids Hy-Vee Drugstore #1
unknown,hy_vee_us,5050 Edgewood Road NE Cedar Rapids IA 52411,unknown,Cedar Rapids #7 Hy-Vee
unknown,hy_vee_us,4035 Mount Vernon Road SE Cedar Rapids IA 52403,unknown,Cedar Rapids #6 Hy-Vee
unknown,hy_vee_us,3235 Oakland Road NE Cedar Rapids IA 52402,unknown,Cedar Rapids #5 Hy-Vee
unknown,hy_vee_us,1556 First Avenue NE Cedar Rapids IA 52402,unknown,Cedar Rapids #4 Hy-Vee
unknown,hy_vee_us,20 Wilson Avenue SW Cedar Rapids IA 52404,unknown,Cedar Rapids #3 Hy-Vee
unknown,hy_vee_us,1843 Johnson Avenue NW Cedar Rapids IA 52405,unknown,Cedar Rapids #1 Hy-Vee
unknown,hy_vee_us,6301 University Avenue Cedar Falls IA 50613,unknown,Cedar Falls Hy-Vee
unknown,hy_vee_us,905 US Highway 30 West Carroll IA 51401,unknown,Carroll Hy-Vee
unknown,hy_vee_us,825 North Main Street Canton IL 61520,unknown,Canton Hy-Vee
unknown,hy_vee_us,3140 Agency St Burlington IA 52601,unknown,Burlington #2 Hy-Vee
unknown,hy_vee_us,939 Angular Street Burlington IA 52601,unknown,Burlington #1 Hy-Vee
unknown,hy_vee_us,9409 Zane Ave N Brooklyn Park MN 55443,unknown,Brooklyn Park Hy-Vee
unknown,hy_vee_us,790 - 22nd Avenue South Brookings SD 57006,unknown,Brookings Hy-Vee
unknown,hy_vee_us,1111 8th Street Boone IA 50036,unknown,Boone Hy-Vee
unknown,hy_vee_us,625 W. U.S. Highway 40 Blue Springs MO 64014,unknown,Blue Springs Hy-Vee
unknown,hy_vee_us,1403 N Veterans Pkwy Bloomington IL 61704,unknown,Bloomington Hy-Vee
unknown,hy_vee_us,2900 Devils Glen Road Bettendorf IA 52722,unknown,Bettendorf Hy-Vee
COQUELLES,ikks,,unknown,IKKS Outlet Coquelles XGSO
Pushkinskiy area,lukoil,Russia Moscow Region Pushkinskiy area Pushkino st. Akulovskoye shosse,unknown,AZS № 50269
unknown,lukoil,Russia Ryazan region,unknown,AZS № 62873
Semenov,lukoil,Russia Nizhny Novgorod Region Semenov,unknown,AZS № 52096
Vologodskiy rayon,lukoil,Russia 160527 Vologda Oblast Vologodskiy rayon d. Aksenovo Pridorozhnyy kompleks ter. d. 36,unknown,AZS No 35254
Kalmanskiy area,lukoil,Russia Altai Territory Kalmanskiy area 55 km road Barnaul-Rubtsovsk,unknown,AZS № 22424
Barnaul,lukoil,Russia Altai Territory Barnaul Pavlovskiy trakt 319,unknown,AZS № 22423
g. Barnaul,lukoil,Russia Altai Territory g. Barnaul ul. Popova d. 166 a,unknown,AZS No 22414
Novokuznetsk,lukoil,Russia Kemerovo region Novokuznetsk Novoilinskiy area road Byzovskoye 29,unknown,AZS № 42427
Kodzhasinan,lukoil,Kayseri Sheker Fabrikasy 1 Kodzhasinan Turkey,unknown,Kayseri Sheker Fabrikasy
Merkez Ilchesi,lukoil,Kurtulush Makhallesi 2627PB Pafta 158 Ada 4 Merkez Ilchesi Turkey,unknown,Kandemir  Petrol
unknown,outbacksteakhouse,,unknown,Outback Steakhouse
unknown,shake_shack,33-34 Cornmarket St; Oxford OX1 3EZ  UK,unknown,Oxford
unknown,shake_shack,Boulevard 2 Riyadh City; Riyadh   Saudi Arabia,unknown,"Riyadh, Riyadh Boulevard"
unknown,shake_shack,The Warehouse Mall; Kuwait,unknown,"Warehouse, Kuwait"
unknown,shake_shack,Abdullah Al Salem Kuwait; Kuwait   Kuwait,unknown,"Kuwait, Dahia Coop"
unknown,shake_shack,Ahmadi Park KOC; Kuwait   Kuwait,unknown,"Kuwait, Ahmadi Park"
unknown,shake_shack,Street 37 - Al Barsha - Al Barsha 1 - Dubai; UAE,unknown,"Dubai, Al Barsha"
unknown,shake_shack,287 Camden High St; NW1 7BX  UK,unknown,"London, Camden"
unknown,shake_shack,188 Clapham High St; London SW4 7UH  UK,unknown,"London, Clapham"
unknown,shake_shack,,unknown,"Hangzhou, MixC"
unknown,shake_shack,10 Argyll St; London W1F 7TQ  UK,unknown,"London, Argyll Street"
unknown,shake_shack,Ardiya Al Farwaniyah Al Asimah; Kuwait   Kuwait,unknown,"Kuwait, Al Naser Sport Club"
unknown,shake_shack,Bağdat caddesi No 391 Kadıköy; Istanbul   Turkey,unknown,"Istanbul, Bağdat"
unknown,shake_shack,2nd Floor City Centre; Doha   Qatar,unknown,"Doha, City Center"
unknown,shake_shack,1 Jeff Fuqua Blvd; Orlando  32827,unknown,Orlando International Airport
unknown,shake_shack,7800 Col. H. Weir Cook Memorial Dr; Indianapolis  46241,unknown,Indianapolis International Airport
unknown,shake_shack,NY State Thruway; 1399 CR-108; Phelps  13165,unknown,Junius Ponds Travel Plaza
unknown,shake_shack,Avenida Real Mayorazgo 130 Col. Xoco; PB-27 and PB-28; Ciudad de México  C.P. 03330  Mexico,unknown,"Mexico City, Mítikah"
unknown,shake_shack,167-2 Donggyo-dong Mapo-gu; Seoul   South Korea,unknown,"Seoul, Hongdae"
unknown,shake_shack,Gyeonggi-do Hwaseong-si 오산동 Dongtan-myeon 동탄역로 160; Dongtan   South Korea,unknown,"Dongtan, Dongtan"
unknown,shake_shack,452 Gangnam-daero Yeoksam-dong Gangnam-gu; Seoul   South Korea,unknown,"Seoul, Gangnam Square"
unknown,shake_shack,1 Hongqiao Road (Grand Gateway Plaza Level 3 303/305); Shanghai   China,unknown,"Shanghai, Grand Gateway 66"
unknown,shake_shack,Seo-gu 동관 Daedeok-daero 211 1층; Daejeon   South Korea,unknown,"Daejeon, Daejeon Dunsan"
unknown,shake_shack,Yongsan-gu Hangang-daero 23-gil 55 1층; Seoul   South Korea,unknown,"Seoul, Yongsan I'Park Mall"
unknown,shake_shack,Central Square; Taguig Metro Manila   Philippines,unknown,"Manila, Central Square"
unknown,shake_shack,Av. del Roble 660 Local A2-114 Valle del Campestre; Monterrey  66265  Mexico,unknown,"Monterrey, Arboleda"
unknown,shake_shack,18 Marina Gardens Dr #03-02/03; Singapore 018953  Singapore,unknown,"Singapore, Gardens By The Bay"
unknown,shake_shack,Sidra Mall Ghirnatah; Riyadh 13241  Saudi Arabia,unknown,"Riyadh, Sidra"
unknown,shake_shack,Nishi Ward Minatomirai 2 Chome−3−2 東急スクエア① ２F; Yokohama  220-0012  Japan,unknown,"Yokohama, Minatomirai Tokyu Square"
unknown,shake_shack,Unit S04 Brent Cross Shopping Centre; London NW4 3FP  UK,unknown,"London, Brent Cross"
unknown,shake_shack,Mall of Qatar; Doha   Qatar,unknown,"Doha, Mall of Qatar"
unknown,shake_shack,Air Side Kuwait International Airport; Kuwait   Kuwait,unknown,"Kuwait, Kuwait International Airport Air Side"
unknown,shake_shack,Molly Pitcher NJ Tpke; Cranbury  08512,unknown,Molly Pitcher Travel Plaza
unknown,shake_shack,116E NJ Tpke; Ridgefield  07657,unknown,Vince Lombardi Service Area
unknown,shake_shack,W-L1-14 Taikoo Li Qiantan No. 500 Dongyu Road; Pudong District Shanghai   China,unknown,"Shanghai, Qiantan Taikoo Li"
unknown,swarco_e_connect,,unknown,unknown
unknown,the_courier_guy,Unit 23  Plot 38  QuaggaIndustial Park  Bloemfontein,unknown,Bloemfontein Depot 
63054,tops_at_spar,63054,unknown,Acornhoek
Port Elizabeth,tops_at_spar,Addo Square R335 Addo Port Elizabeth,unknown,Addo Tops
Stutterheim,tops_at_spar,22 Hill Street Stutterheim,unknown,Amahlati Tops
Bedford,tops_at_spar,8 Donkin Street Bedford,unknown,Bedford Tops
Port Elizabeth,tops_at_spar,114 Beetlestone Road Gelvandale Port Elizabeth,unknown,Beetlestone Tops
Bergville,tops_at_spar,Shop 1 Walter building17 & 18 South Street Bergville Bergville,unknown,Bergville
Kempton Park,tops_at_spar,262 High Road Brentwood Park Kempton Park,unknown,Brentwood
Burgersdorp,tops_at_spar,6 Piet Retief Street Burgersdorp,unknown,Burgersdorp Tops
Bushbuckridge,tops_at_spar,Shop No 1 Cnr Graskop and Acornhoek Rd Bushbuckridge,unknown,Bushbuckridge Tops
Graaff-Reinet,tops_at_spar,122 Church Street Graaff-Reinet,unknown,Camdeboo Tops
Polokwane,tops_at_spar,CNR Bok & Excelsior Str Polokwane,unknown,City Centre Tops
Cofimvaba,tops_at_spar,Cnr Main Street & Bellaire Avenue Cofimvaba,unknown,Cofimvaba Tops
Nelspruit,tops_at_spar,Cnr Willem & Ferreira Street Nelspruit,unknown,De Hallen
Johannesburg,tops_at_spar,Cnr Braamfischer & Hunter Street Randburg Johannesburg,unknown,Decanter
Dwarsloop,tops_at_spar,Shop 51 Dwarsloop Mall R40 Erf 1988 Dwarsloop,unknown,Dwarsloop
Pretoria,tops_at_spar,Cnr Jan Coetzee & Swaan Street Jan Niemand Park Pretoria,unknown,East Lynne Tops
Engcobo,tops_at_spar,High Street Engcobo,unknown,Engcobo 2
Ezulwini,tops_at_spar,Cnr MR103 & Tea Road Ezulwini Ezulwini,unknown,Ezulwini Tops
Botswana,tops_at_spar,Nzano Centre Francistown Botswana,unknown,Francistown Tops
Manzini,tops_at_spar,Siteki Main Road Moneni Manzini,unknown,Fresh @ Moneni
Pretoria,tops_at_spar,Gift  Acres Avenue Lynnwood Ridge Pretoria,unknown,Gift Acres Tops
Giyani,tops_at_spar,Masingita Shopping Centre Main Road Giyani,unknown,Giyani Tops
Ormonde,tops_at_spar,18 Crownwood Road Ormonde,unknown,Gold Reef
Groblersdal,tops_at_spar,Groblersdal Mall Shop 18 Van Riebeeck and Nywerheid Street Groblersdal,unknown,Groblersdal Mall Tops
Hankey,tops_at_spar,Cnr Hoof & Metlerkamp Street Hankey,unknown,Hankey Tops
BELFAST,tops_at_spar,SHOP 3 STAND 1313 BHEKUMUZI MASANGO DRIVE BELFAST,unknown,Highlands
Durban,tops_at_spar,281 Florida Road Durban Durban,unknown,Holdens
Durban,tops_at_spar,5595 Curnick Ndlovu Highway Inanda Durban,unknown,Inanda
Hazyview,tops_at_spar,Blue Haze Shopping Centre Main Road Hazyview,unknown,Indlovu Tops
Indwe,tops_at_spar,Cnr Voortrekker & Graham Street Indwe,unknown,Indwe Tops
Jeffreys Bay,tops_at_spar,11 Mopanie Street Jeffreys Bay,unknown,Jeffreys Bay 2
"Main Road, Kanye",tops_at_spar,Mongala Mall Triball Lot 6602 Main Road Kanye,unknown,Kanye Tops
Botswana,tops_at_spar,Tribal Lot 2985 Mochudi Botswana,unknown,Kgabo Mall Tops (Botswana)
Kirkwood,tops_at_spar,15 Main Street Kirkwood,unknown,Kirkwood
Komatipoort,tops_at_spar,SPAR Centre Bok Street Komatipoort Komatipoort,unknown,Komati Tops
Komga,tops_at_spar,1B Fountain Street Komga,unknown,Komga Tops
"Lebowakgomo, Thabomoopo",tops_at_spar,Shop 23 Mall @ Lebo Cnr R518 and R579 Roads Lebowakgomo Thabomoopo,unknown,Lebowakgomo Tops
Botswana,tops_at_spar,Spar Shopping Centre Letlhakane Botswana,unknown,Letlakanye Tops
Port Elizabeth,tops_at_spar,Shop 5 Primrose Square Bouganvillea Drive Linton Grange Port Elizabeth,unknown,Linton Tops
Louis Trichardt,tops_at_spar,Krogh Street Louis Trichardt,unknown,Loerie Tops
Botswana,tops_at_spar,Plot 39 Mafenyatlala Centre Molepolole Botswana,unknown,Mafenyatlala Tops
Malalane,tops_at_spar,Inkwazi Centre Air Street Malalane,unknown,Malalane Tops
Manzini,tops_at_spar,Ngwane Street Manzini Manzini,unknown,Manzini Tops
Botswana,tops_at_spar,Plot 32397 Shop 16 Francistown Botswana,unknown,Marang Tops
unknown,tops_at_spar,,unknown,Vaalpark
Matsulu,tops_at_spar,Matsulu Shopping Centre Main Road Nsikazi Matsulu,unknown,Matsulu Tops
Mtubatuba,tops_at_spar,Shop no 1 lot 3 Van Noordwyk Centre Mdoni Road Mtubatuba,unknown,Mdoni
Bloemfontein,tops_at_spar,Cnr Paul Kruger & Maartens Str Universitas Bloemfontein,unknown,Meditas
Ixopo,tops_at_spar,LOT 293 38 Main Street Ixopo Ixopo,unknown,Mega Memori
Melmoth ,tops_at_spar,LOT 36 Jacob Cohn Street Melmoth Melmoth,unknown,Melmoth
Botswana,tops_at_spar,Rammopyana Ward Mochudi Botswana,unknown,Mochudi Tops
Dendron,tops_at_spar,315 Republic Street Dendron,unknown,Mogwadi Tops
Botswana,tops_at_spar,plot 1722 Shop 4 Molepolole Gaberone Botswana,unknown,Molepolole Tops
Giyani,tops_at_spar,11 Bendstore Plaza Main Road Giyani,unknown,Mopani Tops
Pretoria,tops_at_spar,Cnr Rubida and Rossouw Str Murrayfield Pretoria,unknown,Murrayfield Tops
Naas,tops_at_spar,Kamaqhekeza Plaza Main Road Naas Naas,unknown,Naas Tops
Phalaborwa,tops_at_spar,TOPS NAMAKGALE MOGUDI COMPLEX NAMAKGALE 1391 Phalaborwa,unknown,Namakgale
Engcobo,tops_at_spar,Erf 117 Engcobo,unknown,Ndu's 1
Engcobo,tops_at_spar,High Street Taxi Rank Engcobo,unknown,Ndu's 3
Port Alfred,tops_at_spar,32 - 36 Biscay Road Port Alfred,unknown,Nemato Tops
Nqamakwe,tops_at_spar,22 Main Road Hilltop Nqamakwe,unknown,Ngqamakhwe Tops
East London,tops_at_spar,11 Jagger Street East London,unknown,Nicks El 2
King Williams Town,tops_at_spar,7 Wellington Street King Williams Town,unknown,Nicks Kwt 3
Manzini,tops_at_spar,Baraka Lifestyle Centre Sidvokodvo Main Road. Manzini,unknown,Nkonyeni
Nylstroom,tops_at_spar,105 Nelson Mandela Drive Nylstroom,unknown,Nylstroom Tops
Grahamstown,tops_at_spar,35 African Street Grahamstown,unknown,Oak Cottage  Tops
Polokwane,tops_at_spar,Shop 30Paledi Mall. R71 Sovenga Polokwane,unknown,Paledi Tops
Patensie,tops_at_spar,Paul Ferreira Road Patensie,unknown,Patensie Tops
Pienaarsrivier,tops_at_spar,Cnr R101 & Pienaarsrivier Road Pienaarsrivier,unknown,Pienaarsrivier Tops
Nelspruit,tops_at_spar,Shop No. 46 Nelspruit Plaza Cnr Henshall & Bester Streets Nelspruit Nelspruit,unknown,Plaza Tops
Pomeroy,tops_at_spar,7 Polkinhorne Street Pomeroy Pomeroy,unknown,Pomeroy
Port Shepstone,tops_at_spar,Shop 8Port Shepstone shopping Centre29 Nelson Mandela Drive (Previous Known as Escombe Street Port Shepstone Port Shepstone,unknown,Port Shepstone
Botswana,tops_at_spar,Plot 54502 BTV Mogoditshane Rd Block 6 Gaborone Botswana,unknown,Pula Tops
"Gabarone, Botswana",tops_at_spar,LMB Enterprises (PTY) LTD G35 Rail Park Mall Plot 4716 Gabarone Botswana,unknown,Rail Park Tops
Pretoria,tops_at_spar,Rietfontein Pavilion Centre Frates Road Pretoria,unknown,Rietfontein Tops
Thaba Tshawane,tops_at_spar,Cnr Van Riebeeck and Andries Pretorius Streets Thaba Tshawane,unknown,Safi Tops
Limpopo,tops_at_spar,Nkuna Shopping Centre Erf 230 Saselamani Limpopo,unknown,Saselamani Tops
Scottburgh,tops_at_spar,Shop 1 Preston Road Corner Gardner & Caine Road ERF 680 Park Rynie Scottburgh,unknown,Savemor Liquors Park Rynie
Durban,tops_at_spar,Shop C6 Seadooone Mall21/37 Seadoone Road Amanzimtoti Durban,unknown,Seadoone
Port Elizabeth,tops_at_spar,2 Van Reenen Street Seaview Port Elizabeth,unknown,Seaview Tops
Thohoyandou,tops_at_spar,Shikhumba Shopping Centre Stand no 30 Black P East Thohoyandou Thohoyandou,unknown,Shikhumba Tops
"Soshanguve Block M, Ext 1",tops_at_spar,Erf 2458 North West Cnr ruth first Road & Aubrey Matlala Str Soshanguve Block M Ext 1,unknown,Soshanguve Crossing Tops
Butterworth,tops_at_spar,2 Sauer Street Butterworth,unknown,Spargs Butterworth 2
Butterworth,tops_at_spar,Sauer Street Butterworth,unknown,Spargs Butterworth Tops
Libode,tops_at_spar,Nomandela Drive Libode,unknown,Spargs Libode Tops
Mthatha,tops_at_spar,16 Sprigg Street Mthatha Mthatha,unknown,Sprigg  Spargs Mthatha Tops
Kenton on Sea,tops_at_spar,34-36 Jecana Centre Kenton Main Road Kenton on Sea,unknown,Sunshine Coast Tops
Thulamahashe,tops_at_spar,Thulamahashe,unknown,Thulamahashe
Big Bend,tops_at_spar,Portion 71 Farm 161 Plot No. 67  Big Bend Big Bend Big Bend,unknown,Tops @ Big Bend
Botswana,tops_at_spar,Henry Jankie Road Ghanzi Botswana,unknown,Tops @ Ghanzi (Botswana)
"Gabarone, Botswana",tops_at_spar,Shop 10 Plot 62 Turnrite Mall Gabane Road Gabarone Botswana,unknown,Tops @ Kweneng (Botswana)
"Zwartkop, Centurion",tops_at_spar,Shop 12 Centurion Crescent Shopping Centre 81 Lenchen South Drive Zwartkop Centurion,unknown,Tops @ Lenchen
Gabarone,tops_at_spar,Plot 333 Lobatse Gabarone,unknown,Tops @ Lobatse (Botswana)
Botswana,tops_at_spar,Plot 27737 Ngwato Palapye Botswana,unknown,Tops @ Palapye Junction (Botswana)
"Palapye, Botswana",tops_at_spar,Plot 27737 Ngwato Palapye Botswana,unknown,Tops @ Palapye Junction (Botswana)
Botswana,tops_at_spar,Shop 3 Ngwami Maun Botswana,unknown,Tops At  Safari
Middelburg,tops_at_spar,Rietkuil Centre Corner of Eleventh and First Street Arnot Middelburg Steve Tshwete Nkangala Middelburg Middelburg,unknown,Tops At Arnot (Dc Managed)
Namibia,tops_at_spar,147 District Main Road Aussenkehr Namibia,unknown,Tops At Aussenkehr
Northern Peninsula,tops_at_spar,Cnr Strand & Bill Bezuidenhout Avenue Bellville Bellville Northern Peninsula,unknown,Tops At Bellville
Cape Town,tops_at_spar,Bloch Centre Van Riebeeck Road Kraaifontein Cape Town,unknown,Tops At Belmont Park
Maun,tops_at_spar,Plot 43094 Boseja Maun,unknown,Tops At Boseja
Cape Town,tops_at_spar,Shop 18 Charlesville Shopping Centre cnr Charles Calvert rd. & Valhalla Drive Charlesville Cape Town,unknown,Tops At Charlesville
Nelspruit,tops_at_spar,22 Ferreira Street Nelspruit,unknown,Tops At Chippos
Citrusdal,tops_at_spar,19 Loop Street Citrusdal,unknown,Tops At Citrusdal
Pinetown,tops_at_spar,245 Nerina Road Pinetown Pinetown,unknown,Tops At Dassenhoek
Marishane,tops_at_spar,Stand A135 Diphagane Village Marishane,unknown,Tops At Diphagane
Elim,tops_at_spar,Shop 77 Elim Mall R578 Erf 18 c/o Giyani & Levubu Road Elim,unknown,Tops At Elim Mall
Ephondweni ,tops_at_spar,Main Road Ephondweni Ephondweni,unknown,Tops At Ephondweni
"Soutpansberg, Louis Trichardt",tops_at_spar,Shop 1 Firefly Bakery Building Erf 721 Industria Street Soutpansberg Louis Trichardt,unknown,Tops At Firefly
Gobabis,tops_at_spar,98 Kerkstreet Gobabis,unknown,Tops At Gobabis
Soshanguve,tops_at_spar,Hebron Mall Hebron Road (M20) Soshanguve,unknown,Tops At Hebron
Ingwavuma,tops_at_spar,Lot 17 Main Road Ingwavuma Ingwavuma,unknown,Tops At Ingwavuma
unknown,tops_at_spar,80049 Mokwete Jane Furse 1085,unknown,Tops At Jane Furse
Namibia,tops_at_spar,Mihel Street Keetmanshoop Namibia,unknown,Tops At Keetmanshoop
Modjadjiskloof (Duiwelskloof),tops_at_spar,KFC Building Botha Street Letaba 1-2 District Modjadjiskloof (Duiwelskloof),unknown,Tops At Kloof
"Seshego, Polokwane",tops_at_spar,Madiba Park Centre Cnr Nelson Mandela and Madiba Crossing Seshego Polokwane,unknown,Tops At Madiba
Namibia,tops_at_spar,Marie Brandt Street Mariental Namibia,unknown,Tops At Mariental
Matata,tops_at_spar,Portion 1 of Farm 513 Plot No. 166 Matata Matata Matata Matata,unknown,Tops At Matata
Nelspruit,tops_at_spar,Shop 10 Matsulu Centre Matsulu Nelspruit,unknown,Tops At Matsulu (Dc Managed)
Cape Town,tops_at_spar,1 c/o Voortrekker & Mcintyre Rd Parow Cape Town,unknown,Tops At Mcintyre (Century)
Cape Town,tops_at_spar,Cnr Koeberg Rd & Millvale Rd Milneton Cape Town,unknown,Tops At Milnerton
Botswana,tops_at_spar,Kwena Mall Mogoditshane Botswana,unknown,Tops At Mogoditshane
Lephalale,tops_at_spar,Sunset Point Plaza Shopping Centre Lephalale,unknown,Tops At Mogol
Groblersdal,tops_at_spar,Shop 12 Moratiwa Crossings Groblersdal Groblersdal,unknown,Tops At Moratiwa
"Gabarone, Botswana",tops_at_spar,Plot 171 Oasis Shopping Centre Tlokweng Road Tlokweng Gabarone Botswana,unknown,Tops At Oasis
"Palapye, Botswana",tops_at_spar,T-Junction Plot No 68 Unit 16 Palapye Botswana,unknown,Tops At Palapye
Piggs Peak ,tops_at_spar,Plot 376 Opposite Bus Rank Piggs Peak Hhohho District H108 Piggs Peak Piggs Peak,unknown,Tops At Piggs Peak
South Coast,tops_at_spar,1 Adderly Street Prince Albert South Coast,unknown,Tops At Prince Albert
Worcester,tops_at_spar,70 High Street Worcester Worcester,unknown,Tops At Q Square
"Fauna Park, Polokwane",tops_at_spar,Crossing Shopping Centre Cnr. Grobler and Grimm Street Founa Park Fauna Park Polokwane,unknown,Tops At R71
Stanford,tops_at_spar,18 Queen Victoria street Stanford,unknown,Tops At Stanford
"Gaberone West, Botswana",tops_at_spar,The Fields Mall Lot 54349 Shop 10 c/o West Avenue & Molepolole Road Ext 9 Gaberone West Botswana,unknown,Tops At The Fields (Botswana)
Pretoria,tops_at_spar,231 Albertus Street La Montagne Pretoria,unknown,Tops At The Hill
Acornhoek,tops_at_spar,Acornhoek Shopping Centre Acornhoek,unknown,Tops At Tintswalo
Burgersfort,tops_at_spar,Twin City Centre Main Road Burgersfort 1150 Burgersfort,unknown,Tops At Tubatse
Palaborwas,tops_at_spar,SHOP NO 6 ZORBA CENTRE 6 GREY STREET CLEVELAND PLEIN PHALABORWA Palaborwas,unknown,Tops At Zorba
Pretoria ,tops_at_spar,Eastridge Building & Design Centre Graham Road Zwavelpoort Pretoria,unknown,Tops Bronberg
Port Edward,tops_at_spar,Shop 1 Traco Centre Lot 967 Owen Ellis Drive Port Edward Port Edward,unknown,Tops Crossing (Port Edward There)
unknown,tops_at_spar,DHOP 4 ELUKWATINI PLAZA PORTION 13 OF FARM EERSETHOEK ELUKWATINI 1192,unknown,Tops Elukwatini
Ga-Rankuwa,tops_at_spar,1 Main Road Ga-Rankuwa Industrial Ga-Rankuwa,unknown,Tops Meatgood
"Mmopane, Kweneng District",tops_at_spar,Lot 8153 Mogotshane Block 10 Gabarone & Molepolole Road Mmopane Kweneng District,unknown,Tops Mmopane Highway
Nkuzana,tops_at_spar,Shop 40 Nkuna Kraal Plaza R573 Road Nkuzana Portion A and 5 of the farm Hoogmoed 69 LT Nkuzana,unknown,Tops Nkuna Kraal
Soshanguve,tops_at_spar,No 135 Block TT 6422 Common Duiker Str Soshanguve,unknown,Tops Sosha Tt
Richards Bay,tops_at_spar,34 Bullion Boulevard Road Richards Bay Richards Bay,unknown,Town Square
Tshakhuma,tops_at_spar,KK Mudau Shopping Centre Tshakhuma,unknown,Tshakhuma Tops
Botswana,tops_at_spar,LMB Enterprises (PTY) LTD Madikwa Ward Tutume Botswana,unknown,Tutume Tops
Mqanduli,tops_at_spar,ERF 53 MqanduliShop 1 shopping Centre Mqanduli Mqanduli,unknown,Viedges
Mthatha,tops_at_spar,Viedgesville Wholesale Complex Mthatha Mthatha,unknown,Viedges Express Liquors
Vuwani,tops_at_spar,Shop 1A Vuwani Shopping Centre Malamulele Street Vuwani,unknown,Vuwani Tops
Durban,tops_at_spar,456 West Street Durban Durban,unknown,West Street
Vaalwater,tops_at_spar,Main Road Vaalwater,unknown,Zeederberg Tops
unknown,travelcenters_of_america_us,,unknown,#0075
Bethal,truworths,,unknown,ID Bethal
Katlehong,truworths,,unknown,ID Katlehong Mall
Burgersfort,truworths,,unknown,Truworths Twin city Burgersfort
KwaMhlanga,truworths,,unknown,Kids Phola Park
Matatiele,truworths,,unknown,ID Matatiele
Rustenburg,truworths,,unknown,ID Rustenburg Mall
Akasia,truworths,,unknown,Hebron Mall
", Benoni,",truworths,,unknown,Office London Lakeside
Empangeni,truworths,,unknown,Sync Empangeni
Mpumalanga,truworths,,unknown,ID Dwarsloop
Thohoyandou,truworths,,unknown,ID Thavhani Mall
Gaborone,truworths,,unknown,ID Game City
"Thabong, Free State, South Africa, 9463",truworths,,unknown,ID Thabong
Port Elizabeth,truworths,,unknown,Office London Greenacres
"North West, South Africa",truworths,,unknown,ID Phokeng Mall
Randburg,truworths,,unknown,Cosmo Mall
EXT 9 Kempton Park,truworths,,unknown,Kids Festival mall
Walvis Bay,truworths,,unknown,ID Walvis Bay
East London,truworths,,unknown,ID Gillwell
Hazyview,truworths,,unknown,Man Hazyview no 2
Queenstown,truworths,,unknown,ID Queenstown
"Tshakhuma,",truworths,,unknown,ID Tashakhama corner
Klerksdorp,truworths,,unknown,ID Matlosana Mall
Tshakhuma,truworths,,unknown,Tshakhuma corner
