City,Place Name,Zipcode,Name
Stratford Upon Avon,asda_gb,,unknown,Asda Living
Rugby,asda_gb,,unknown,Asda
Coventry,asda_gb,,unknown,Asda
Nuneaton,asda_gb,,unknown,Asda
Leamington Spa,asda_gb,,unknown,Asda
Sutton Coldfield,benchmarx_gb,,unknown,Benchmarx
Nuneaton,benchmarx_gb,,unknown,Benchmarx
Redditch,benchmarx_gb,,unknown,Benchmarx
Rugby,benchmarx_gb,,unknown,Benchmarx
Leamington Spa,bestone_gb,,unknown,"Best-one - Cubbington Road, Leamington Spa"
Nuneaton,bhf_gb,,unknown,Nuneaton Furniture & Electrical Store
Warwick,bhf_gb,,unknown,Warwick BHF Charity Shop
Stratford-upon-Avon,bhf_gb,,unknown,Stratford-upon-Avon BHF Charity Shop
Leamington Spa,bhf_gb,,unknown,Leamington BHF Charity Shop
Warwick,bmw_group,,unknown,Sytner Warwick
Coventry,budgens_gb,,unknown,Budgens Jardine Crescent
Rugby,budgens_gb,,unknown,Budgens Brownsover
"Cubbington, Leamington Spa",budgens_gb,,unknown,Budgens MFG Cubbington
Kenilworth,budgens_gb,,unknown,Budgens St John's
Nuneaton,budgens_gb,,unknown,Budgens Camphill
Nuneaton,b_and_m,,unknown,B&M Nuneaton (468) Home Store
Kenilworth,b_and_m,,unknown,B&M Kenilworth (834) Store
Stratford Upon Avon,b_and_m,,unknown,B&M Stratford Upon Avon (542) Home Store with Garden Centre
Rugby,b_and_m,,unknown,B&M Newbold (74) Store
Nuneaton,carpetright_gb,,unknown,Carpetright
Rugby,carpetright_gb,,unknown,Carpetright
unknown,central_england_cooperative,,unknown,unknown
Rugby Clifton upon Dunsmore,central_england_cooperative,,unknown,unknown
Rugby Bilton,central_england_cooperative,,unknown,Wilf Smith & Son funeral services
Nuneaton Barlestone,central_england_cooperative,,unknown,unknown
Alcester Kings Coughton,central_england_cooperative,,unknown,Edward Jarvis funeral services
Stratford upon Avon,cex,,unknown,Stratford upon Avon
Birmingham,cex,,unknown,Acocks Green
Perry Barr,cex,,unknown,Perry Barr
Sutton Coldfield,cex,,unknown,Sutton Coldfield
Nuneaton,cex,,unknown,Nuneaton
Leamington Spa,cex,,unknown,Leamington Spa
Rugby,cex,,unknown,Rugby
Rugby,dunelm_gb,,unknown,Rugby
Kenilworth,ember_inns_gb,,unknown,"Green Man, Kenilworth Kenilworth"
Sutton Coldfield,game_gb,,unknown,GAME Sutton Coldfield
Stratford Upon Avon,game_gb,,unknown,GAME Stratford Upon Avon Lite
Nuneaton,game_gb,,unknown,GAME Nuneaton
Coventry,game_gb,,unknown,GAME Coventry
Rugby,grape_tree_gb,,unknown,Grape Tree Rugby
Leamington Spa,grape_tree_gb,,unknown,Grape Tree Leamington Spa
Henley-in-Arden,indigo,,unknown,Henley-in-Arden Station Car Park
Atherstone,indigo,,unknown,Atherstone Station Car Park
Nuneaton,indigo,,unknown,Nuneaton Station Car Park
Stratford Upon Avon,indigo,,unknown,Stratford Upon Avon Station Car Park
Warwick,j_d_wetherspoon,3–7 Market Place Warwick Warwickshire CV34 4SA,unknown,The Thomas Lloyd
Stratford-upon-Avon,j_d_wetherspoon,41–42 Sheep Street Stratford-upon-Avon Warwickshire CV37 6EE,unknown,The Golden Bee
Nuneaton,j_d_wetherspoon,3 Stratford Street Nuneaton Warwickshire CV11 5BS,unknown,The Felix Holt
Royal Leamington Spa,j_d_wetherspoon,112–114 The Parade Royal Leamington Spa Warwickshire CV32 4AQ,unknown,The Benjamin Satchwell
Bedworth,j_d_wetherspoon,50 King Street Bedworth Warwickshire CV12 8JA,unknown,The Bear and Ragged Staff
Rugby,j_d_wetherspoon,8–10 Castle Street Rugby Warwickshire CV21 2TP,unknown,Rupert Brooke
Leamington Spa,londis_gb,,unknown,Londis Londis Leamington Spa
Bidford On Avon,londis_gb,,unknown,Londis Bidford-On-Avon
Coventry,londis_gb,,unknown,Londis LONDIS - QUINTON PARADE
Rugby,londis_gb,,unknown,Londis BP Rugby Service Station
Birmingham,londis_gb,,unknown,Londis BP Overend Service Station
Bloxwich,londis_gb,,unknown,Londis Jet Bloxwich Service Station
Stratford Upon Avon,londis_gb,,unknown,Londis Texaco Tollhouse Service Station
Dudley,londis_gb,,unknown,Londis BP Netherton Service Station
Nuneaton,marstons_plc,Griff Nuneaton Warwickshire CV10 7PJ,unknown,Griffin
Nuneaton,marstons_plc,Attleborough Nuneaton Warwickshire CV11 4JY,unknown,Fox Inn
Birmingham,marstons_plc,Nether Witacre Birmingham Warwickshire B46 2DS,unknown,Gate Inn
Haseley Hatton,marstons_plc,Birmingham Road Haseley Hatton Warwick Warwickshire CV35 7HA,unknown,Falcon
Nuneaton,marstons_plc,Attleborough Nuneaton Warwickshire CV11 6PJ,unknown,Crows Nest
Bedworth,marstons_plc,454 Nuneaton Road Bedworth Warwickshire CV12 9SB,unknown,Corner House
Wootton Wawen,marstons_plc,Stratford Road Wootton Wawen Henley-In-Arden Warwickshire B95 6BD,unknown,Bulls Head
Wolvey,marstons_plc,Church Hill Wolvey Warwickshire LE10 3LB,unknown,Bulls Head
Alcester,marstons_plc,Temple Grafton Alcester Warwickshire B49 6NR,unknown,Blue Boar
Nuneaton,marstons_plc,Horeston Grange Nuneaton Warwickshire CV11 6GU,unknown,Acorn
Atherstone,marstons_plc,Hurley 118 Hurley Common Atherstone Warwickshire CV9 2LR,unknown,Anchor Inn
Nuneaton,marstons_plc,Highfield Road Nuneaton Warwickshire CV11 4PL,unknown,Attleborough Arms
Kenilworth,marstons_plc,25 Leyes Lane Kenilworth Warwickshire CV8 2DD,unknown,Tiltyard
Warwick,marstons_plc,64 Hardwick Field Lane Warwick Warwickshire CV34 6LN,unknown,Unicorn
Kenilworth,marstons_plc,Park Road Kenilworth Warwickshire CV8 2GF,unknown,Wyandotte Hotel
Nuneaton,marstons_plc,Market Bosworth Nuneaton Warwickshire CV13 0LL,unknown,Ye Olde Red Lion
Rugby,marstons_plc,22 Warwick Street Rugby Warwickshire CV21 3DH,unknown,William Webb Ellis
Shuttington,marstons_plc,Main Road Shuttington Warwickshire B79 0DP,unknown,Wolferstan Arms
Nuneaton,marstons_plc,Coton Road Nuneaton Warwickshire CV11 5TS,unknown,Rose Inn
Kingsbury,marstons_plc,Coventry Road Kingsbury Warwickshire B78 2LP,unknown,Royal Oak
Nr. Tamworth,marstons_plc,Cliff Nr. Tamworth Warwickshire B78 2DL,unknown,Malt House
Shipston-on-Stour,midcounties_cooperative_gb,,unknown,Your Coop Food
Leamington Spa,midcounties_cooperative_gb,,unknown,Leamington Grove Nursery
Coventry,midcounties_cooperative_gb,,unknown,Your Co-op Travel
Warwick,midcounties_cooperative_gb,,unknown,Co-op House (Warwick)
Kineton,midcounties_cooperative_gb,,unknown,Your Coop Food
Atherstone ,midcounties_cooperative_gb,,unknown,Your Co-op Travel
Nuneaton,midcounties_cooperative_gb,,unknown,Your Coop Food
Bidford-on-Avon,midcounties_cooperative_gb,,unknown,Your Coop Food
Leamington Spa,morrisons_gb,,unknown,Morrisons Daily Leamington Spa Sydenham Dr
Coleshill,morrisons_gb,,unknown,Coleshill
Stratford-upon-Avon,morrisons_gb,,unknown,Stratford-upon-Avon
Shiptn On Stour,morrisons_gb,,unknown,Morrisons Daily Shipston-on-stour High St
Warwick,morrisons_gb,,unknown,Morrisons Daily Warwick Percy Estate
near Banbury,national_trust_gb,,unknown,Upton House and Gardens
Warwick,national_trust_gb,,unknown,Charlecote Park
near Alcester,national_trust_gb,,unknown,Kinwarton Dovecote
Baddesley Clinton,national_trust_gb,,unknown,Baddesley Clinton
Alcester,national_trust_gb,,unknown,Coughton Court
Lapworth,national_trust_gb,,unknown,Packwood House
NUNEATON,next,,unknown,NUNEATON - ROPEWALK SHOPPING CENTRE
LEAMINGTON SPA,next,,unknown,LEAMINGTON - SHIRES RETAIL PARK
COVENTRY,next,,unknown,COVENTRY - CENTRAL SIX RETAIL PARK
Nuneaton,o2_gb,,unknown,O2 Shop Nuneaton
Leamington Spa,o2_gb,,unknown,O2 Shop Leamington Spa
Coventry,o2_gb,,unknown,O2 Shop Coventry - Arena Shopping Park
Rugby,o2_gb,,unknown,O2 Shop Rugby
Warwickshire,pizza_express_gb,33-35 Jury Street Warwick Warwickshire CV34 4EH,unknown,Warwick Jury Street
Warwickshire,pizza_hut_gb,,unknown,Pizza Hut Rugby
Rugby,premier_gb,,unknown,Premier Winfield Supermarket
Nuneaton,premier_gb,,unknown,Premier Kingswood Local
Coventry,premier_gb,,unknown,Premier Binley Wood Convenience Store & Post Office
Atherstone,premier_gb,,unknown,Premier Mancetter Stores
Bedworth,premier_gb,,unknown,Premier Premier Stores
Austrey,premier_gb,,unknown,Premier Austrey Stores
Southam,premier_gb,,unknown,Premier Stockton PO & Convenience
Stratford On Avon,premier_gb,,unknown,Premier The Local
Rugby,rowlands_pharmacy_gb,,unknown,Rowlands Pharmacy Clifton Road
Alcester,screwfix_gb,,unknown,Screwfix Alcester
Stratford-upon-Avon,screwfix_gb,,unknown,Screwfix Stratford-upon-Avon
Southam,screwfix_gb,,unknown,Screwfix Southam
Warwickshire,screwfix_gb,,unknown,Screwfix Rugby
Nuneaton,screwfix_gb,,unknown,Screwfix Nuneaton
Warwick,screwfix_gb,,unknown,Screwfix Leamington Spa
Coventry,screwfix_gb,,unknown,Screwfix Coventry - Binley
LEAMINGTON SPA,shell,,unknown,MFG LEAMINGTON
KENILWORTH,shell,,unknown,MFG KENILWORTH
WARWICK,shell,,unknown,SHELL HATTON
SOUTHAM,shell,,unknown,SHELL BUDGENS SOUTHAM
COVENTRY,shell,,unknown,RVT WYKEN
WELLESBOURNE,shell,,unknown,WARWICK ROAD SERVICE STATION
BEDWORTH,shell,,unknown,MFG BEDWORTH
Stratford upon Avon,shell,,unknown,SHELL STRATFORD-UPON-AVON
RUGBY,shell,,unknown,SHELL BUDGENS WEBB ELLIS
NUNEATON,shell,,unknown,MFG WEDDINGTON
unknown,shoezone_gb,,unknown,Shoe Zone
Coventry,sofology_gb,,unknown,Sofology
Stratford-upon-Avon,specsavers,,unknown,Stratford-upon-Avon
Alcester,specsavers,,unknown,Alcester
Warwick,specsavers,,unknown,Warwick
Leamington Spa,specsavers,,unknown,Leamington Spa
Kenilworth,specsavers,,unknown,Kenilworth
Rugby,specsavers,,unknown,Rugby
Coventry,specsavers,,unknown,Coventry Arena
Bedworth,specsavers,,unknown,Bedworth
Nuneaton,specsavers,,unknown,Nuneaton
Studley,stonehouse_gb,,unknown,"The Barley Mow, Studley Studley"
Rugby,the_cooperative_group,,unknown,John Taylor Funeralcare
Studley,the_cooperative_group,,unknown,"The Co-operative Food, Studley - 4 Alcester Road"
Stratford-Upon-Avon,the_cooperative_group,,unknown,"The Co-operative Food, Stratford-Upon-Avon Wordsworth Ave"
Shipston-On-Stour,the_cooperative_group,,unknown,"The Co-operative Food, Shipston On Stour"
Nuneaton,the_cooperative_group,,unknown,"The Co-operative Food, Nuneaton"
Henley-In-Arden,the_cooperative_group,,unknown,"The Co-operative Food, Henley-In-Arden"
Leamington Spa,the_cooperative_group,,unknown,John Taylor Funeralcare
Warwick,the_cooperative_group,,unknown,Warwick Funeralcare (inc John Taylor Funeralcare)
Kenilworth,the_cooperative_group,,unknown,John Taylor Funeralcare
Alcester,the_cooperative_group,,unknown,Bidford Funeralcare (inc. David Baker)
Coventry,the_range,,unknown,The Range: Coventry
Rugby,the_range,,unknown,The Range: Rugby
Leamington Spa,the_range,,unknown,The Range: Leamington Spa
Stratford Upon Avon,timpson_gb,,unknown,"Stratford Upon Avon, Tesco"
Kenilworth,timpson_gb,,unknown,Kenilworth
Birmingham,vans,,unknown,VANS Store Birmingham Bullring
Stratford upon Avon,vets4pets_gb,,unknown,Stratford upon Avon Vets4Pets
Leamington Spa,vets4pets_gb,,unknown,Leamington Spa Vets4Pets
Rugby,vets4pets_gb,,unknown,Rugby Vets4Pets
STRATFORD UPON AVON,visa,,unknown,unknown
BIDFORD-ON-AVON,visa,,unknown,unknown
STRATFORD-UPON-AVON,visa,,unknown,unknown
ALCESTER,visa,,unknown,unknown
SOUTHAM,visa,,unknown,unknown
WARWICK,visa,,unknown,unknown
LEAMINGTON SPA,visa,,unknown,unknown
LEAMINGTON SP,visa,,unknown,unknown
LILLINGTON,visa,,unknown,unknown
KENILWORTH,visa,,unknown,unknown
RUGBY,visa,,unknown,unknown
COVENTRY,visa,,unknown,unknown
KNOWLE,visa,,unknown,unknown
BEDWORTH,visa,,unknown,unknown
BULKINGTON,visa,,unknown,unknown
BIRMINGHAM,visa,,unknown,unknown
NUNEATON,visa,,unknown,unknown
WATER ORTON,visa,,unknown,unknown
ATHERSTONE,visa,,unknown,unknown
Bedworth,voyagecare,Ingleby House,unknown,Ingleby House
Nuneaton,voyagecare,Marner House,unknown,Marner House
Nuneaton,voyagecare,Stretton Lodge,unknown,Voyage (DCA) Warwickshire
Shipston On Stour,western_union,,unknown,SHIPSTON ON STOUR POST OFFICE
Warwick,western_union,,unknown,WARWICK POST OFFICE
Rugby,western_union,,unknown,DUNCHURCH POST OFFICE
Southam,western_union,,unknown,SOUTHAM POST OFFICE
Leamington Spa,western_union,,unknown,RYMAN LEAMINGTON SPA
Stratford Upon Avon,western_union,,unknown,ROBERT DYAS STRATFORD UPON AVO
Alcester,western_union,,unknown,ALCESTER POST OFFICE
Kenilworth,western_union,,unknown,ROSELAND POST OFFICE
Coventry,western_union,,unknown,WESTHILL ROAD POST OFFICE
Bedworth,western_union,,unknown,BEDWORTH POST OFFICE
Nuneaton,western_union,,unknown,SAINSBURYS  TAMWORTH
Atherstone,western_union,,unknown,LONG STREET POST OFFICE
Birmingham,western_union,,unknown,FLYWELL TRAVEL SERVICES
Nuneaton,whsmith,,unknown,"WHSmith, George Elliot Hospital, Nuneaton"
Rugby,whsmith,,unknown,"WHSmith, Market Place, Rugby"
Kenilworth,whsmith,,unknown,"WHSmith, Talisman Square, Kenilworth"
Leamington Spa,whsmith,,unknown,"WHSmith, The Parade, Leamington Spa"
Warwick,whsmith,,unknown,"WHSmith, Market Street, Warwick"
Stratford-Upon-Avon,whsmith,,unknown,"WHSmith, High Street, Stratford Upon Avon"
Coventry,wrenkitchens_gb,,unknown,Coventry showroom
