City,Place Name,Zipcode,Name
Corowa,agnvet_au,Honour Avenue & Header World Avenue Corowa NSW 2646 Australia,unknown,Corowa
Deniliquin,agnvet_au,127 Davidson Street Deniliquin NSW 2710 Australia,unknown,Deniliquin
Moama,agnvet_au,3-5 Neil Street Moama NSW 2731 Australia,unknown,Moama
Wee Waa,agnvet_au,81-83 Boolcarrol Road Wee Waa NSW 2388 Australia,unknown,Wee Waa
Henty,agnvet_au,89-93 Railway Parade Henty NSW 2658 Australia,unknown,Henty
Bomen,agnvet_au,31-33 Bomen Road Bomen Wagga Wagga NSW Australia,unknown,Wagga Wagga
Barellan,agnvet_au,Burley Griffin Way & Barellan Cemetery Road Barellan NSW 2665 Australia,unknown,Barellan
Boree Creek,agnvet_au,101 Richmond Street Boree Creek NSW 2652,unknown,Boree Creek
Bribbaree,agnvet_au,1 Weedallion Street Bribbaree NSW 2594,unknown,Bribbaree
Coleambally,agnvet_au,Bencubbin Avenue Coleambally NSW 2707,unknown,Coleambally
Condobolin,agnvet_au,1 Burnett Street Condobolin NSW 2877,unknown,Condobolin
Coonamble,agnvet_au,55-57 Aberford Street Coonamble NSW 2829,unknown,Coonamble
Culcairn,agnvet_au,Lot 17-18 Melville Street Culcairn NSW 2660,unknown,Culcairn
Cumnock,agnvet_au,56 Obley Street Cumnock NSW 2867,unknown,Cumnock
Dubbo,agnvet_au,Fitzroy Street & Johnson Street Dubbo NSW 2830 Australia,unknown,Dubbo
Eugowra,agnvet_au,41 Evelyn Street Eugowra NSW 2806 Australia,unknown,Eugowra
Ganmain,agnvet_au,33 Waterview Street Ganmain NSW 2702,unknown,Ganmain
Gilgandra,agnvet_au,106 Warren Road Gilgandra NSW 2827,unknown,Gilgandra
Grenfell,agnvet_au,Cnr Cowra & Gerrybang Roads Grenfell NSW 2810,unknown,Grenfell
Griffith,agnvet_au,26-28 Banna Avenue Griffith NSW 2680,unknown,Griffith
Grong Grong,agnvet_au,42-44 Junee Street Grong Grong NSW 2562,unknown,Grong Grong
Hay,agnvet_au,Cnr Lachlan Street & Showground Road Hay NSW 2711,unknown,Hay
Holbrook,agnvet_au,10 Bond Street Holbrook NSW 2644 Australia,unknown,Holbrook
Jerilderie,agnvet_au,19 Southey Street Jerilderie NSW 2716,unknown,Jerilderie
Junee,agnvet_au,28-34 Lisgar Street Junee NSW 2663,unknown,Junee
Lake Cargelligo,agnvet_au,9 Foster Street Lake Cargelligo NSW 2672 Australia,unknown,Lake Cargelligo
Mangoplah,agnvet_au,Kyeamba Street Mangoplah NSW 2652,unknown,Mangoplah
Narromine,agnvet_au,113-121 Dandaloo Street Narromine NSW 2821 Australia,unknown,Narromine
Nyngan,agnvet_au,101 Lawlor Street Nyngan NSW 2825,unknown,Nyngan
Temora,agnvet_au,Beelah Street & Goldfields Way Temora NSW 2666 Australia,unknown,Temora
Trundle,agnvet_au,39 Forbes Street Trundle NSW 2875,unknown,Trundle
Ungarie,agnvet_au,1 Lynda Street Ungarie NSW 2669,unknown,Ungarie
Warren,agnvet_au,45 Bundemar Street Warren NSW 2824,unknown,Warren
Weethalle,agnvet_au,43-47 Railway Street Weethalle NSW 2669,unknown,Weethalle
West Wyalong,agnvet_au,2 Gelling Street West Wyalong NSW 2671 Australia,unknown,West Wyalong
Yeoval,agnvet_au,18 Forbes Street Yeoval NSW 2868,unknown,Yeoval
Mount Kuring-gai,agnvet_au,7-15 Gundah Road Mount Kuring-gai NSW 2080,unknown,Sydney
Bourke,agnvet_au,40 Mertin Street Bourke NSW 2840 Australia,unknown,Bourke
Narromine,agnvet_au,113/121 Dandaloo Street Narromine NSW 2821 Australia,unknown,Narromine
Bomen,agnvet_au,31-33 Bomen Road Bomen Wagga Wagga NSW 2650 Australia,unknown,Wagga Wagga
Leeton,agnvet_au,13-15 Brady Way Leeton NSW Australia,unknown,Leeton
Forbes,agnvet_au,12-14 Parkes Rd Forbes NSW 2871 Australia,unknown,Forbes
Wellington,agnvet_au,134 Thornton St Wellington NSW 2820 Australia,unknown,Wellington
Finley,ag_warehouse_au,,unknown,Finley
unknown,aldi_sud_au,,unknown,ALDI Balgowlah
Dubbo,ally_fashion_au,,unknown,Dubbo
Hurstville ,ally_fashion_au,,unknown,Hurstville
Albury,angus_and_coote_au,SH 26 West End Plaza 487 Kiewa Street Albury NSW 2640,unknown,Albury Centro
Bankstown,angus_and_coote_au,SH M228 Bankstown S/C Cnr Lady Cutler Av &amp; Rickard Rd Bankstown NSW 2200,unknown,Bankstown
Bathurst,angus_and_coote_au,SH 10 Stockland Mall 40 William Street Bathurst NSW 2795,unknown,Bathurst
Blacktown,angus_and_coote_au,Shop 2057 Level 2 Westpoint Blacktown Patrick Street Blacktown NSW 2148,unknown,Blacktown
Brookvale,angus_and_coote_au,SH 1025 Westfield Warringah Mall Cnr Condamine St & Old Pittwater Rd Brookvale NSW 2100,unknown,Brookvale
Burwood,angus_and_coote_au,SH 120/100 Burwood Road Burwood NSW 2134,unknown,Burwood
Castle Hill,angus_and_coote_au,SH 338 Castle Towers 6-14 Castle Street Castle Hill NSW 2154,unknown,Castle Towers
Chatswood,angus_and_coote_au,SH 415 Westfield Chatswood 1 Anderson Steet Chatswood NSW 2067,unknown,Chatswood
Coffs Harbour,angus_and_coote_au,SH T22 Park Beach Plaza 253 Pacific Highway Coffs Harbour NSW 2450,unknown,Coffs Harbour
Dubbo,angus_and_coote_au,SH T11 Orana Mall Mitchell Highway Dubbo NSW 2830,unknown,Dubbo Mall
Eastgardens,angus_and_coote_au,SH 108 Westfield Eastgardens S/C 152 Bunnerong Rd Eastgardens NSW 2036,unknown,Eastgardens
Erina,angus_and_coote_au,SH T204 Erina Fair S/ Centre Terrigal Drive Erina NSW 2250,unknown,Erina
Glendale,angus_and_coote_au,SH 29 Stocklands Glendale 387 Lake Road Glendale NSW 2285,unknown,Glendale
East Maitland,angus_and_coote_au,SH 15 Green Hills S/C 1 Molly Morgan Drive East Maitland NSW 2323,unknown,Green Hills
Hornsby,angus_and_coote_au,SH 1014 Westfield Hornsby S/C 236 Pacific Hwy Hornsby NSW 2077,unknown,Hornsby
unknown,angus_and_coote_au,SH 147 Westfield Hurstville 3 Cross Street Hurstville NSW 2220,unknown,Hurstville
Kotara,angus_and_coote_au,SH 2008 Kotara Westfield Northcott Drive Kotara NSW 2289,unknown,Kotara
Gorokan,angus_and_coote_au,Shop 19 Lake Haven Shopping Centre Lake Haven Drive Gorokan NSW 2263,unknown,Lake Haven
Lismore,angus_and_coote_au,SH 20 Lismore Square Corner Brewster & Uralba Sts Lismore NSW 2480,unknown,Lismore
Liverpool,angus_and_coote_au,SH 2075A Westfield Liverpool Macquarie Street Liverpool NSW 2170,unknown,Liverpool
Campbelltown,angus_and_coote_au,SH L3 U064 Macarthur Square 200 Gilchrist Drive Campbelltown NSW 2560,unknown,Macarthur Square
North Ryde,angus_and_coote_au,SH 85 Lvl 3 Macquarie Centre 109 Waterloo Rd North Ryde NSW 2113,unknown,Macquarie
Miranda,angus_and_coote_au,SH 2119 Westfield Miranda 600 The Kingsway Miranda NSW 2228,unknown,Miranda
Narellan,angus_and_coote_au,SH 127 Narellan Town Centre 326 Camden Valley Way Narellan NSW 2567,unknown,Narellan
Nowra,angus_and_coote_au,SH 49 Nowra Fair 32/60 East Street Nowra NSW 2541,unknown,Nowra
Orange,angus_and_coote_au,SH 27 Orange City S/ Centre Anson Street Orange NSW 2800,unknown,Orange
Parramatta,angus_and_coote_au,SH 3029 Westfield S/town 159-175 Church Street Parramatta NSW 2150,unknown,Parramatta
Penrith,angus_and_coote_au,SH 102 Westfield Penrith 585 High Street Penrith NSW 2750,unknown,Penrith
Richmond,angus_and_coote_au,SH 43 Richmond Marketplace 78 March Street Richmond NSW 2753,unknown,Richmond
Roselands,angus_and_coote_au,SH 1-026 Roselands SC Roselands Drive Roselands NSW 2196,unknown,Roselands
Rouse Hill,angus_and_coote_au,GR 143 Rouse Hill Town Centre 10-14 Market Lane Rouse Hill NSW 2155,unknown,Rouse Hill
Port Macquarie,angus_and_coote_au,SH 6 Settlement City S/C Cnr Bay & Park Sts Port Macquarie NSW 2444,unknown,Settlement City
Shellharbour,angus_and_coote_au,SH 1109 Shellharbour S/C Lake Entrance Rd Shellharbour NSW 2529,unknown,Shellharbour
West Tamworth,angus_and_coote_au,SH 12 S/World Tamworth Cnr Bridge & Denne Sts West Tamworth NSW 2340,unknown,Tamworth
Tuggerah,angus_and_coote_au,SH 1090 Westfield Tuggerah S/C Cnr Wyong & Gavenlock Rds Tuggerah NSW 2259,unknown,Tuggerah
Tweed Heads,angus_and_coote_au,SH 222 S/C 54 Minjungbal Dr Tweed Heads NSW 2486,unknown,Tweed City
Wagga Wagga,angus_and_coote_au,SH 7 Wagga Wagga Marketplace 87 Bayliss St Wagga Wagga NSW 2650,unknown,Wagga Wagga
Wetherill Park,angus_and_coote_au,SH 276 Stockland Wetherill Park 561-583 Polding St Wetherill Park NSW 2164,unknown,Wetherill Park
Wollongong,angus_and_coote_au,200 Crown Street Wollongong NSW 2500,unknown,Wollongong
Sydney,apple,,unknown,Apple Sydney
Penrith,apple,,unknown,Apple Penrith
Miranda,apple,,unknown,Apple Miranda
Hornsby,apple,,unknown,Apple Hornsby
Chatswood,apple,,unknown,Apple Chatswood Chase
Charlestown,apple,,unknown,Apple Charlestown
Castle Hill,apple,,unknown,Apple Castle Towers
Broadway,apple,,unknown,Apple Broadway
Bondi Junction,apple,,unknown,Apple Bondi
Five Dock,audi,19-21 Spencer Street Five Dock 2046,unknown,Audi Five Dock Service
Brookvale,audi,790 Pittwater Road Brookvale 2100,unknown,Audi Brookvale
Brookvale,audi,5 Dale Street Brookvale 2100,unknown,Audi Centre Mosman Service
Parramatta,audi,85 Rosehill Street Parramatta 2150,unknown,Audi Centre Parramatta Service
Kirrawee,audi,7 Marshall Road Kirrawee 2232,unknown,Audi Sutherland Service
Zetland,audi,2A Defries Avenue Zetland 2017,unknown,Audi Centre Sydney Service
Sydney,audi,895 South Dowling Street Sydney 2017,unknown,Audi Centre Sydney
Five Dock,audi,1 Parramatta Road Five Dock 2046,unknown,Audi Five Dock
Artarmon,audi,405 Pacific Highway Artarmon 2064,unknown,Alto Artarmon Panel Shop
Mosman,audi,309 Military Road Mosman 2088,unknown,Audi Centre Mosman
Pennant Hills,audi,320 Pennant Hills Road Pennant Hills 2120,unknown,Alto Pennant Hills Panel Shop
Parramatta,audi,49-53 Church Street Parramatta 2150,unknown,Audi Centre Parramatta
Sutherland,audi,668 Old Princes Highway Sutherland 2232,unknown,Audi Sutherland
Wyoming,audi,303 Henry Parry Drive Wyoming 2250,unknown,Audi Alto Central Coast
Maryville,audi,254 Hannell Street Maryville 2293,unknown,Audi Centre Newcastle
Tamworth,audi,1-5 Belmore Street Tamworth 2340,unknown,Audi New England
Coffs Harbour South,audi,180 Crn Pacific Highway & Halls Road Coffs Harbour South 2450,unknown,Audi Bellbowrie
South Lismore,audi,0 Cnr Snow St & Bruxner Highway South Lismore 2480,unknown,Audi Service Lismore
Wollongong,audi,188-194 Corrimal Street Wollongong 2500,unknown,Audi Centre Wollongong
Smeaton Grange,audi,12-18 Dunn Road Smeaton Grange 2567,unknown,Alto Macarthur Panel Shop
Albury,audi,609 Hume Street Albury 2640,unknown,Audi Alessi
Wagga Wagga,audi,52 Dobney Avenue Wagga Wagga 2650,unknown,Audi Centre Wagga
Orange,audi,12-14 Gateway Cres Orange 2800,unknown,Audi Centre Orange
Fyshwick,audi,75 Tennant Street Fyshwick 2609,unknown,Tony Farrugia Bodyworks
Mattraville,audi,7-9 Perry Street Mattraville 2036,unknown,Scientific Motor Body Works
Silverwater,audi,210-212 Silverwater Road Silverwater 2118,unknown,Autohaus Prestige
Brookvale,audi,26-28 Chard Street Brookvale 2100,unknown,Mosman Smash Repairs
Newcastle,aurecongroup,Level 15 727 Hunter Street NewcastleNSW2300,unknown,unknown
Sydney,aurecongroup,Level 11 73 Miller Street North SydneyNSW2060,unknown,unknown
Hamilton North,avis,,unknown,Avis Australia Hamilton North
Wollongong,avis,,unknown,Avis Australia Wollongong
Williamtown,avis,,unknown,Avis Australia Williamtown Airport
West Wyalong,avis,,unknown,Avis Australia West Wyalong
West Ryde,avis,,unknown,Avis Australia West Ryde
Wagga Wagga,avis,,unknown,Avis Australia Wagga Wagga Airport
Taren Point,avis,,unknown,Avis Australia Taren Point
Tamworth,avis,,unknown,Avis Australia Tamworth Airport
Sydney,avis,,unknown,Avis Australia Sydney
South Tweed Heads,avis,,unknown,Avis Australia South Tweed Heads
Revesby,avis,,unknown,Avis Australia Revesby
Pyrmont,avis,,unknown,Avis Australia Pyrmont
Port Macquarie,avis,,unknown,Avis Australia Port Macquarie Airport
Penrith,avis,,unknown,Avis Australia Penrith
North Parramatta,avis,,unknown,Avis Australia North Parramatta
Parkes,avis,,unknown,Avis Australia Parkes Airport
Orange,avis,,unknown,Avis Australia Orange Airport
North Sydney/Shop 2,avis,,unknown,Avis Australia North Sydney/Shop 2
North Sydney,avis,,unknown,Avis Australia North Sydney
Narrabri,avis,,unknown,Avis Australia Narrabri Airport
Moree,avis,,unknown,Avis Australia Moree Airport
Merimbula,avis,,unknown,Avis Australia Merimbula Airport
Mascot,avis,,unknown,Avis Australia Mascot
Maroubra,avis,,unknown,Avis Australia Maroubra
Hornsby,avis,,unknown,Avis Australia Hornsby
Griffith,avis,,unknown,Avis Australia Griffith Airport
Goulburn,avis,,unknown,Avis Australia Goulburn
Gosford,avis,,unknown,Avis Australia Gosford
Dubbo,avis,,unknown,Avis Australia Dubbo Airport
Dee Why,avis,,unknown,Avis Australia Dee Why
Croydon,avis,,unknown,Avis Australia Croydon
Coffs Harbour,avis,,unknown,Avis Australia Coffs Harbour Airport
Circular Quay,avis,,unknown,Avis Australia Circular Quay
Bella Vista,avis,,unknown,Avis Australia Bella Vista
Campbelltown,avis,,unknown,Avis Australia Campbelltown
Broken Hill,avis,,unknown,Avis Australia Broken Hill Airport
Bomaderry,avis,,unknown,Avis Australia Bomaderry
Bexley,avis,,unknown,Avis Australia Bexley
Bathurst,avis,,unknown,Avis Australia Bathurst
Ballina,avis,,unknown,Avis Australia Ballina Airport
Artarmon,avis,,unknown,Avis Australia Artarmon
Armidale,avis,,unknown,Avis Australia Armidale Airport
Albury,avis,,unknown,Avis Australia Albury Airport
Alexandria,bmw_group,,unknown,Rolls-Royce Motor Cars Sydney
Sydney,botteg_aveneta,,unknown,Sydney - Westfield
City of Sydney,brewdog,Bays 1 & 2 Locomotive Workshop 2 Locomotive Street Eveleigh NSW 2015 Australia,unknown,South Eveleigh
Armidale,carpet_court_au,,unknown,Alpha Furnishers Carpet Court
Bowral,carpet_court_au,,unknown,Southern Highlands Carpet Court
Bondi,carpet_court_au,,unknown,Bondi Carpet Court
Cardiff,carpet_court_au,,unknown,Cardiff Carpet Court
Marsden Park,carpet_court_au,,unknown,Marsden Park Carpet Court
Smeaton Grange,carpet_court_au,,unknown,Narellan Carpet Court
Yass,carpet_court_au,,unknown,Terry Bros. Carpet Court (Yass)
Chatswood,carpet_court_au,,unknown,Chatswood Carpet Court
Morisset,carpet_court_au,,unknown,Morisset Carpet Court
Auburn,carpet_court_au,,unknown,Auburn Carpet Court
Belrose,carpet_court_au,,unknown,Belrose Carpet Court
Young,carpet_court_au,,unknown,Terry Bros. Carpet Court (Young)
Wollongong,carpet_court_au,,unknown,South Coast Carpet Court
Yamba,carpet_court_au,,unknown,Coulters Carpet Court
Warilla,carpet_court_au,,unknown,Warilla Carpet Court
Wagga Wagga,carpet_court_au,,unknown,Payne's Carpet Court
Ulladulla,carpet_court_au,,unknown,Ulladulla Carpet Court
Tweed Heads South,carpet_court_au,,unknown,Swift Carpet Court
Tumut,carpet_court_au,,unknown,Lucas Home Furnishings (Tumut) Carpet Court
Toronto ,carpet_court_au,,unknown,Toronto Carpet Court
Taree,carpet_court_au,,unknown,Carpet Craft
Taminda,carpet_court_au,,unknown,Viaduct Carpet Court
St Marys,carpet_court_au,,unknown,St Marys Carpet Court
Crows Nest ,carpet_court_au,,unknown,St Leonards Carpet Court
South Nowra,carpet_court_au,,unknown,Nowra Carpet Court
Singleton,carpet_court_au,,unknown,Jones Carpet Court
Scone,carpet_court_au,,unknown,Country Carpets
Ryde,carpet_court_au,,unknown,ABC Carpet Court
Prospect,carpet_court_au,,unknown,Prospect Carpet Court
Raymond Terrace,carpet_court_au,,unknown,Raymond Terrace Carpet Court
Port Macquarie,carpet_court_au,,unknown,Port Macquarie Carpet Court
Penrith,carpet_court_au,,unknown,Penrith Carpet Court
Petersham,carpet_court_au,,unknown,Leichhardt Carpet Court
Parkes,carpet_court_au,,unknown,Parkes Carpet Court
Pambula,carpet_court_au,,unknown,Pambula Carpet Court
Orange,carpet_court_au,,unknown,Buckley's Carpet Court
North Parramatta,carpet_court_au,,unknown,Parramatta Carpet Court
Hamilton,carpet_court_au,,unknown,Churchills Carpet Court (Hamilton)
Nelson Bay,carpet_court_au,,unknown,Nelson Bay Carpet Court
Mudgee,carpet_court_au,,unknown,Mudgee Carpet Court
Muswellbrook,carpet_court_au,,unknown,Muswellbrook Carpet Court
Mona Vale,carpet_court_au,,unknown,Mona Vale Carpet Court
McGraths Hill,carpet_court_au,,unknown,McGraths Hill Carpet Court
Mascot,carpet_court_au,,unknown,Mascot Carpet Court
Macksville,carpet_court_au,,unknown,Macksville Carpet Court
Liverpool,carpet_court_au,,unknown,Liverpool Carpet Court
Long Jetty,carpet_court_au,,unknown,The Entrance Carpet Court
Lavington,carpet_court_au,,unknown,Mclellan's Carpet Court
Kogarah,carpet_court_au,,unknown,Carpet Court Kogarah
Kempsey,carpet_court_au,,unknown,Kempsey Carpet Court
Inverell,carpet_court_au,,unknown,Inverell Carpet Court
Hornsby,carpet_court_au,,unknown,JBA Carpet Court
Gunnedah,carpet_court_au,,unknown,Gunnedah Carpet Court
Griffith,carpet_court_au,,unknown,Caesars Carpet Court
Goulburn,carpet_court_au,,unknown,Goulburn Carpet Court
Grafton,carpet_court_au,,unknown,Grafton Carpet Court
Forbes,carpet_court_au,,unknown,Terry Bros. Carpet Court (Forbes)
Five Dock,carpet_court_au,,unknown,Doyles Carpet Court
Erina,carpet_court_au,,unknown,Graham Sharp's Carpet Court
Villawood,carpet_court_au,,unknown,Whites Carpet Court
Taren Point,carpet_court_au,,unknown,Carpet Court Taren Point
East Maitland,carpet_court_au,,unknown,Maitland Carpet Court
Dubbo,carpet_court_au,,unknown,Carpet Court Dubbo
Cowra,carpet_court_au,,unknown,Cowra Carpet Court
Cootamundra,carpet_court_au,,unknown,Terry Bros. Carpet Court (Cootamundra)
Jindabyne,carpet_court_au,,unknown,Carpet Court Jindabyne
Coffs Harbour,carpet_court_au,,unknown,Coffs Harbour Carpet Court
Charmhaven,carpet_court_au,,unknown,Lakehaven Carpet Court
Castle Hill,carpet_court_au,,unknown,Castle Hill Carpet Court
Cessnock,carpet_court_au,,unknown,Cessnock Carpet Court
Casino,carpet_court_au,,unknown,Oaten's Carpet Court
Campbelltown,carpet_court_au,,unknown,Campbelltown Carpet Court
Brookvale,carpet_court_au,,unknown,Brookvale Carpet Court
Bega,carpet_court_au,,unknown,Bega Carpet Court
Bathurst,carpet_court_au,,unknown,Bathurst Carpet Court
Batemans Bay,carpet_court_au,,unknown,Batemans Bay Carpet Court
Bankstown,carpet_court_au,,unknown,Bankstown Carpet Court
Ballina,carpet_court_au,,unknown,Vado's Carpet Court
Tempe,decathlon_au,634-726 Princes Hwy,unknown,Decathlon Tempe
Sydney,decathlon_au,Westfields Miranda Shopping Centre Ground Floor Shop G109 600 The Kingsway Westfield,unknown,Decathlon Miranda
Sydney,decathlon_au,Ground Floor 309-315 George street,unknown,Decathlon Connect George Street
Glebe,decathlon_au,Broadway Shopping Center Level 2 next to H&M Level 2 1 Bay Street,unknown,Decathlon Connect Broadway
Broken Hill,dimmeys_au,,unknown,Broken Hill
Corowa,dimmeys_au,,unknown,Corowa
Lithgow,dimmeys_au,,unknown,Lithgow
Wagga Wagga,dollar_curtains_and_blinds_au,"54 Hammond Avenue Wagga Wagga 2650 NSW
",unknown,dollar curtains + blinds Wagga Wagga
Merimbula,dollar_curtains_and_blinds_au,9 Market Street Merimbula 2548 NSW,unknown,dollar curtains + blinds Merimbula & Bega
Griffith,dollar_curtains_and_blinds_au,62 Benerembah St Griffith 2680 NSW,unknown,dollar curtains + blinds Griffith
Batemans Bay,dollar_curtains_and_blinds_au,21 Princes Highway Batemans Bay 2536 NSW,unknown,dollar curtains + blinds Batemans Bay
Leumeah,doors_plus_au,9/7 Hollylea Rd,unknown,Leumeah – Campbelltown
Albury,fantastic_furniture_au,581 Hume Street Albury New South Wales 2640,unknown,Albury
Alexandria,fantastic_furniture_au,Unit 6 494-504 Gardeners Rd (Cnr O Riordan St) Alexandria New South Wales 2015,unknown,Alexandria
Armidale,fantastic_furniture_au,168 Miller Street Armidale New South Wales 2350,unknown,Armidale
Artarmon,fantastic_furniture_au,Home HQ Artarmon 1 Frederick Street Artarmon New South Wales 2064,unknown,Artarmon
Auburn,fantastic_furniture_au,Primewest Auburn Megamall 265 Parramatta Road Auburn New South Wales 2144,unknown,Auburn
Batemans Bay,fantastic_furniture_au,15-17 Kylie Cresent Batemans Bay New South Wales 2536,unknown,Batemans Bay Collection Point
Kelso,fantastic_furniture_au,Bathurst Supa Centre 240 Sydney Road Kelso New South Wales 2795,unknown,Bathurst
Belrose,fantastic_furniture_au,Belrose Super Centre 4 - 6 Niangala Close Belrose New South Wales 2085,unknown,Belrose
Bennetts Green,fantastic_furniture_au,Corner Pacific Highway & Groves Road Bennetts Green New South Wales 2290,unknown,Bennetts Green
Croydon,fantastic_furniture_au,146-164 Parramatta Road Croydon New South Wales 2132,unknown,Burwood
Campbelltown,fantastic_furniture_au,4 Blaxland Road Campbelltown New South Wales 2560,unknown,Campbelltown
Caringbah,fantastic_furniture_au,Caringbah Homemaker Centre 220 Taren Point Road Caringbah New South Wales 2229,unknown,Caringbah
Castle Hill,fantastic_furniture_au,Hills Homemaker Centre 6 Victoria Avenue Castle Hill New South Wales 2154,unknown,Castle Hill
Chullora,fantastic_furniture_au,62 Hume Highway Chullora New South Wales 2190,unknown,Chullora
Coffs Harbour,fantastic_furniture_au,Park Beach HomeBase 252 Pacific Highway Coffs Harbour New South Wales 2450,unknown,Coffs Harbour
Casula,fantastic_furniture_au,Crossroads Homemaker Centre Corner Beech Road & Camden Valley Way Casula New South Wales 2170,unknown,Crossroads
Dubbo,fantastic_furniture_au,6/8 Hawthorn Street Dubbo New South Wales 2830,unknown,Dubbo
Goulburn	,fantastic_furniture_au,Unit 1 34 Finlay Road Goulburn	 New South Wales 2580,unknown,Goulburn Collection Point
Griffith,fantastic_furniture_au,Griffith Hometown Kidman Way Griffith New South Wales 2680,unknown,Griffith
South Lismore,fantastic_furniture_au,19-33 Cook Street South Lismore New South Wales 2480,unknown,Lismore
Newcastle West,fantastic_furniture_au,978 Hunter Street Newcastle West New South Wales 2302,unknown,Newcastle
South Nowra,fantastic_furniture_au,144 Princes Highway South Nowra New South Wales 2541,unknown,Nowra
Orange,fantastic_furniture_au,Orange Homemaker Centre 168 Lone Pine Avenue Orange New South Wales 2800,unknown,Orange
Penrith,fantastic_furniture_au,Penrith Homemaker Centre 13-23 Pattys Place Penrith New South Wales 2749,unknown,Penrith
Port Macquarie,fantastic_furniture_au,Port Home Zone 160 Hastings River Drive Port Macquarie New South Wales 2444,unknown,Port Macquarie
Prospect,fantastic_furniture_au,Homemaker Prospect 19 Stoddart Road Prospect New South Wales 2148,unknown,Prospect
Rutherford,fantastic_furniture_au,Primewest Rutherford 343 New England Highway Rutherford New South Wales 2320,unknown,Rutherford
Tamworth,fantastic_furniture_au,Tamworth Home Space Centre 425 – 437 Goonoo Goonoo Road Tamworth New South Wales 2340,unknown,Tamworth
Taree,fantastic_furniture_au,59 Muldoon Street Taree New South Wales 2430,unknown,Taree
Tuggerah,fantastic_furniture_au,Tuggerah Super Centre Corner Bryant Drive & Wyong Road Tuggerah New South Wales 2259,unknown,Tuggerah
Wagga Wagga,fantastic_furniture_au,Homebase 7-23 Hammond Avenue Wagga Wagga New South Wales 2650,unknown,Wagga Wagga
Warrawong,fantastic_furniture_au,53 Kemblawarra Road Warrawong New South Wales 2502,unknown,Warrawong
Warwick Farm,fantastic_furniture_au,Hometown Warrick Farm 1-3 Sappho Road Warwick Farm New South Wales 2170,unknown,Warwick Farm
West Gosford,fantastic_furniture_au,Home Consortium 392-398 Manns Road West Gosford New South Wales 2250,unknown,West Gosford
Shellharbour,forever_new,,unknown,Forever New Shellharbour
Campbelltown,forever_new,,unknown,Forever New Macarthur Square
Blacktown,forever_new,,unknown,Forever New Blacktown
Sydney,forever_new,,unknown,Forever New at David Jones Castle Towers
Albury,forty_winks_au,,unknown,Forty Winks Albury
Alexandria,forty_winks_au,,unknown,Forty Winks Alexandria
Armidale,forty_winks_au,,unknown,Forty Winks Armidale
Auburn,forty_winks_au,,unknown,Forty Winks Auburn
Ballina,forty_winks_au,,unknown,Forty Winks Ballina
Bankstown,forty_winks_au,,unknown,Forty Winks Bankstown
Bennetts Green ,forty_winks_au,,unknown,Forty Winks Bennetts Green
Campbelltown,forty_winks_au,,unknown,Forty Winks Campbelltown
Castle Hill,forty_winks_au,,unknown,Forty Winks Castle Hill
Chatswood,forty_winks_au,,unknown,Forty Winks Chatswood
Coffs Harbour,forty_winks_au,,unknown,Forty Winks Coffs Harbour
Crows Nest,forty_winks_au,,unknown,Forty Winks Crows Nest
Dubbo,forty_winks_au,,unknown,Forty Winks Dubbo
Erina  ,forty_winks_au,,unknown,Forty Winks Erina
Forster,forty_winks_au,,unknown,Forty Winks Forster
Grafton,forty_winks_au,,unknown,Forty Winks Grafton
Kotara,forty_winks_au,,unknown,Forty Winks Kotara
Liverpool (Casula) ,forty_winks_au,,unknown,Forty Winks Liverpool
Rutherford,forty_winks_au,,unknown,Forty Winks Maitland
Manly Vale,forty_winks_au,,unknown,Forty Winks Manly Vale
Marsden Park,forty_winks_au,,unknown,Forty Winks Marsden Park
South Nowra,forty_winks_au,,unknown,Forty Winks Nowra
Penrith,forty_winks_au,,unknown,Forty Winks Penrith
Port Macquarie,forty_winks_au,,unknown,Forty Winks Port Macquarie
Tamworth,forty_winks_au,,unknown,Forty Winks Tamworth
Tuggerah,forty_winks_au,,unknown,Forty Winks Tuggerah
Tweed Heads South,forty_winks_au,,unknown,Forty Winks Tweed Heads
Wagga Wagga  ,forty_winks_au,,unknown,Forty Winks Wagga Wagga
Warrawong,forty_winks_au,,unknown,Forty Winks Warrawong
Young,forty_winks_au,,unknown,Forty Winks Young
East Albury,freedom_furniture,,unknown,Freedom - Albury
Alexandria,freedom_furniture,,unknown,Freedom - Alexandria
Artarmon,freedom_furniture,,unknown,Freedom - Artarmon
Auburn,freedom_furniture,,unknown,Freedom - Auburn
Balgowlah,freedom_furniture,,unknown,Freedom - Balgowlah
Belrose,freedom_furniture,,unknown,Freedom - Belrose
Caringbah,freedom_furniture,,unknown,Freedom - Caringbah
Casula,freedom_furniture,,unknown,Freedom - Casula
Kotara,freedom_furniture,,unknown,Freedom - Kotara
Kensington,freedom_furniture,,unknown,Freedom - Moore Park
Jamisontown,freedom_furniture,,unknown,Freedom - Penrith
Warrawong,freedom_furniture,,unknown,Freedom - Warrawong
West Gosford,freedom_furniture,,unknown,Freedom - West Gosford
Castle Hill,freedom_furniture,,unknown,Freedom- Castle Hill
Leichhardt,google_offices,"48 Pirrama Road
Sydney NSW 2009
Australia ",unknown,Sydney
Charlestown,habitania_au,Shop 1077 Level 1 Charlestown square 30 Pearson St,unknown,Habitania Charlestown
Erina,habitania_au,Shop KM005 Erina Fair Terrigal Dr,unknown,Habitania Erina Fair
East Maitland,habitania_au,Shop 1031 Green Hills Shopping Centre 1 Molly Morgan Drive,unknown,Habitania Green Hills
Hornsby,habitania_au,Shop 3060/1 Westfield Hornsby 236 Pacific Hwy,unknown,Habitania Hornsby
Liverpool,habitania_au,Shop 147-148 Westfield Liverpool Macquarie Street,unknown,Habitania Liverpool
Macquarie Park,habitania_au,Macquarie Centre BG 1 L 3 Shop 3314,unknown,Habitania Macquarie
Miranda,habitania_au,Shop 1183 Westfield Miranda 600 Kingsway,unknown,Habitania Miranda
Narellan,habitania_au,Shop T207-208 Narellan Town Centre 326 Camden Valley Way,unknown,Habitania Narellan
Penrith,habitania_au,Shop 118 Westfield Penrith 585 High Street,unknown,Habitania Penrith
Rouse Hill,habitania_au,Shop GR024A Rouse Hill Town Centre Cnr Windsor Road & White Hart Drive,unknown,Habitania Rouse Hill
Tuggerah,habitania_au,Shop 2042/3 Westfield Tuggerah 50 Wyong Rd,unknown,Habitania Tuggerah
Brookvale,habitania_au,Shop 2107 Westfield Warringah Mall Cnr Condamine Street & Old Pittwater Road,unknown,Habitania Warringah Mall
Albury,hairhouse_au,,unknown,Hairhouse Albury
Queanbeyan,hairhouse_au,,unknown,Hairhouse Riverside Plaza
Penrith,hairhouse_au,,unknown,Hairhouse Penrith
Mount Druitt,hairhouse_au,,unknown,Hairhouse Mount Druitt
Rouse Hill,hairhouse_au,,unknown,Hairhouse Rouse Hill
Blacktown,hairhouse_au,,unknown,Hairhouse Blacktown
Narellan,hairhouse_au,,unknown,Hairhouse Narellan
vWetherill Park,hairhouse_au,,unknown,Hairhouse Wetherill Park
Castle Hill,hairhouse_au,,unknown,Hairhouse Castle Towers
Campbelltown,hairhouse_au,,unknown,Hairhouse Macarthur Square
Liverpool,hairhouse_au,,unknown,Hairhouse Liverpool
Merrylands,hairhouse_au,,unknown,Hairhouse Merrylands
Parramatta,hairhouse_au,,unknown,Hairhouse Parramatta
Hornsby,hairhouse_au,,unknown,Hairhouse Hornsby
Lidcombe,hairhouse_au,,unknown,Hairhouse Lidcombe
Bankstown,hairhouse_au,,unknown,Hairhouse Bankstown
Tuggerah,hairhouse_au,,unknown,Hairhouse Tuggerah
Ryde,hairhouse_au,,unknown,Hairhouse Top Ryde
Burwood,hairhouse_au,,unknown,Hairhouse Burwood
Erina,hairhouse_au,,unknown,Hairhouse Erina Fair
Chatswood,hairhouse_au,,unknown,Hairhouse Chatswood
Miranda,hairhouse_au,,unknown,Hairhouse Miranda
Figtree,hairhouse_au,,unknown,Hairhouse Figtree
Wollongong,hairhouse_au,,unknown,Hairhouse Wollongong
Shellharbour,hairhouse_au,,unknown,Hairhouse Shellharbour
Sydney,hm,,unknown,Narellan Town Centre
Wollongong,hm,,unknown,Wollongong Central
Newcastle,hm,,unknown,Westfield Tuggerah
Penrith Municipality,hooters,261 Mulgoa Road Penrith Australia,unknown,Hooters
Warringah,ich_tanke_strom,90B Delmar Parade  Dee 2099 Why NSW,unknown,unknown
City of Sydney,jll,,unknown,The Quantum Terminal
Goulburn,kaisercraft_au,217 Auburn Street,unknown,Kaisercraft Goulburn
Lavington,kaisercraft_au,Lavington Square Shopping Centre,unknown,Kaisercraft Lavington
Leeton,kaisercraft_au,2 Acacia Ave,unknown,Kaisercraft Leeton
Lithgow,kaisercraft_au,Lithgow & Bent Streets,unknown,Kaisercraft Lithgow
Scone,kaisercraft_au,211-233 Kelly Street,unknown,Kaisercraft Scone
Alexandria,mercedes_benz,,unknown,LSH AUTO (SYDNEY) PTY LTD
Rushcutters Bay,mercedes_benz,,unknown,Sandersons Eastern Suburbs Pty Limited as trustee for Sanderson Family Trust
Wagga Wagga,mercedes_benz,,unknown,Wagga Motors Pty Limited as trustee for Wagga Motors Unit Trust
Pambula,mercedes_benz,,unknown,Southern Trucks Pambula Pty Ltd
North Wollongong,mercedes_benz,,unknown,Wollongong City Motors Pty Ltd
Cessnock,mercedes_benz,,unknown,Cessnock Automotive Sales Pty Limited
Taree,mercedes_benz,,unknown,Patrick Auto Group Pty Ltd
Beresfield,mercedes_benz,,unknown,VVG Services NSW Pty Ltd
Mona Vale,mercedes_benz,,unknown,MAG G Brothers Motor Group Pty Limited
Lismore,mercedes_benz,,unknown,MB Lismore Pty Ltd as trustee for Advanced Automotive Solutions Trust
Artarmon,mercedes_benz,,unknown,North Shore Automotive Pty Ltd
North Parramatta,mercedes_benz,,unknown,Parramatta Smash Repairs Pty Ltd
Five Dock,mercedes_benz,,unknown,PRESTIGE REPAIR WORKS PTY LTD
Caringbah,mercedes_benz,,unknown,MIRANDA AUTOBODY PTY LTD
Granville,mercedes_benz,,unknown,Grand Motors Group NSW Pty Ltd as trustee for Grand Motors Group Sydney Unit Trust
North Gosford,mercedes_benz,,unknown,CCMG Pty Ltd as trustee for CCMG Unit Trust
Miranda,mercedes_benz,,unknown,Tynan Motors Pty Ltd
Waitara,mercedes_benz,,unknown,New Centenary Mercedes-Benz Pty Limited
Albury,mercedes_benz,,unknown,Baker Motors Pty. Ltd. as trustee for Convair Motors Unit Trust
Gosford,mercedes_benz,,unknown,CCMG Pty Ltd as trustee for CCMG Unit Trust
Bennetts Green,mercedes_benz,,unknown,Cessnock Automotive Sales Pty Limited
Coffs Harbour,mercedes_benz,,unknown,Mike Blewitt Pty Ltd as trustee for Mike Blewitt Unit Trust
Dubbo,mercedes_benz,,unknown,PT Western Plains Pty Limited
Castle Hill,mercedes_benz,,unknown,Grand Motors Group NSW Pty Ltd as trustee for Grand Motors Group Sydney Unit Trust
Tamworth,mercedes_benz,,unknown,Woodley Motor Group Pty Ltd
Campbelltown,mercedes_benz,,unknown,Peter Warren Automotive Pty Ltd
Warwick Farm,mercedes_benz,,unknown,Peter Warren Automotive Pty Ltd
Port Macquarie,mercedes_benz,,unknown,Andrew Miedecke Motors Pty Ltd
Orange,mercedes_benz,,unknown,Orange Dealership Pty Ltd ATF Orange Dealership Unit Trust
Chatswood,mercedes_benz,,unknown,North Shore Automotive Pty Ltd
Mosman,mercedes_benz,,unknown,North Shore Automotive Pty Ltd
City of Sydney,meta,,unknown,Meta
BONDI JUNCTION,mitre_10_au,,unknown,BONDI JUNCTION - Sunlite Mitre 10
BOMADERRY,mitre_10_au,,unknown,BOMADERRY - Bomaderry Mitre 10
BLAXLAND,mitre_10_au,,unknown,BLAXLAND - Blaxland Home Hardware
BLACKHEATH,mitre_10_au,,unknown,BLACKHEATH - Blackheath Mitre 10
BINGARA,mitre_10_au,,unknown,BINGARA - H. Fay & Sons True Value Hardware
BERMAGUI,mitre_10_au,,unknown,BERMAGUI - Neilsons Mitre 10
YAMBA,mitre_10_au,,unknown,YAMBA - Yamba Mitre 10
WOOLGOOLGA,mitre_10_au,,unknown,WOOLGOOLGA - Woolgoolga Mitre 10
WOODENBONG,mitre_10_au,,unknown,WOODENBONG - Taylor's Mitre 10
WINDSOR,mitre_10_au,,unknown,WINDSOR - King's Mitre 10
WEST GOSFORD,mitre_10_au,,unknown,WEST GOSFORD - Hudson Mitre 10 Trade Centre
WEE WAA,mitre_10_au,,unknown,WEE WAA - Wee Waa Mitre 10
WAUCHOPE,mitre_10_au,,unknown,WAUCHOPE - Hastings Co Operative Mitre 10
WARNERS BAY,mitre_10_au,,unknown,WARNERS BAY - Beveridge's Mitre 10
WARIALDA,mitre_10_au,,unknown,WARIALDA - Warialda Mitre 10
WALGETT,mitre_10_au,,unknown,WALGETT - Walgett Home Timber & Hardware
WAGGA WAGGA,mitre_10_au,,unknown,WAGGA WAGGA - Hudson Mitre 10 Trade Centre
ULLADULLA,mitre_10_au,,unknown,ULLADULLA - Ulladulla Mitre 10
TUMUT,mitre_10_au,,unknown,TUMUT - McDougall & Cruise Mitre 10
TUMBARUMBA,mitre_10_au,,unknown,TUMBARUMBA - Hammond's Mitre 10
TRUNDLE,mitre_10_au,,unknown,TRUNDLE - Trundle True Value Hardware
TOWNSEND,mitre_10_au,,unknown,TOWNSEND - Townsend Mitre 10 Trade Centre
TORONTO,mitre_10_au,,unknown,TORONTO - Lake Mitre 10
TENTERFIELD,mitre_10_au,,unknown,TENTERFIELD - Jock Ross Mitre 10
SYDNEY,mitre_10_au,,unknown,SYDNEY - Sunlite Mitre 10 (Pitt Street)
SINGLETON,mitre_10_au,,unknown,SINGLETON - Eatons Mitre 10
SCONE,mitre_10_au,,unknown,SCONE - Scone Mitre 10
RUTHERFORD,mitre_10_au,,unknown,RUTHERFORD - Hudson Mitre 10 Trade Centre
ROUSE HILL,mitre_10_au,,unknown,ROUSE HILL - Hudson Mitre 10 Trade Centre
QUIRINDI,mitre_10_au,,unknown,QUIRINDI - Quirindi Mitre 10
QUEANBEYAN EAST,mitre_10_au,,unknown,QUEANBEYAN EAST - Hudson Mitre 10
PORT MACQUARIE,mitre_10_au,,unknown,PORT MACQUARIE - Petrie's Mitre 10
PICTON,mitre_10_au,,unknown,PICTON - Picton Mitre 10
PENRITH,mitre_10_au,,unknown,PENRITH - Hudson Mitre 10 Trade Centre
PENDLE HILL,mitre_10_au,,unknown,PENDLE HILL - Harper Timber Mitre 10 Trade Centre
PEAKHURST,mitre_10_au,,unknown,PEAKHURST - Peakhurst Mitre 10
PAMBULA,mitre_10_au,,unknown,PAMBULA - Pambula Mitre 10
PADDINGTON,mitre_10_au,,unknown,PADDINGTON - Sunlite Mitre 10
OURIMBAH,mitre_10_au,,unknown,OURIMBAH - Eatons Mitre 10
ORANGE,mitre_10_au,,unknown,ORANGE - Petrie's Mitre 10 Trade Centre
OBERON,mitre_10_au,,unknown,OBERON - Mawhood's Mitre 10
NORTH RICHMOND,mitre_10_au,,unknown,NORTH RICHMOND - King's Mitre 10
NEWTOWN,mitre_10_au,,unknown,NEWTOWN - Sunlite Mitre 10
NARRANDERA,mitre_10_au,,unknown,NARRANDERA - Gunns Mitre 10
NAROOMA,mitre_10_au,,unknown,NAROOMA - Narooma Mitre 10
MUSWELLBROOK,mitre_10_au,,unknown,MUSWELLBROOK - Lavis Mitre 10
MURWILLUMBAH,mitre_10_au,,unknown,MURWILLUMBAH - Budds Mitre 10
MULLUMBIMBY,mitre_10_au,,unknown,MULLUMBIMBY - James Hardware & Electrical Mitre 10
MUDGEE,mitre_10_au,,unknown,MUDGEE - Petrie's Mitre 10
MOSS VALE,mitre_10_au,,unknown,MOSS VALE - Gubbins Pulbrook Mitre 10
MOSMAN,mitre_10_au,,unknown,MOSMAN - Sunlite Mitre 10
MORUYA,mitre_10_au,,unknown,MORUYA - Moruya Mitre 10
MOREE,mitre_10_au,,unknown,MOREE - Moree Mitre 10
MONA VALE,mitre_10_au,,unknown,MONA VALE - Johnson Bros Mitre 10
MITTAGONG,mitre_10_au,,unknown,MITTAGONG - Gubbins Pulbrook Mitre 10
MIRANDA,mitre_10_au,,unknown,MIRANDA - Khouri's Home Timber & Hardware
MILTON,mitre_10_au,,unknown,MILTON - Gubbins Pulbrook Mitre 10
MERIMBULA,mitre_10_au,,unknown,MERIMBULA - Merimbula Mitre 10
MATRAVILLE,mitre_10_au,,unknown,MATRAVILLE - Hudson Mitre 10 Trade Centre
MARRICKVILLE,mitre_10_au,,unknown,MARRICKVILLE - Marrickville Mitre 10
MACLEAN,mitre_10_au,,unknown,MACLEAN - Maclean Mitre 10
MACKSVILLE,mitre_10_au,,unknown,MACKSVILLE - Macksville Mitre 10
LIVERPOOL,mitre_10_au,,unknown,LIVERPOOL - Liverpool Mitre 10
LIGHTNING RIDGE,mitre_10_au,,unknown,LIGHTNING RIDGE - Mr Cheap Home Hardware
LEUMEAH,mitre_10_au,,unknown,LEUMEAH - Hudson Mitre 10 Trade Centre
LEETON,mitre_10_au,,unknown,LEETON - Leeton Mitre 10
KYOGLE,mitre_10_au,,unknown,KYOGLE - Harley & Co Mitre 10
KURRI KURRI,mitre_10_au,,unknown,KURRI KURRI - Kurri Kurri Mitre 10
KOOTINGAL,mitre_10_au,,unknown,KOOTINGAL - Kootingal True Value Hardware
KIRRAWEE,mitre_10_au,,unknown,KIRRAWEE - Hudson Mitre 10 Trade Centre
KINCUMBER,mitre_10_au,,unknown,KINCUMBER - Kincumber Mitre 10
KEMPS CREEK,mitre_10_au,,unknown,KEMPS CREEK - Builders Trade Centre Mitre 10
KATOOMBA,mitre_10_au,,unknown,KATOOMBA - Katoomba Mitre 10
JUNEE,mitre_10_au,,unknown,JUNEE - J J S Glass & Co True Value Hardware
JINDABYNE,mitre_10_au,,unknown,JINDABYNE - Jindabyne Mitre 10
HOLBROOK,mitre_10_au,,unknown,HOLBROOK - Holbrook Mitre 10
GUNNEDAH,mitre_10_au,,unknown,GUNNEDAH - Petrie's Mitre 10
GUNDAGAI,mitre_10_au,,unknown,GUNDAGAI - Gundagai Mitre 10
GOULBURN,mitre_10_au,,unknown,GOULBURN - Goulburn Mitre 10
GLENDALE,mitre_10_au,,unknown,GLENDALE - Hudson Mitre 10 Trade Centre
GLEN INNES,mitre_10_au,,unknown,GLEN INNES - Hick's Mitre 10
GILGANDRA,mitre_10_au,,unknown,GILGANDRA - Gilgandra Mitre 10
FORESTVILLE,mitre_10_au,,unknown,FORESTVILLE - Eaton's Mitre 10
FORBES,mitre_10_au,,unknown,FORBES - Acheson’s Mitre 10
EDEN,mitre_10_au,,unknown,EDEN - Eden Mitre 10
EBENEZER,mitre_10_au,,unknown,EBENEZER - King's Mitre 10
DUBBO,mitre_10_au,,unknown,DUBBO - Petrie's Mitre 10
DENILIQUIN,mitre_10_au,,unknown,DENILIQUIN - Dahlsens Mitre 10
COOTAMUNDRA,mitre_10_au,,unknown,COOTAMUNDRA - Mitchell's Mitre 10
COORANBONG,mitre_10_au,,unknown,COORANBONG - Eaton's True Value Hardware
COONAMBLE,mitre_10_au,,unknown,COONAMBLE - Cant Bros. Home Timber & Hardware
COONABARABRAN,mitre_10_au,,unknown,COONABARABRAN - Roach's Home Timber & Hardware
COOMA,mitre_10_au,,unknown,COOMA - Cooma Mitre 10
CONDOBOLIN,mitre_10_au,,unknown,CONDOBOLIN - Vane Tempest Bros Mitre 10
COFFS HARBOUR,mitre_10_au,,unknown,COFFS HARBOUR - Petrie's Mitre 10
CESSNOCK,mitre_10_au,,unknown,CESSNOCK - Eatons Mitre 10
CENTRAL MANGROVE,mitre_10_au,,unknown,CENTRAL MANGROVE - Mangrove True Value Hardware
CAMDEN,mitre_10_au,,unknown,CAMDEN - Camden Mitre 10
BROOKVALE,mitre_10_au,,unknown,BROOKVALE - Hudson Mitre 10 Trade Centre
BROKEN HILL,mitre_10_au,,unknown,BROKEN HILL - Adkin's True Value Hardware
BRAIDWOOD,mitre_10_au,,unknown,BRAIDWOOD - Braidwood Rural Mitre 10
BOURKE,mitre_10_au,,unknown,BOURKE - Bourke Home Timber & Hardware
BEGA,mitre_10_au,,unknown,BEGA - Bega Mitre 10
BATHURST,mitre_10_au,,unknown,BATHURST - Petrie's Mitre 10
BARHAM,mitre_10_au,,unknown,BARHAM - Barham Mitre 10
AVALON BEACH,mitre_10_au,,unknown,AVALON BEACH - Johnson Bros Mitre 10
ANNANDALE,mitre_10_au,,unknown,ANNANDALE - Booth & Taylor Mitre 10
Sydney,mr_liquor_au,354 Bay Street,unknown,Mr Liquor Brighton Le Sands
Sydney,mr_liquor_au,Shop E7 Jetty Number 3 Circular Quay,unknown,Mr Liquor Circular Quay
Sydney,mr_liquor_au,197 William Street Earlwood 2206,unknown,Mr Liquor Clemton Park
Sydney,mr_liquor_au,158 Malabar Road Coogee South,unknown,Mr Liquor Coogee South
Sydney,mr_liquor_au,17 The Kingsway Cronulla,unknown,Mr Liquor Cronulla
Sydney,mr_liquor_au,180 Lyons Road Drummoyne,unknown,Mr Liquor Drummoyne
Sydney,mr_liquor_au,Shop 4 161 Rowe St Eastwood,unknown,Mr Liquor Eastwood
Sydney,mr_liquor_au,57 Darlinghurst Road Kings Cross,unknown,Mr Liquor Kings Cross
Miranda,mr_liquor_au,570 The Kingsway Miranda NSW 2228 Westfield Miranda Level 2 Shop 2083-2084 ,unknown,Mr Liquor Miranda
Sydney,mr_liquor_au,Westfield Parramatta Level - Ground Floor Shop 1161 175 Church Street Parramatta ,unknown,Mr Liquor Parramatta
Sydney,mr_liquor_au,204 Victoria Street Potts Point,unknown,Mr Liquor Potts Point
Sydney,mr_liquor_au,213 Ramsgate Road Ramsgate,unknown,Mr Liquor Ramsgate
Sydney,mr_liquor_au,14 King Street Rockdale,unknown,Mr Liquor Rockdale
Ramsgate,mr_liquor_au,Shop 1 87 Ramsgate Road Ramsgate NSW 2217,unknown,Mr Liquor Sans Souci
Alexandria,national_tiles_au,,unknown,Alexandria 
Artarmon,national_tiles_au,,unknown,Artarmon
Bankstown,national_tiles_au,,unknown,Bankstown
Coffs Harbour ,national_tiles_au,,unknown,Coffs Harbour
Wagga Wagga,national_tiles_au,,unknown,Wagga Wagga
Warners Bay,national_tiles_au,,unknown,Warners Bay
Casino,night_owl_au,37 Johnston Street Casino New South Wales 2470 Australia,unknown,NightOwl Caltex Casino
Drummoyne,nike,,unknown,Nike Factory Store - Birkenhead Point
Homebush,nike,,unknown,Nike Factory Store - Homebush
Wollongong,nike,,unknown,Nike Wollongong
Castle Hill,nike,,unknown,Nike Castle Towers
Charlestown,nike,,unknown,Nike Charlestown
North Ryde,nike,,unknown,Nike Macquarie Centre
Neutral Bay,nike,,unknown,Nike Neutral Bay
Sydney,nike,,unknown,Nike Pitt Street
Campbelltown,nike,,unknown,Nike Macarthur Square
Brookvale,nike,,unknown,Nike Warringah Mall
Parramatta,nike,,unknown,Nike Parramatta
Chatswood,nike,,unknown,Nike Chatswood
Wetherill Park,novo_au,,unknown,Novo Wetherill Park
Blacktown,novo_au,,unknown,Novo West point
Ryde,novo_au,,unknown,Novo Top Ryde
Shell Harbor,novo_au,,unknown,Novo Shell Harbour
Penrith,novo_au,,unknown,Novo Penrith
Parramatta,novo_au,,unknown,Novo Parramatta
Mt Druitt,novo_au,,unknown,Novo Mt Druitt
Miranda,novo_au,,unknown,Novo Miranda
Merrylands,novo_au,,unknown,Novo Merrylands
North Ryde,novo_au,,unknown,Novo Macquarie
Liverpool,novo_au,,unknown,Novo Liverpool
Hornsby,novo_au,,unknown,Novo Hornsby
East Maitland,novo_au,,unknown,Novo Green Hills
Erina,novo_au,,unknown,Novo Erina
Castle Hill,novo_au,,unknown,Novo Castle Towers
Burwood,novo_au,,unknown,Novo Burwood
Albury,novo_au,,unknown,Novo Albury
North Sydney,novo_au,,unknown,NOVO Greenwood
Haymarket,novo_au,,unknown,Novo Market City
Hurtsville,novo_au,,unknown,Novo Hurstville
Sydney,novo_au,,unknown,Novo George St
Campbelltown,novo_au,,unknown,Novo Macarthur
Bankstown,novo_au,,unknown,Novo Bankstown
Mosman,orangetheory_fitness,,unknown,"Mosman, NSW"
Broken Hill,otr_au,,unknown,OTR Broken Hill South
Prestons,otr_au,,unknown,OTR Prestons
Lane Cove,otr_au,,unknown,OTR Lane Cove
BOOLAROO,otr_au,,unknown,OTR Boolaroo
HAMILTON,otr_au,,unknown,OTR Hamilton Tudor Street
Katoomba,paddy_pallin_au,190 Katoomba St Katoomba Gundungurra Country NSW 2780,unknown,Katoomba
Seven Hills,paddy_pallin_au,109 Station Road Seven Hills Darug Country NSW 2147,unknown,Seven Hills - Collection Only
Sydney,paddy_pallin_au,507 Kent St Sydney Gadigal Country NSW 2000,unknown,Sydney CBD
Leichhardt,rationale,343 Darling Street Balmain NSW 2041,unknown,RATIONALE Flagship Balmain
City of Sydney,rationale,Ground Floor 86-108 Castlereagh Street Sydney NSW 2000,unknown,RATIONALE Flagship David Jones Sydney
Mosman,rationale,627 Military Rd Mosman NSW 2088,unknown,RATIONALE Flagship Mosman
Woollahra,rationale,Shop 2/83-85 Queen St Woollahra NSW 2025,unknown,RATIONALE Flagship Woollahra
Broken Hill,ray_white_au_nz,,unknown,Ray White Rural Broken Hill
Hay,ray_white_au_nz,,unknown,Ray White Rural Hay Plains
Griffith,ray_white_au_nz,,unknown,Ray White Griffith
Condobolin,ray_white_au_nz,,unknown,Ray White Rural Condobolin
Deniliquin,ray_white_au_nz,,unknown,Ray White Wheatley Hall & Thomson
Moree,ray_white_au_nz,,unknown,Ray White Rural Moree
Dubbo,ray_white_au_nz,,unknown,Ray White Rural Dubbo
Coonabarabran,ray_white_au_nz,,unknown,Ray White Rural Coonabarabran
Parkes,ray_white_au_nz,,unknown,Ray White Parkes | Forbes | Condobolin | West Wyalong
Forbes,ray_white_au_nz,,unknown,Ray White Rural Forbes
Coolamon,ray_white_au_nz,,unknown,Ray White Coolamon
Bingara,ray_white_au_nz,,unknown,Ray White Rural Bingara
Corowa,ray_white_au_nz,,unknown,Ray White Corowa
Junee,ray_white_au_nz,,unknown,Ray White Junee
Wagga Wagga,ray_white_au_nz,,unknown,Ray White Wagga Wagga
Gunnedah,ray_white_au_nz,,unknown,Ray White Rural Gunnedah
Young,ray_white_au_nz,,unknown,Ray White Young
Orange,ray_white_au_nz,,unknown,Ray White Townsend Real Estate | Ray White Molong Real Estate
Mudgee,ray_white_au_nz,,unknown,Ray White Mudgee
Lavington,ray_white_au_nz,,unknown,Ray White Albury North
Harden,ray_white_au_nz,,unknown,Ray White Rural Harden
Inverell,ray_white_au_nz,,unknown,Ray White Rural Inverell
ALBURY,ray_white_au_nz,,unknown,Ray White Rural Albury
Holbrook,ray_white_au_nz,,unknown,Ray White Rural Holbrook
Gundagai,ray_white_au_nz,,unknown,Ray White Gundagai
Quirindi,ray_white_au_nz,,unknown,Ray White Rural Quirindi
Tamworth,ray_white_au_nz,,unknown,Ray White Tamworth
TUMUT,ray_white_au_nz,,unknown,Ray White Tumut
Glen Innes,ray_white_au_nz,,unknown,Ray White Rural Glen Innes
Yass,ray_white_au_nz,,unknown,Ray White Rural Canberra / Yass
Tenterfield,ray_white_au_nz,,unknown,Ray White Tenterfield
GUYRA,ray_white_au_nz,,unknown,Ray White Rural Guyra/Armidale
Scone,ray_white_au_nz,,unknown,Ray White Rural Scone
Armidale,ray_white_au_nz,,unknown,Ray White Armidale
Lithgow,ray_white_au_nz,,unknown,Ray White Lithgow
Blackheath,ray_white_au_nz,,unknown,Ray White Upper Blue Mountains
Katoomba,ray_white_au_nz,,unknown,Ray White Katoomba
Capeen Creek,ray_white_au_nz,,unknown,Ray White Gibbon Property Partners
Goulburn,ray_white_au_nz,,unknown,Ray White Goulburn
Queanbeyan,ray_white_au_nz,,unknown,Ray White Queanbeyan
Singleton,ray_white_au_nz,,unknown,Ray White Rural Singleton
Kurrajong,ray_white_au_nz,,unknown,Ray White Kurrajong
Bungendore,ray_white_au_nz,,unknown,Ray White Bungendore
North Richmond,ray_white_au_nz,,unknown,Ray White North Richmond
Richmond,ray_white_au_nz,,unknown,Ray White Richmond
Emu Plains,ray_white_au_nz,,unknown,Ray White Emu Plains
Penrith,ray_white_au_nz,,unknown,Ray White Nepean Group
Glenmore Park,ray_white_au_nz,,unknown,Ray White Glenmore Park
Jordan Springs,ray_white_au_nz,,unknown,Ray White Jordan Springs
Werrington County,ray_white_au_nz,,unknown,Ray White Nepean Group - PM Division
St Marys,ray_white_au_nz,,unknown,Ray White Diamantidis Group
Cessnock,ray_white_au_nz,,unknown,Ray White Cessnock
Riverstone,ray_white_au_nz,,unknown,Ray White Nolan & Iken
Marsden Park,ray_white_au_nz,,unknown,Ray White Colebee
Mount Druitt,ray_white_au_nz,,unknown,Ray White Mt Druitt
Rooty Hill,ray_white_au_nz,,unknown,Ray White Rooty Hill - Diamantidis Group
Rouse Hill,ray_white_au_nz,,unknown,Ray White Rouse Hill | Box Hill
Quakers Hill,ray_white_au_nz,,unknown,Ray White Quakers Hill - Tesolin Group
Picton,ray_white_au_nz,,unknown,Ray White Picton
Kellyville Ridge,ray_white_au_nz,,unknown,Ray White Kellyville Ridge
Stanhope Gardens,ray_white_au_nz,,unknown,Ray White Stanhope Gardens
Bowral,ray_white_au_nz,,unknown,Ray White Bowral
Moss Vale,ray_white_au_nz,,unknown,Ray White Moss Vale
Blacktown,ray_white_au_nz,,unknown,Ray White St Martins
Mittagong,ray_white_au_nz,,unknown,Ray White Mittagong
Bella Vista,ray_white_au_nz,,unknown,Ray White Norwest
Seven Hills,ray_white_au_nz,,unknown,Ray White Seven Hills - The Drane Group
Casino,ray_white_au_nz,,unknown,Ray White Rural Casino
Willowdale,ray_white_au_nz,,unknown,Ray White Willowdale
NORWEST,ray_white_au_nz,,unknown,Ray White TNG-Glenwood
Wetherill Park,ray_white_au_nz,,unknown,Ray White Wetherill Park
Hoxton Park,ray_white_au_nz,,unknown,Ray White Carnes Hill
Hinchinbrook,ray_white_au_nz,,unknown,Ray White Green Valley
Dungog,ray_white_au_nz,,unknown,Ray White Rural Lifestyle Sydney
Dural,ray_white_au_nz,,unknown,Ray White Dural
Castle Hill,ray_white_au_nz,,unknown,Ray White Castle Hill
East Maitland,ray_white_au_nz,,unknown,Ray White Maitland
Baulkham Hills,ray_white_au_nz,,unknown,Ray White Baulkham Hills
Canley Heights,ray_white_au_nz,,unknown,Ray White Canley Heights
Northmead,ray_white_au_nz,,unknown,Ray White Northmead
Campbelltown,ray_white_au_nz,,unknown,Ray White Macarthur Group
Westmead,ray_white_au_nz,,unknown,Ray White Pat Fraser - Westmead
Ingleburn,ray_white_au_nz,,unknown,Ray White Ingleburn
Liverpool,ray_white_au_nz,,unknown,Ray White Liverpool
Braidwood,ray_white_au_nz,,unknown,Ray White Braidwood
Parramatta,ray_white_au_nz,,unknown,Ray White Parramatta
Merrylands,ray_white_au_nz,,unknown,Ray White Merrylands
Oatlands,ray_white_au_nz,,unknown,Ray White Oatlands
Dorrigo,ray_white_au_nz,,unknown,Ray White Rural Dorrigo
Cooma,ray_white_au_nz,,unknown,Ray White Cooma
Pennant Hills,ray_white_au_nz,,unknown,Ray White Pennant Hills
Grafton,ray_white_au_nz,,unknown,Ray White TKG
Hornsby,ray_white_au_nz,,unknown,Ray White Hornsby
Carlingford,ray_white_au_nz,,unknown,Ray White Carlingford
Ermington,ray_white_au_nz,,unknown,Ray White Ermington
Epping,ray_white_au_nz,,unknown,Ray White Epping NSW
Auburn,ray_white_au_nz,,unknown,Ray White Auburn
Morisset,ray_white_au_nz,,unknown,Ray White Morisset | Lake Macquarie 
Eastwood,ray_white_au_nz,,unknown,Ray White Eastwood
Berala,ray_white_au_nz,,unknown,Ray White La Malfa Group
Lidcombe,ray_white_au_nz,,unknown,Ray White Lidcombe
Turramurra,ray_white_au_nz,,unknown,Ray White Upper North Shore
Wentworth Point,ray_white_au_nz,,unknown,Ray White Wentworth Point
Edgeworth,ray_white_au_nz,,unknown,Ray White North Lake Macquarie
Macquarie Park,ray_white_au_nz,,unknown,Ray White Macquarie Park
Meadowbank,ray_white_au_nz,,unknown,Ray White Meadowbank
Bankstown,ray_white_au_nz,,unknown,Ray White Bankstown
Rhodes,ray_white_au_nz,,unknown,Ray White Rhodes
Point Clare,ray_white_au_nz,,unknown,Ray White Macdonald Partners
Ryde,ray_white_au_nz,,unknown,Ray White Ryde
Wyong,ray_white_au_nz,,unknown,Ray White Coast Edge
North Ryde,ray_white_au_nz,,unknown,Ray White North Ryde | Macquarie Park
Toronto,ray_white_au_nz,,unknown,Ray White Toronto | Lake Macquarie
Raymond Terrace,ray_white_au_nz,,unknown,Ray White Raymond Terrace I Medowie
Punchbowl,ray_white_au_nz,,unknown,Ray White Punchbowl
Umina Beach,ray_white_au_nz,,unknown,Ray White Umina Beach
Gladesville,ray_white_au_nz,,unknown,Ray White Hunters Hill
Riverwood,ray_white_au_nz,,unknown,Ray White Riverwood
Lakemba,ray_white_au_nz,,unknown,Ray White AusBan
Saratoga,ray_white_au_nz,,unknown,RPG
Warners Bay,ray_white_au_nz,,unknown,Ray White Warners Bay
Menai,ray_white_au_nz,,unknown,Ray White Sutherland Shire - Menai
Lismore,ray_white_au_nz,,unknown,Ray White Lismore
Berkeley Vale,ray_white_au_nz,,unknown,Ray White Berkeley Vale
Murwillumbah,ray_white_au_nz,,unknown,Ray White Rural Murwillumbah
Belmore,ray_white_au_nz,,unknown,Ray White Belmore
Empire Bay,ray_white_au_nz,,unknown,Ray White Empire Bay
Beverly Hills,ray_white_au_nz,,unknown,Ray White Beverly Hills
Chatswood,ray_white_au_nz,,unknown,Ray White AY Realty Chatswood
Ashfield,ray_white_au_nz,,unknown,Ray White Ashfield
Gorokan,ray_white_au_nz,,unknown,Ray White Thompson Partners
Drummoyne,ray_white_au_nz,,unknown,Ray White Drummoyne
Engadine,ray_white_au_nz,,unknown,Ray White Sutherland Shire-Engadine
Killcare,ray_white_au_nz,,unknown,Ray White Killcare Peninsula
Canterbury,ray_white_au_nz,,unknown,Ray White Canterbury
Kingsgrove,ray_white_au_nz,,unknown,Ray White Kingsgrove
PALM BEACH,ray_white_au_nz,,unknown,Ray White Rural (Estates and Vineyards)
Palm Beach,ray_white_au_nz,,unknown,Ray White Prestige (Palm Beach)
Bensville,ray_white_au_nz,,unknown,Ray White Bensville & Empire Bay
Summer Hill,ray_white_au_nz,,unknown,Ray White Summer Hill
Oatley,ray_white_au_nz,,unknown,Ray White Georges River | St George | Oatley
Killarney Heights,ray_white_au_nz,,unknown,Ray White Killarney Heights
Willoughby,ray_white_au_nz,,unknown,Ray White Willoughby
Belmont,ray_white_au_nz,,unknown,Ray White East Lake Macquarie - Belmont
Rozelle,ray_white_au_nz,,unknown,Ray White Rozelle
Budgewoi,ray_white_au_nz,,unknown,Ray White Thompson Partners-Budgewoi
Swansea,ray_white_au_nz,,unknown,Ray White East Lake Macquarie - Swansea
Dulwich Hill,ray_white_au_nz,,unknown,Ray White Dulwich Hill
Hurstville,ray_white_au_nz,,unknown,Ray White Hurstville
Long Jetty,ray_white_au_nz,,unknown,Ray White Long Jetty
Crows Nest,ray_white_au_nz,,unknown,Ray White Crows Nest
Kirrawee,ray_white_au_nz,,unknown,Ray White Sutherland Shire - Kirrawee
Stanmore,ray_white_au_nz,,unknown,Ray White Annandale
Cammeray,ray_white_au_nz,,unknown,Ray White Cammeray
Mona Vale,ray_white_au_nz,,unknown,Ray White Pittwater Property
Sylvania,ray_white_au_nz,,unknown,Ray White Sutherland Shire - Sylvania
Helensburgh,ray_white_au_nz,,unknown,Ray White Helensburgh
Arncliffe,ray_white_au_nz,,unknown,Ray White Wolli Creek
Rockdale,ray_white_au_nz,,unknown,Ray White Rockdale
Pyrmont,ray_white_au_nz,,unknown,Ray White Pyrmont
Newtown,ray_white_au_nz,,unknown,Ray White IW Group
Narrabeen,ray_white_au_nz,,unknown,Ray White Narrabeen
Erskineville,ray_white_au_nz,,unknown,Ray White Erskineville
Mosman,ray_white_au_nz,,unknown,Ray White Lower North Shore Group
Sydney,ray_white_au_nz,,unknown,Ray White City South
Newcastle,ray_white_au_nz,,unknown,Ray White Newcastle Lake Macquarie
SYDNEY,ray_white_au_nz,,unknown,Ray White Central Coast NSW
Medowie,ray_white_au_nz,,unknown,Ray White Medowie
Brighton-Le-Sands,ray_white_au_nz,,unknown,Brighton-Le-Sands
Dapto,ray_white_au_nz,,unknown,Ray White Dapto & Horsley
Thirroul,ray_white_au_nz,,unknown,Ray White Thirroul
Maclean,ray_white_au_nz,,unknown,Ray White Maclean
Woonona,ray_white_au_nz,,unknown,Ray White Woonona
Mascot,ray_white_au_nz,,unknown,Ray White Mascot
Freshwater,ray_white_au_nz,,unknown,Ray White Freshwater
Surry Hills,ray_white_au_nz,,unknown,Ray White Surry Hills
Darlinghurst,ray_white_au_nz,,unknown,Ray White Taylor and Partners
Potts Point,ray_white_au_nz,,unknown,Ray White Elizabeth Bay
Redfern,ray_white_au_nz,,unknown,Ray White Touma Group
Waterloo,ray_white_au_nz,,unknown,Ray White Waterloo
Caringbah,ray_white_au_nz,,unknown,Ray White Caringbah
Unanderra,ray_white_au_nz,,unknown,Ray White Unanderra
Bellingen,ray_white_au_nz,,unknown,Ray White Rural Bellingen
Moore Park,ray_white_au_nz,,unknown,Ray White Centennial Park
Albion Park,ray_white_au_nz,,unknown,Ray White Albion Park
Double Bay,ray_white_au_nz,,unknown,Ray White Double Bay
Woollahra,ray_white_au_nz,,unknown,Ray White Woollahra | Paddington
WOOLLAHRA,ray_white_au_nz,,unknown,TRG
Bondi Junction,ray_white_au_nz,,unknown,Ray White Bondi Junction
Kingsford,ray_white_au_nz,,unknown,Ray White Kingsford
North Wollongong,ray_white_au_nz,,unknown,Ray White Wollongong
Randwick,ray_white_au_nz,,unknown,Ray White Park Coast East
Cronulla,ray_white_au_nz,,unknown,Ray White Sutherland Shire - Cronulla
Waverley,ray_white_au_nz,,unknown,Ray White Eastern Beaches
North Bondi,ray_white_au_nz,,unknown,Unlimited
Maroubra,ray_white_au_nz,,unknown,Ray White Maroubra | South Coogee
Bundeena,ray_white_au_nz,,unknown,Ray White Bundeena
Coogee,ray_white_au_nz,,unknown,Ray White Eastern Beaches
Nowra,ray_white_au_nz,,unknown,Ray White Nowra NSW
Warrawong,ray_white_au_nz,,unknown,Ray White South Wollongong
Berry,ray_white_au_nz,,unknown,Ray White Berry
Shellharbour,ray_white_au_nz,,unknown,Ray White Shellharbour City
Tanilba Bay,ray_white_au_nz,,unknown,Ray White Tanilba Bay
Bangalow,ray_white_au_nz,,unknown,Ray White Rural Bangalow
Yamba,ray_white_au_nz,,unknown,Ray White Yamba
Bulahdelah,ray_white_au_nz,,unknown,Ray White Bulahdelah
Kiama,ray_white_au_nz,,unknown,Ray White Kiama
Taree,ray_white_au_nz,,unknown,Ray White Rural Manning Valley
Gerringong,ray_white_au_nz,,unknown,Ray White Gerringong
Woolgoolga,ray_white_au_nz,,unknown,Ray White Coffs Coast
Byron Bay,ray_white_au_nz,,unknown,Ray White Byron Bay
Tea Gardens,ray_white_au_nz,,unknown,Ray White Tea Gardens Hawks Nest
Nelson Bay,ray_white_au_nz,,unknown,Ray White The Knaggs Group
Callala Bay,ray_white_au_nz,,unknown,Ray White Callala Bay
Bendalong,ray_white_au_nz,,unknown,Ray White Bendalong Manyana
Sussex Inlet,ray_white_au_nz,,unknown,Ray White Sussex Inlet
Batemans Bay,ray_white_au_nz,,unknown,Ray White Batemans Bay
Ulladulla,ray_white_au_nz,,unknown,Ray White Ulladulla
Forster,ray_white_au_nz,,unknown,Ray White Forster Tuncurry
Broulee,ray_white_au_nz,,unknown,Ray White Broulee
Port Macquarie,ray_white_au_nz,,unknown,Ray White Port Macquarie
Shellharbour City,retail_apparel_group,Shop 1107 Stockland Shellharbour 211 Lakes Entrance Rd,unknown,Johnny Bigg Shellharbour
Narellan,retail_apparel_group,Shop 55 Narellan Town Centre 326 Camden Valley Way,unknown,Johnny Bigg Narellan
Campbelltown,retail_apparel_group,Macarthur Square 200 Gilchrist Dr,unknown,Johnny Bigg Macarthur
Penrith,retail_apparel_group,Shop 220/21 Westfield Penrith 585 High St,unknown,Johnny Bigg Penrith 
Liverpool,retail_apparel_group,Shop 208/9 Westfield Liverpool Macquarie St,unknown,Johnny Bigg Liverpool
Warwick Farm,retail_apparel_group,Shop 31 Fashion Spree Outlet Centre 5 Viscount Place,unknown,Johnny Bigg Fashion Spree Liverpool
Miranda,retail_apparel_group,Shop 1199/0 Westfield Miranda 600 Kingsway,unknown,Johnny Bigg Miranda 
Mount Druitt ,retail_apparel_group,Shop 194/95 Westfield Mt Druitt Corner Carlisle Avenue and Luxford Rd,unknown,Johnny Bigg Mt Druitt
Blacktown,retail_apparel_group,Shop 2038 Westpoint Shopping Centre 17 Patrick St ,unknown,Johnny Bigg Blacktown
Merrylands,retail_apparel_group,Shop 2061 Stockland Merrylands McFarlane Street,unknown,Johnny Bigg Merrylands 
Parramatta,retail_apparel_group,Shop 3071 Westfield Parramatta 159-175 Church street,unknown,Johnny Bigg Parramatta
Homebush ,retail_apparel_group,Shop 3-065 DFO Homebush 3-5 Underwood Rd,unknown,Johnny Bigg Homebush
Eastgardens,retail_apparel_group,Shop 336 Westfield Eastgardens 152 Bunnerong Road,unknown,Johnny Bigg Eastgardens
Rouse Hill ,retail_apparel_group,Shop D-GR 159 Rouse Hill Town Centre White Hart Drive,unknown,Johnny Bigg Rouse Hill
Erina ,retail_apparel_group,Shop T297 Erina Fair 620-658 Terrigal Drive,unknown,Johnny Bigg Erina
Kotara,retail_apparel_group,Shop 2202 Westfield Kotara Northcott Drive,unknown,Johnny Bigg Kotara
East Maitland,retail_apparel_group,Shop 1098 Stockland Green Hills 1 Molly Morgan Drive,unknown,Johnny Bigg Green Hills
Albury,retail_apparel_group,Shop C28/C30 Myer Centrepoint 525 David St,unknown,Tarocash Albury
Wagga Wagga,retail_apparel_group,Shop 30A/87 Baylis St,unknown,Tarocash Wagga Wagga
Orange,retail_apparel_group,Shop NS34 Orange City Centre 190 Anson Road,unknown,Tarocash Orange
Shellharbour,retail_apparel_group,Shop 1049 Stockland Shopping Centre 211 Lake Entrance Rd,unknown,Tarocash Shellharbour
Albury,retail_apparel_group,Shop T17 Albury Centrepoint 525 David St,unknown,yd. Albury
Bathurst,retail_apparel_group,Shop T09 Bathurst City Centre 210 Howick Street,unknown,Tarocash Bathurst
Dubbo,retail_apparel_group,Shop T106 Orana Mall Marketplace Cnr Mitchell Highway & Wheelers Lane,unknown,Tarocash Dubbo
Narellan,retail_apparel_group,Shop 145 Narellan Town Centre 326 Camden Valley Way,unknown,Tarocash Narellan
Campbelltown,retail_apparel_group,Shop L03 U058A Macarthur Square Shopping Centre 200 Gilchrist Drive,unknown,Tarocash Macarthur
Blackbutt,retail_apparel_group,Shop 239 Stockland Shellharbour Lake Entrance Road,unknown,yd. Shellharbour
Wollongong East,retail_apparel_group,Shop Lo1 8 Wollongong Central 200 Crown Street,unknown,yd. Wollongong
Macarthur Square,retail_apparel_group,Shop L03 U102 Macarthur Square Gilchrist Drive,unknown,yd. Macarthur Square
Penrith,retail_apparel_group,Shop 319 Westfield Penrith 585 High St Penrith Nsw 2750,unknown,yd. Penrith
Orange,retail_apparel_group,Shop 47 Orange City Centre 190 Anson Road,unknown,Rockwear Orange
Shellharbour,retail_apparel_group,Shop 1050 Stockland Shellharbour 211 Lake Entrance Road,unknown,Rockwear Shellharbour
Bathurst,retail_apparel_group,Shop 29 Armada Bathurst 121 Howick St,unknown,Rockwear Bathurst
Dubbo,retail_apparel_group,Shop T40 Orana Mall Marketplace Cnr Mitchell Highway & Wheelers Land,unknown,Rockwear Dubbo
Narellan,retail_apparel_group,Shop 142 Narellan Town Centre 326 Camden Valley Way,unknown,Rockwear Narellan
Campbelltown,retail_apparel_group,Macarthur Square 200 Gilchrist Drive,unknown,Rockwear Macarthur SQ
Penrith,retail_apparel_group,Shop 281 Westfield Penrith 585 High Street,unknown,Tarocash Penrith
Liverpool,retail_apparel_group,Shop 2067 Westfield Liverpool Macquarie Street,unknown,Tarocash Liverpool
Warwick Farm,retail_apparel_group,Shop 43 Fashion Spree Outlet Centre 5 Viscount Place,unknown,Tarocash Warwick Farm
Miranda,retail_apparel_group,Shop 3022 Westfield Miranda 600 Kingsway,unknown,Tarocash Miranda
Wetherill Park,retail_apparel_group,Shop 019 Stockland Wetherill Park 561-583 Polding Street,unknown,Tarocash Wetherill Park
Mount Druitt,retail_apparel_group,Shop 201 Westfield Mount Druitt Cnr Carlisle Avenue & Luxford Rd,unknown,Tarocash Mount Druitt
Liverpool,retail_apparel_group,Shop 1 275/76 Westfield Liverpool Macquarie Street,unknown,yd. Liverpool
Liverpool,retail_apparel_group,Shop 24 Fashion Spree Outlet 2-20 Orange Grove Rd,unknown,yd. Warwick Farm Outlet
Wetherill Park,retail_apparel_group,Shop 89 Stockland Wetherill Park 561-583 Polding Street,unknown,yd. Wetherill Park
Bankstown,retail_apparel_group,Shop 200 Centro Bankstown North Terrace,unknown,yd. Bankstown
Hurstville,retail_apparel_group,Shop 458 Westfield Hurstville Cnr Cross Street And Park Road,unknown,yd. Hurstville
Roselands,retail_apparel_group,Shop G028 Centro Roselands Roselands Drive,unknown,yd. Roselands
Penrith,retail_apparel_group,Shop SP020 Nepean Village Cnr Woodriff & Station Streets,unknown,Rockwear Nepean Village
Penrith,retail_apparel_group,Westfield Penrith Shop 299 585 High Street,unknown,Rockwear Penrith
Menai,retail_apparel_group,Shop GD 011 Menai Marketplace 152-194 Allison Cres,unknown,Rockwear Menai
Hurstville,retail_apparel_group,Shop 363 Westfield Hurstville Cnr Cross St & Park Rd,unknown,Rockwear Hurstville
Eastgardens,retail_apparel_group,Westfield Eastgardens Shop 341 152 Bunnerong Road,unknown,Rockwear Eastgardens
Rouse Hill,retail_apparel_group,Shop D-GR 186 Rouse Hill Town Centre White Hart Dr,unknown,Rockwear Rouse Hill
Bankstown,retail_apparel_group,Shop SP196 Bankstown Central,unknown,Tarocash Bankstown
Roselands,retail_apparel_group,Shop G014 Centro Roselands Roselands Drive,unknown,Tarocash Roselands
Blacktown,retail_apparel_group, Shop 3085 Westpoint Shopping Centre 17 Patrick Street Blacktown NSW 2148,unknown,Tarocash Blacktown
Merrylands,retail_apparel_group,Shop 2022 Stockland Merrylands McFarlane St,unknown,Tarocash Merrylands
Blacktown,retail_apparel_group,Shop 3052/53 Westpoint Shopping Centre Patrick Street,unknown,yd. Blacktown
Merrylands,retail_apparel_group,Shop 2009 Stockland Merrylands Mcfarlane Street,unknown,yd. Merrylands
Parramatta,retail_apparel_group,Shop 3060 Westfield Parramatta 159-175 Church Street,unknown,yd. Parramatta
Homebush,retail_apparel_group,Shop 23 Homebush Dfo 3-5 Underwood Road,unknown,yd. Homebush DFO
Castle Hill,retail_apparel_group,Shop 408 Castle Towers 14/6 Old Castle Hill Road,unknown,Rockwear Castle Hill
Erina,retail_apparel_group,Shop T062 Erina Fair 620-658 Terrigal Drive,unknown,Rockwear Erina
Lake Haven,retail_apparel_group,Shop 59 Lake Haven Centre Lake Haven Drive & Goobarabah Avenue,unknown,Rockwear Lake Haven
Charlestown,retail_apparel_group,Charlestown Square 30 Pearson Street,unknown,Rockwear Charlestown
Homebush,retail_apparel_group,Shop 3-052 DFO Homebush 3-5 Underwood Road ,unknown,Tarocash Homebush
Burwood,retail_apparel_group,Shop 156 Westfield Burwood 100 Burwood Road,unknown,Tarocash Burwood
Marrickville,retail_apparel_group,Shop 17A Marrickville Metro 34 Victoria Road,unknown,Tarocash Marrickville
Eastgardens,retail_apparel_group,Shop 153 Westfield Eastgardens 152 Bunnerong Road,unknown,Tarocash Eastgardens
Burwood,retail_apparel_group,Shop 117 Westfield Burwood 100 Burwood,unknown,yd. Burwood
Eastgardens,retail_apparel_group,Shop 323/5 Westfield Eastgarden 152 Bunnerong Road,unknown,yd. Eastgardens
Rouse Hill,retail_apparel_group,Shop D-Gr 156 Rouse Hill Town Centre 10-14 Market Lane,unknown,yd. Rouse Hill
Castle Hill,retail_apparel_group,Shop 319 Castle Towers Castle Street,unknown,yd. Castle Hill
Kotara,retail_apparel_group,Westfield Kotara Shop 2088 Northcott Drive,unknown,Rockwear Kotara
East Maitland,retail_apparel_group,Shop 1048 Stockland Green Hills 1 Molly Morgan Dr,unknown,Rockwear Green Hills
Port Macquarie,retail_apparel_group,Shop 30/31 Port Central Shopping Centre 40-42 Horton Street,unknown,Rockwear Port Macquarie
Coffs Harbour,retail_apparel_group,Shop T30 Park Beach Plaza 253 Pacific Highway,unknown,Rockwear Coffs Harbour
Rouse Hill,retail_apparel_group,Shop GR128 Rouse Hill Town Centre Corner of Windsor Road and White Hart Drive,unknown,Tarocash Rouse Hill
Castle Hill,retail_apparel_group,Shop 442 Castle Towers 6-14 Old Castle Hill Rd,unknown,Tarocash Castle Hill
Erina,retail_apparel_group,Shop T232 Erina Fair 620-658 Terrigal Dr,unknown,Tarocash Erina
Ryde,retail_apparel_group,Shop Lg1 2010 Top Ryde City Cnr Blaxland And Devlin Streets,unknown,yd. Top Ryde
Broadway,retail_apparel_group,Shop 111 Broadway Shopping Centre 1 Bay Street,unknown,yd. Broadway
Drummoyne,retail_apparel_group,Shop 67/68 Birkenhead Point Outlet Centre 19 Roseby Street,unknown,yd. Birkenhead Point
Lismore,retail_apparel_group,Shop 67 Lismore Square Cnr Brewster & Uralba St,unknown,Rockwear Lismore
Tuggerah,retail_apparel_group,Shop 2033 Westfield Tuggerah 50 Wyong Road,unknown,Tarocash Tuggerah
Charlestown,retail_apparel_group,Shop L01 191/N62 Charlestown Square 30 Pearson Street,unknown,Tarocash Charlestown
Kotara,retail_apparel_group,Westfield Kotara Shop 2037 Northcott Drive & Park Avenue,unknown,Tarocash Kotara
East Maitland,retail_apparel_group,Shop 1043 Stockland Green Hills 1 Molly Morgan Drive,unknown,Tarocash Green Hills
Sydney,retail_apparel_group,Shop R2.08 Market City 9-13 Hay Street,unknown,yd. Market City DFO
Erina,retail_apparel_group,Shop T300 Erina Fair Terrigal Drive,unknown,yd. Erina
Tuggerah,retail_apparel_group,Shop 1023 Westfield Tuggerah Cnr Cobbs & Gavenlock Roads,unknown,yd. Tuggerah
Kotara,retail_apparel_group,Shop 2207/8 Westfield Kotara Northcott Drive,unknown,yd. Kotara
Port Macquarie,retail_apparel_group,Shop 19 Port Central Shopping Centre 40-42 Horton St,unknown,Tarocash Port Macquarie
Coffs Harbour,retail_apparel_group,99/253 Pacific Highway,unknown,Tarocash Coffs Harbour
East Maitland,retail_apparel_group,Shop 1100 Stockland Green Hills 1 Molly Morgan Drive,unknown,yd. Green Hills
Albury,retail_apparel_group,SHOP SP006 CENTRO ALBURY GROUND FLOOR BUILDING 1 487 KIEWA STREET,unknown,Connor Centro Albury
Wagga Wagga,retail_apparel_group,Shop 36 Wagga Wagga Marketplace 87 Baylis Street,unknown,Connor Wagga Wagga
Nowra,retail_apparel_group,Shop 047/048 Stockland Nowra 32-60 East Street,unknown,Connor Nowra
Orange,retail_apparel_group,Shop 132 Orange Central 227 Summer Street,unknown,Connor Orange
Shellharbour,retail_apparel_group,Shop 1107 Stockland Shellharbour Lake Entrance Rd,unknown,Connor Shellharbour
Dapto,retail_apparel_group,Shop F202 Dapto Mall Princes Highway,unknown,Connor Dapto
Bathurst,retail_apparel_group,Shop 013-014 Bathurst Centre 210 Howick Street,unknown,Connor Bathurst
Warrawong,retail_apparel_group,Shop A3N52 Warrawong Plaza King Street,unknown,Connor Warrawong
Wollongong,retail_apparel_group,Shop GD N0033B Wollongong Central Plaza 200 Crown Street,unknown,Connor Wollongong
Dubbo,retail_apparel_group,Shop T12-T13 Cnr Wheelers Lane and Mitchell Highway,unknown,Connor Dubbo
Narellan,retail_apparel_group,Shop 160 Narellan Town Centre 326 Camden Valley Way,unknown,Connor Narellan
Campbelltown,retail_apparel_group,Shop L02/L052B Macarthur Square S/C Gilchrist Drive,unknown,Connor Macarthur Square
Campbelltown,retail_apparel_group,Shop U18-19 Campbelltown Mall 271 Queen Street,unknown,Connor Campbelltown
Penrith,retail_apparel_group,Shop SP019 Nepean Centre Cnr Station and Woodriff Street,unknown,Connor Nepean
Penrith,retail_apparel_group,Shop 230 585 High Street,unknown,Connor Penrith
Menai,retail_apparel_group,Shop GD-015 Menai Marketplace 152-194 Allison Crescent,unknown,Connor Menai
Liverpool,retail_apparel_group,Shop 242/43 Westfield Liverpool Macquarie Street,unknown,Connor Liverpool
Warwick Farm,retail_apparel_group,Shop 48 Fashion Spree 5 Viscount Place,unknown,Connor Warwick Farm DFO
Miranda,retail_apparel_group,Shop 1040 Westfield Miranda 600 The Kingsway,unknown,Connor Miranda
Wetherill Park,retail_apparel_group,Shop 20 Stockland Wetherill Park Polding Street,unknown,Connor Wetherill Park
Mt Druitt,retail_apparel_group,Shop 204 Westfield Mt Druitt CNR Carlisle Avenue and Luxford Road,unknown,Connor Mt Druitt
Bankstown,retail_apparel_group,Shop ML 037 Centro Bankstown North Terrace,unknown,Connor Bankstown
Hurstville,retail_apparel_group,Shop 329 Westfield Hurstville Cnr Cross Street and Park Road,unknown,Connor Hurstville
Roselands,retail_apparel_group,Shop G017/G018 Centro Roselands Roselands Drive,unknown,Connor Roselands
Blacktown,retail_apparel_group,Shop 2050 WestPoint Shopping Centre 17 Patrick Street,unknown,Connor Blacktown
Merrylands,retail_apparel_group,Shop 2041 Stocklands Merryland 199-201 Pitt Street,unknown,Connor Merrylands
Parramatta,retail_apparel_group,Shop 2124 Westfield Parramatta 159-175 Church Street,unknown,Connor Parramatta
Richmond,retail_apparel_group,Shop 27 Richmond Marketplace 80 March Street,unknown,Connor Richmond
Homebush,retail_apparel_group,Shop 3-054 DFO Homebush CNR Homebush Bay Drive,unknown,Connor Homebush
Burwood,retail_apparel_group,Shop 161 Westfield Shop Ctr 100 Burwood Road,unknown,Connor Burwood
Rhodes,retail_apparel_group,Shop 42 Rhodes S/C 1 Rider Boulevard,unknown,Connor Rhodes
Eastgardens,retail_apparel_group,Shop 333 Westfield Eastgardens 152 Bunnerong Road,unknown,Connor Eastgardens
Rouse Hill,retail_apparel_group,Shop D-GR 158 Rouse Hill Town Centre 10-14 Market Lane,unknown,Connor Rouse Hill
North Rocks,retail_apparel_group,Shop T91-T91A North Rocks Shopping Centre 328-336 North Rocks Rd,unknown,Connor North Rocks
Castle Hill,retail_apparel_group,Shop 443 Castle Towers S/C 6-14 Castle Street,unknown,Connor Castle Hill
Drummoyne,retail_apparel_group,Shop 182-183 Birkenhead Point S/C Roseby Street,unknown,Connor Birkenhead Point DFO
Haymarket,retail_apparel_group,Shop R2.08 Market City 9-13 Hay Street,unknown,Connor Market City
Chatswood,retail_apparel_group,Shop 405/5A Westfield Chatswood 1 Anderson Street,unknown,Connor Chatswood
Hornsby,retail_apparel_group,Shop 2073 Westfield Cnr Florence & Hunters Street,unknown,Connor Hornsby
Brookvale,retail_apparel_group,Shop 2647 Westfield Warringah cnr Condamine Street & Old Pittwater Road,unknown,Connor Warringah
Warriewood,retail_apparel_group,Shop SP088 Warriewood Square Jacksons Road,unknown,Connor Warriewood
Erina,retail_apparel_group,Shop T296 Erina Fair S/C 620-658 Terrigal Drive,unknown,Connor Erina
Bateau Bay,retail_apparel_group,Shop 79-80 Bateau Bay Square 12 Bay Village Road,unknown,Connor Bateau Bay
Tuggerah,retail_apparel_group,Shop 2032/A Westfield Tuggerah Cnr Cobbs and Gavenlock Road,unknown,Connor Tuggerah
Singleton,retail_apparel_group,Shop 04-05 Gowrie Street Mall Ground Floor Building 1 1 Gowrie Street,unknown,Connor Singleton
Charlestown,retail_apparel_group,Shop L01 1105 Charlestown S/C 30 Pearson Street,unknown,Connor Charlestown
Kotara,retail_apparel_group,Shop 2204/5 Westfield Kotara Cnr Park Avenue and Northcott Drive,unknown,Connor Kotara
Jesmond,retail_apparel_group,Shop 26 Stockland Jesmond 28 Blue Gum Road,unknown,Connor Jesmond
East Maitland,retail_apparel_group,Shop 2031A Stockland Green Hills 1 Molly Morgan Drive,unknown,Connor Green Hills
West Tamworth,retail_apparel_group,Shop 14 Tamworth Shoppingworld Bridge St & Denne St,unknown,Connor Tamworth
Port Macquarie,retail_apparel_group,Shop 28-29 Settlement City Shopping Centre Bay Street & Cnr Park,unknown,Connor Settlement City
Port Macquarie,retail_apparel_group,Shop 22 Port Central Shopping Centre 40-42 Horton Street,unknown,Connor Port Macquarie
Coffs Harbour,retail_apparel_group,Shop 75 Park Beach Plaza 253 Pacific Highway,unknown,Connor Coffs Harbour
Grafton,retail_apparel_group,Shop 14 Grafton Shopping World 52-74 Fitzroy Street,unknown,Connor Grafton
Lismore,retail_apparel_group,Shop T51B/53 Lismore Shopping Square Cnr Brewser & Uralba Streets,unknown,Connor Lismore
Tweed Heads South,retail_apparel_group,Shop 116/117 Tweed City Shopping Centre 54 Minjungbal Drive,unknown,Connor Tweed Heads
 Campbelltown,sleep_doctor_au,,unknown, Sleep Doctor Campbelltown
 Dee Why,sleep_doctor_au,,unknown, Sleep Doctor Dee Why
 Batemans Bay,sleep_doctor_au,,unknown, Sleep Doctor Batemans Bay
 Griffith,sleep_doctor_au,,unknown, Sleep Doctor Griffith
 Pambula,sleep_doctor_au,,unknown, Sleep Doctor Pambula
 Bowral,sleep_doctor_au,,unknown, Sleep Doctor Bowral
Glendale,snap_fitness,3/15 Stockland Dr,unknown,Glendale
St Clair,snap_fitness,155 Bennett Rd,unknown,St Clair
Kiama,snap_fitness,Shop L1 143 Terralong Street Kiama Village,unknown,Kiama
Jesmond,snap_fitness,Shop 43-44B Jesmond Central 28 Blue Gum Road,unknown,Jesmond
Penrith,snap_fitness,Shop C05 2 Lord Sheffield Circuit,unknown,Penrith
Newtown,snap_fitness,32 Alice Street,unknown,Newtown
North Kellyville,snap_fitness,1/53 Indwarra Avenue,unknown,North Kellyville
Liverpool,snap_fitness,Shop 4 138-140 Elizabeth Drive,unknown,Liverpool
Estella,snap_fitness,Shop 7 Estella Shopping Centre 2-12 Rainbow Drive,unknown,Estella
Box Hill,snap_fitness,Level 1 Shop 31 Carmel Village Shopping Centre Corner of Windsor Road & Mount Carmel Dr,unknown,Box Hill
Mount Druitt,snap_fitness,14 Mount Street,unknown,Mount Druitt
Mayfield,snap_fitness,Shops 3-7 109-111 Maitland Road,unknown,Mayfield
Campbelltown,snap_fitness,202 Queen Street,unknown,Campbelltown
Cranebrook,snap_fitness,Level 1 & 2 (Building C) 111 Andrews Road,unknown,Cranebrook
Doonside,snap_fitness,185 Knox Road,unknown,Doonside
Gladesville,snap_fitness,1 Meriton Street,unknown,Gladesville
Mount Annan,snap_fitness,Shop T31-T32 Mt Annan Marketplace 11-13 Main Street,unknown,Mount Annan
Cameron Park,snap_fitness,309 George Booth Drive,unknown,Cameron Park
Beaumont Hills,snap_fitness,Shop 15 Beaumont Village&#60;br /&#62;70 The Parkway,unknown,Beaumont Hills
Marsden Park,snap_fitness,T11 Building 1 111 Elara Boulevard,unknown,Elara
Glenmore Park,snap_fitness,92-98 Glenmore Ridge Drive,unknown,Glenmore Park
Concord West,snap_fitness,19 Victoria Avenue,unknown,Concord West
St. Ives,snap_fitness,186 Mona Vale Road,unknown,St Ives
Gordon,snap_fitness,Shop B1 Gordon Village Arcade,unknown,Gordon
Meadowbank,snap_fitness,127-131 Bowden Street,unknown,Meadowbank
Rose Bay,snap_fitness,513 Old South Head Road,unknown,Rose Bay
Yagoona,snap_fitness,572-578 Hume Highway,unknown,Yagoona
Haberfield,snap_fitness,155-157 Parramatta Road,unknown,Haberfield
Beecroft,snap_fitness,4 Hannah Street,unknown,Beecroft
Mascot,snap_fitness,675 Gardeners Rd,unknown,Mascot
Sydney,snap_fitness,Lachlan's Square Village 17 Halifax Street,unknown,North Ryde
Auburn,snap_fitness,61-71 Queen St,unknown,Auburn
Dural,snap_fitness,Units 3 & 4 256-258 New Line Rd.,unknown,Dural
Merrylands,snap_fitness,Shop 1/280 Merrylands Road,unknown,Merrylands
Sydney,snap_fitness,35 Clarence Street,unknown,Sydney City
Casula,snap_fitness,629-631 Hume Highway,unknown,Casula
Minto,snap_fitness,46 Ben Lomond Rd,unknown,Minto
Sydney Olympic Park,snap_fitness,3 Australia Avenue,unknown,Sydney-Olympic Park
"Cronulla, Sydney",snap_fitness,20 Gerrale St,unknown,Cronulla
Sydney,snap_fitness,56-60 O'Dea Avenue,unknown,Zetland
Taree,snap_fitness,Shop 4 20 Albert St,unknown,Taree
Cessnock,snap_fitness,Cessnock Central 2 North Avenue,unknown,Cessnock
Burwood,snap_fitness,Shop 10 / 11-15 Deane St,unknown,Burwood NSW
"Kogarah, Sydney",snap_fitness,35/232-246 Railway Parade,unknown,Kogarah
Dubbo,snap_fitness,113 Darling St,unknown,Dubbo
"Maroubra, Sydney",snap_fitness,165-167 Maroubra Rd,unknown,Maroubra
Castle Hill,snap_fitness,Shop 126 Castle Mall Shopping Centre,unknown,Castle Hill
Lake Albert,snap_fitness,49 Gregory Cres,unknown,Wagga Wagga
Pyrmont,snap_fitness,Shop 1 / 209 Harris St,unknown,Pyrmont
Bathurst,snap_fitness,91 Keppel Street,unknown,Bathurst
Fairfield,snap_fitness,8-36 Station Street,unknown,Fairfield
Orange,snap_fitness,Level 1/171 Lords Place,unknown,Orange
Sydney,snap_fitness,Shop 1 The Majestic 49 New Canterbury Road Petersham,unknown,Petersham
East Maitland,snap_fitness,25 Mitchell Dr,unknown,Maitland
Tuggerah,snap_fitness,50 Wyong Rd,unknown,Tuggerah
Canterbury,snap_fitness,Shop 7/8 1 Cooks Ave,unknown,Canterbury
Roselands,snap_fitness,1/1206 Canterbury Road,unknown,Roselands
Lismore Municipality,spotlight,28 Bruxner Highway South Lismore NSW 2480 Australia,unknown,Spotlight Lismore
Auburn,spotlight,92 Parramatta Road Lidcombe NSW 2141 Australia,unknown,Spotlight Lidcombe
Shellharbour,spotlight,Tenancy 8 10 Colden Drive Albion Park Rail NSW 2527 Australia,unknown,Spotlight Albion Park
Port Stephens Shire,spotlight,T3 Port Stephens Homemaker Centre 60 Port Stephens Drive Taylors Beach NSW 2316 Australia,unknown,Spotlight Taylors Beach
unknown,spotlight,Shop 1/Level 1 Home Maker Centre 49-59 O'Riordan St Alexandria NSW 2015 Australia,unknown,Spotlight Alexandria
Wingecarribee,spotlight,T 7/8 Highlands Hub 205 Old Hume Highway Mittagong NSW 2575 Australia,unknown,Spotlight Mittagong
Lake Macquarie Shire,spotlight,Building 3 Tenancy 8 20 Pacific Highway near Lake Street Bennetts Green NSW 2290 Australia,unknown,Spotlight Bennetts Green
Hornsby Shire,spotlight,116-122 George Street Hornsby NSW 2077 Australia,unknown,Spotlight Hornsby
Clarence Valley,spotlight,76 Fitzroy Street Grafton NSW 2460 Australia,unknown,Spotlight Grafton
Armidale Dumaresq,spotlight,Tenancy M5 Armidale Plaza 195-197 Beardy Street Armidale NSW 2350 Australia,unknown,Spotlight Armidale
Orange Municipality,spotlight,Orange Homemaker Centre 168 Lone Pine Avenue Orange NSW 2800 Australia,unknown,Spotlight Orange
Wollongong,spotlight,281 Crown Street Wollongong NSW 2500 Australia,unknown,Spotlight Wollongong
Fairfield,spotlight,The Horsley Drive and Elizabeth Street Wetherill Park NSW 2164 Australia,unknown,Spotlight Wetherill Park
Gosford Shire,spotlight,28 Central Coast Highway West Gosford NSW 2250 Australia,unknown,Spotlight West Gosford
Wagga Wagga,spotlight,Tenancy 2 143 Hammond Avenue East Wagga Wagga NSW 2650 Australia,unknown,Spotlight Wagga Wagga
Wyong Shire,spotlight,Tuggerah Super Centre Tenancy T25 Level 1 Cnr Wyong Road and Bryant Drive Tuggerah NSW 2259 Australia,unknown,Spotlight Tuggerah
Greater Taree,spotlight,168 Victoria Street Taree NSW 2430 Australia,unknown,Spotlight Taree
Tamworth Municipality,spotlight,130 Peel Street Corner Jewry Street Tamworth NSW 2340 Australia,unknown,Spotlight Tamworth
Maitland Municipality,spotlight,366 New England Highway Rutherford NSW 2320 Australia,unknown,Spotlight Rutherford
Rockdale,spotlight,381 - 391 Princes Highway Rockdale NSW 2216 Australia,unknown,Spotlight Rockdale
Queanbeyan,spotlight,6 Bungendore Road Queanbeyan NSW 2620 Australia,unknown,Spotlight Queanbeyan
Port Macquarie-Hastings,spotlight,180 Lake Road Port Macquarie NSW 2444 Australia,unknown,Spotlight Port Macquarie
Penrith Municipality,spotlight,Lot 2 Pattys Pl Penrith NSW 2750 Australia,unknown,Spotlight Penrith
Shoalhaven Shire,spotlight,Tenancy 1 28 Central Avenue South Nowra NSW 2541 Australia,unknown,Spotlight Nowra
Blacktown,spotlight,Zoe Place Mount Druitt NSW 2770 Australia,unknown,Spotlight Mt Druitt
Sutherland Shire,spotlight,8-10 Central Road Miranda NSW 2228 Australia,unknown,Spotlight Miranda
Griffith,spotlight,Corner Kidman Way & Watkins Avenue Griffith NSW 2680 Australia,unknown,Spotlight Griffith
Forbes,spotlight,Corner Lamb Road & Parkes Road (Newell Highway) Forbes NSW 2871 Australia,unknown,Spotlight Forbes
Dubbo Municipality,spotlight,235 Cobra Street Dubbo NSW 2830 Australia,unknown,Spotlight Dubbo
Coffs Harbour,spotlight,242 Mastracolas Road Corner Pacific Highway Coffs Harbour NSW 2450 Australia,unknown,Spotlight Coffs Harbour
The Hills Shire,spotlight,12 Victoria Avenue Castle Hill NSW 2154 Australia,unknown,Spotlight Castle Hill
Campbelltown Municipality,spotlight,Shop U01 Campbelltown Mall 271 Queen Street Campbelltown NSW 2560 Australia,unknown,Spotlight Campbelltown
Waverley,spotlight,65 Ebley Street Bondi Junction NSW 2022 Australia,unknown,Spotlight Bondi Junction
Canada Bay,spotlight,Roseby Street Drummoyne NSW 2047 Australia,unknown,Spotlight Birkenhead Pt
Warringah,spotlight,Corner Forest Way & Mona Vale Road Belrose NSW 2085 Australia,unknown,Spotlight Belrose
Bathurst Regional,spotlight,Tenancy 6 3 Pat O Leary Drive Kelso NSW 2795 Australia,unknown,Spotlight Bathurst
Ballina,spotlight,Harvey Norman Centre 26 Boeing Avenue Ballina NSW 2478 Australia,unknown,Spotlight Ballina
Albury Municipality,spotlight,94 Borella Road Albury NSW 2640 Australia,unknown,Spotlight Albury
Bondi Junction,thebodyshop,,unknown,Bondi
Bankstown,thebodyshop,,unknown,Bankstown
Sydney,thebodyshop,,unknown,Warringah Mall
Albury,thebodyshop,,unknown,Albury
Hurstville,thebodyshop,,unknown,Hurstville
Liverpool,thebodyshop,,unknown,Liverpool
Green Hill,thebodyshop,,unknown,Green Hills
unknown,thebodyshop,,unknown,Eastgardens
Nsw,thebodyshop,,unknown,Burwood
Charlestown,thebodyshop,,unknown,Charlestown Square
"Hornsby, N",thebodyshop,,unknown,Hornsby
Wollongong,thebodyshop,,unknown,Wollongong
"Penrith, N",thebodyshop,,unknown,Penrith
Blacktown,thebodyshop,,unknown,Blacktown
Parramatta,thebodyshop,,unknown,Shop 3031A 159-175 Church Street Parramatta
Sydney Nsw,thebodyshop,,unknown,The Galeries
Shellharbo,thebodyshop,,unknown,Shellharbour
Sydney-Nsw,thebodyshop,,unknown,Queen Victoria Building
Ambarvale,thebodyshop,,unknown,Macarthur Square
Castle Hil,thebodyshop,,unknown,Castle Towers
Erina Nsw,thebodyshop,,unknown,Erina
Kotara Nsw,thebodyshop,,unknown,Kotara
North Ryde,thebodyshop,,unknown,North Ryde Macquarie
Miranda Ns,thebodyshop,,unknown,Miranda
Tuggerah N,thebodyshop,,unknown,Tuggerah
Chatswood,thebodyshop,,unknown,Chatswood
City of Sydney,tommy_hilfiger_au_nz,Shop 1/2042 Ground Floor 188 Pitt St Sydney Westfield Sydney NSW 2000,unknown,Sydney Westfield
Parramatta,tommy_hilfiger_au_nz,Shop 3015 Level 3 159-175 Church Street Westfield Parramatta Parramatta NSW 2150,unknown,Parramatta Westfield
Canada Bay,tommy_hilfiger_au_nz,Shop 3-016 Direct Factory Outlets 3-5 Underwood Rd Homebush NSW 2140,unknown,Homebush DFO
Canada Bay,tommy_hilfiger_au_nz,Shop 90 Birkenhead Point Outlet Centre 19 Roseby Street Drummoyne NSW 2047,unknown,Birkenhead Point
Fairfield,tommy_hilfiger_au_nz,Shop 3 5 Viscount Place Liverpool NSW 2170,unknown,Liverpool Fashion Spree
Waverley,tommy_hilfiger_au_nz,Shop 4005/6 500 Oxford Street Bondi Junction NSW 2022,unknown,Bondi Junction
Willoughby,tommy_hilfiger_au_nz,Shop G029 345 Victoria Avenue Chatswood Chase NSW 2067,unknown,Chatswood
Blacktown,total_tools_au,,unknown,Total Tools Blacktown
Kelso,total_tools_au,,unknown,Total Tools Bathurst
Bankstown,total_tools_au,,unknown,Total Tools Bankstown
Auburn,total_tools_au,,unknown,Total Tools Auburn
Ashfield,total_tools_au,,unknown,Total Tools Ashfield
Alexandria,total_tools_au,,unknown,Total Tools Alexandria
East Albury,total_tools_au,,unknown,Total Tools Albury
Albion Park Rail,total_tools_au,,unknown,Total Tools Albion Park
Castle Hill,total_tools_au,,unknown,Total Tools Castle Hill
Warners Bay,total_tools_au,,unknown,Total Tools Warners Bay
Wagga Wagga,total_tools_au,,unknown,Total Tools Wagga
Taren Point,total_tools_au,,unknown,Total Tools Taren Point
Taminda,total_tools_au,,unknown,Total Tools Tamworth
Smithfield,total_tools_au,,unknown,Total Tools Smithfield
Sandgate,total_tools_au,,unknown,Total Tools Sandgate
Port Macquarie,total_tools_au,,unknown,Total Tools Port Macquarie
Penrith,total_tools_au,,unknown,Total Tools Penrith
Orange,total_tools_au,,unknown,Total Tools Orange
Minchinbury,total_tools_au,,unknown,Total Tools Minchinbury
Merimbula,total_tools_au,,unknown,Total Tools Merimbula
McGraths Hill,total_tools_au,,unknown,Total Tools McGraths Hill
Matraville,total_tools_au,,unknown,Total Tools Matraville
Marsden Park,total_tools_au,,unknown,Total Tools Marsden Park
Lismore,total_tools_au,,unknown,Total Tools Lismore
Lansvale,total_tools_au,,unknown,Total Tools Lansvale
Lake Haven,total_tools_au,,unknown,Total Tools Lake Haven
Prestons,total_tools_au,,unknown,Total Tools Hoxton Park
Gregory Hills,total_tools_au,,unknown,Total Tools Gregory Hills
Gosford,total_tools_au,,unknown,Total Tools Gosford
Dubbo,total_tools_au,,unknown,Total Tools Dubbo
Brookvale,total_tools_au,,unknown,Total Tools Brookvale
BROKEN HILL,visa,,unknown,unknown
DENILIQUIN,visa,,unknown,unknown
HAY,visa,,unknown,unknown
COROWA,visa,,unknown,unknown
ALBURY,visa,,unknown,unknown
GRIFFITH,visa,,unknown,unknown
NARRANDERA,visa,,unknown,unknown
LEETON,visa,,unknown,unknown
JINDABYNE,visa,,unknown,unknown
HILLSTON,visa,,unknown,unknown
LAKE ALBERT,visa,,unknown,unknown
WAGGA WAGGA,visa,,unknown,unknown
EDEN,visa,,unknown,unknown
BATLOW,visa,,unknown,unknown
MERIMBULA,visa,,unknown,unknown
COOMA,visa,,unknown,unknown
JUNEE,visa,,unknown,unknown
BEGA,visa,,unknown,unknown
TUMUT,visa,,unknown,unknown
TEMORA,visa,,unknown,unknown
LAKE CARGELLIGO,visa,,unknown,unknown
WEST WYALONG,visa,,unknown,unknown
COOTAMUNDRA,visa,,unknown,unknown
NAROOMA,visa,,unknown,unknown
QUEANBEYAN,visa,,unknown,unknown
HARDEN,visa,,unknown,unknown
MORUYA,visa,,unknown,unknown
YOUNG,visa,,unknown,unknown
YASS,visa,,unknown,unknown
CONDOBOLIN,visa,,unknown,unknown
BATEMANS BAY,visa,,unknown,unknown
COBAR,visa,,unknown,unknown
FORBES,visa,,unknown,unknown
GOULBURN,visa,,unknown,unknown
ULLADULLA,visa,,unknown,unknown
COWRA,visa,,unknown,unknown
CROOKWELL,visa,,unknown,unknown
PARKES,visa,,unknown,unknown
SANCTUARY POINT,visa,,unknown,unknown
HUSKISSON,visa,,unknown,unknown
NOWRA,visa,,unknown,unknown
MOSS VALE,visa,,unknown,unknown
NYNGAN,visa,,unknown,unknown
BOURKE,visa,,unknown,unknown
BOWRAL,visa,,unknown,unknown
MOLONG,visa,,unknown,unknown
MITTAGONG,visa,,unknown,unknown
ORANGE,visa,,unknown,unknown
KIAMA,visa,,unknown,unknown
ALBION PARK,visa,,unknown,unknown
SHELLHARBOUR,visa,,unknown,unknown
NARROMINE,visa,,unknown,unknown
DAPTO,visa,,unknown,unknown
OBERON,visa,,unknown,unknown
WARILLA,visa,,unknown,unknown
BATHURST,visa,,unknown,unknown
UNANDERRA,visa,,unknown,unknown
WARRAWONG,visa,,unknown,unknown
WARREN,visa,,unknown,unknown
TAHMOOR,visa,,unknown,unknown
FIGTREE,visa,,unknown,unknown
WOLLONGONG,visa,,unknown,unknown
PICTON,visa,,unknown,unknown
CORRIMAL,visa,,unknown,unknown
DUBBO,visa,,unknown,unknown
WELLINGTON,visa,,unknown,unknown
CAMDEN,visa,,unknown,unknown
KATOOMBA,visa,,unknown,unknown
NARELLAN,visa,,unknown,unknown
MOUNT ANNAN,visa,,unknown,unknown
CAMPBELLTOWN,visa,,unknown,unknown
PORTLAND,visa,,unknown,unknown
ORAN PARK,visa,,unknown,unknown
RUSE,visa,,unknown,unknown
LITHGOW,visa,,unknown,unknown
EAGLE VALE,visa,,unknown,unknown
MINTO,visa,,unknown,unknown
INGLEBURN,visa,,unknown,unknown
MACQUARIE FIELDS,visa,,unknown,unknown
HORNINGSEA PARK,visa,,unknown,unknown
SPRINGWOOD,visa,,unknown,unknown
ENGADINE,visa,,unknown,unknown
CASULA,visa,,unknown,unknown
GREEN VALLEY,visa,,unknown,unknown
LURNEA,visa,,unknown,unknown
MILLER,visa,,unknown,unknown
PENRITH,visa,,unknown,unknown
MENAI,visa,,unknown,unknown
LIVERPOOL,visa,,unknown,unknown
BONNYRIGG,visa,,unknown,unknown
MOOREBANK,visa,,unknown,unknown
ST CLAIR,visa,,unknown,unknown
BREWARRINA,visa,,unknown,unknown
PANANIA,visa,,unknown,unknown
ST MARYS,visa,,unknown,unknown
MIRANDA,visa,,unknown,unknown
CABRAMATTA,visa,,unknown,unknown
WETHERILL PARK,visa,,unknown,unknown
CARINGBAH,visa,,unknown,unknown
REVESBY,visa,,unknown,unknown
CANLEY VALE,visa,,unknown,unknown
CRONULLA,visa,,unknown,unknown
PADSTOW,visa,,unknown,unknown
SYLVANIA,visa,,unknown,unknown
MOUNT DRUITT,visa,,unknown,unknown
FAIRFIELD HEIGHTS,visa,,unknown,unknown
FAIRFIELD,visa,,unknown,unknown
MORTDALE,visa,,unknown,unknown
BASS HILL,visa,,unknown,unknown
VILLAWOOD,visa,,unknown,unknown
EMERTON,visa,,unknown,unknown
BANKSTOWN,visa,,unknown,unknown
HURSTVILLE,visa,,unknown,unknown
CHESTER HILL,visa,,unknown,unknown
PLUMPTON,visa,,unknown,unknown
PUNCHBOWL,visa,,unknown,unknown
ROSELANDS,visa,,unknown,unknown
DOONSIDE,visa,,unknown,unknown
HASSALL GROVE,visa,,unknown,unknown
GREYSTANES,visa,,unknown,unknown
RAMSGATE BEACH,visa,,unknown,unknown
GUILDFOR,visa,,unknown,unknown
GUILDFORD,visa,,unknown,unknown
KINGSGROVE,visa,,unknown,unknown
LAKEMBA,visa,,unknown,unknown
KOGARAH,visa,,unknown,unknown
WOODCROFT,visa,,unknown,unknown
BLACKTOWN,visa,,unknown,unknown
BELMORE,visa,,unknown,unknown
MERRYLANDS,visa,,unknown,unknown
ROCKDALE,visa,,unknown,unknown
CHULLORA,visa,,unknown,unknown
WENTWORTHVILLE,visa,,unknown,unknown
SEVEN HILLS,visa,,unknown,unknown
LIDCOMBE,visa,,unknown,unknown
CAMPSIE,visa,,unknown,unknown
GRANVILLE,visa,,unknown,unknown
AUBURN,visa,,unknown,unknown
MUDGEE,visa,,unknown,unknown
LALOR PARK,visa,,unknown,unknown
PARRAMATTA,visa,,unknown,unknown
ARNCLIFFE,visa,,unknown,unknown
RICHMOND,visa,,unknown,unknown
HOMEBUSH WEST,visa,,unknown,unknown
WINSTON HILLS,visa,,unknown,unknown
STRATHFIELD,visa,,unknown,unknown
RIVERSTONE,visa,,unknown,unknown
BURWOOD,visa,,unknown,unknown
RYDALMERE,visa,,unknown,unknown
ASHFIELD,visa,,unknown,unknown
DULWICH HILL,visa,,unknown,unknown
STANHOPE GARDENS,visa,,unknown,unknown
MARRICKVILLE,visa,,unknown,unknown
CONCORD,visa,,unknown,unknown
MASCOT,visa,,unknown,unknown
MATRAVILLE,visa,,unknown,unknown
BAULKHAM HILLS,visa,,unknown,unknown
RHODES,visa,,unknown,unknown
LEICHHARDT,visa,,unknown,unknown
EASTGARDENS,visa,,unknown,unknown
FIVE DOCK,visa,,unknown,unknown
WINDSOR,visa,,unknown,unknown
ROUSE HILL,visa,,unknown,unknown
EASTLAKES,visa,,unknown,unknown
NEWTOWN,visa,,unknown,unknown
ROSEBERY,visa,,unknown,unknown
MAROUBRA,visa,,unknown,unknown
CAMPERDOWN,visa,,unknown,unknown
KINGSFORD,visa,,unknown,unknown
KELLYVILLE,visa,,unknown,unknown
EVELEIGH,visa,,unknown,unknown
WEST RYDE,visa,,unknown,unknown
CARLINGFORD,visa,,unknown,unknown
THE UNIVERSITY OF SYDNEY,visa,,unknown,unknown
REDFERN,visa,,unknown,unknown
RYDE,visa,,unknown,unknown
EASTWOOD,visa,,unknown,unknown
DRUMMOYNE,visa,,unknown,unknown
CASTLE HILL,visa,,unknown,unknown
ULTIMO,visa,,unknown,unknown
WATERLOO,visa,,unknown,unknown
RANDWICK,visa,,unknown,unknown
HAYMARKET,visa,,unknown,unknown
COOGEE,visa,,unknown,unknown
SURRY HILLS,visa,,unknown,unknown
SYDNEY,visa,,unknown,unknown
BALMAIN,visa,,unknown,unknown
TOWN HALL SYDNEY,visa,,unknown,unknown
BARANGAROO,visa,,unknown,unknown
POTTS POINT,visa,,unknown,unknown
BONDI JUNCTION,visa,,unknown,unknown
CHERRYBROOK,visa,,unknown,unknown
PENNANT HILLS,visa,,unknown,unknown
NORTH RYDE,visa,,unknown,unknown
DURAL,visa,,unknown,unknown
DOUBLE BAY,visa,,unknown,unknown
LANE COVE,visa,,unknown,unknown
NORTH SYDNEY,visa,,unknown,unknown
BONDI BEACH,visa,,unknown,unknown
CROWS NEST,visa,,unknown,unknown
GULGONG,visa,,unknown,unknown
NEUTRAL BAY,visa,,unknown,unknown
ROSE BAY,visa,,unknown,unknown
CHATSWOOD,visa,,unknown,unknown
GORDON,visa,,unknown,unknown
MOSMAN,visa,,unknown,unknown
HORNSBY,visa,,unknown,unknown
ST IVES,visa,,unknown,unknown
BALGOWLAH,visa,,unknown,unknown
FRENCHS FOREST,visa,,unknown,unknown
MANLY,visa,,unknown,unknown
BROOKVALE,visa,,unknown,unknown
DEE WHY,visa,,unknown,unknown
WARRIEWOOD,visa,,unknown,unknown
MONA VALE,visa,,unknown,unknown
COONAMBLE,visa,,unknown,unknown
AVALON BEACH,visa,,unknown,unknown
WOY WOY,visa,,unknown,unknown
GOSFORD,visa,,unknown,unknown
ERINA,visa,,unknown,unknown
BATEAU BAY,visa,,unknown,unknown
TUGGERAH,visa,,unknown,unknown
WYONG,visa,,unknown,unknown
COONABARABRAN,visa,,unknown,unknown
LAKE HAVEN,visa,,unknown,unknown
WALGETT,visa,,unknown,unknown
BUDGEWOI,visa,,unknown,unknown
MORISSET,visa,,unknown,unknown
SWANSEA,visa,,unknown,unknown
CESSNOCK,visa,,unknown,unknown
TORONTO,visa,,unknown,unknown
BELMONT,visa,,unknown,unknown
WARNERS BAY,visa,,unknown,unknown
SINGLETON,visa,,unknown,unknown
MOUNT HUTTON,visa,,unknown,unknown
KURRI KURRI,visa,,unknown,unknown
GLENDALE,visa,,unknown,unknown
CHARLESTOWN,visa,,unknown,unknown
MUSWELLBROOK,visa,,unknown,unknown
KOTARA,visa,,unknown,unknown
WALLSEND,visa,,unknown,unknown
JESMOND,visa,,unknown,unknown
HAMILTON,visa,,unknown,unknown
MAYFIELD,visa,,unknown,unknown
NEWCASTLE,visa,,unknown,unknown
EAST MAITLAND,visa,,unknown,unknown
SCONE,visa,,unknown,unknown
RAYMOND TERRACE,visa,,unknown,unknown
QUIRINDI,visa,,unknown,unknown
SALAMANDER BAY,visa,,unknown,unknown
GUNNEDAH,visa,,unknown,unknown
NARRABRI,visa,,unknown,unknown
TAMWORTH,visa,,unknown,unknown
GLOUCESTER,visa,,unknown,unknown
FORSTER,visa,,unknown,unknown
TUNCURRY,visa,,unknown,unknown
TAREE,visa,,unknown,unknown
MOREE,visa,,unknown,unknown
WALCHA,visa,,unknown,unknown
LAURIETON,visa,,unknown,unknown
WAUCHOPE,visa,,unknown,unknown
ARMIDALE,visa,,unknown,unknown
PORT MACQUARIE,visa,,unknown,unknown
INVERELL,visa,,unknown,unknown
KEMPSEY,visa,,unknown,unknown
GLEN INNES,visa,,unknown,unknown
MACKSVILLE,visa,,unknown,unknown
NAMBUCCA HEADS,visa,,unknown,unknown
COFFS HARBOUR,visa,,unknown,unknown
WOOLGOOLGA,visa,,unknown,unknown
GRAFTON,visa,,unknown,unknown
YAMBA,visa,,unknown,unknown
CASINO,visa,,unknown,unknown
KYOGLE,visa,,unknown,unknown
LISMORE,visa,,unknown,unknown
BALLINA,visa,,unknown,unknown
MULLUMBIMBY,visa,,unknown,unknown
BYRON BAY,visa,,unknown,unknown
MURWILLUMBAH,visa,,unknown,unknown
KINGSCLIFF,visa,,unknown,unknown
BANORA POINT,visa,,unknown,unknown
TWEED HEADS SOUTH,visa,,unknown,unknown
TWEED HEADS,visa,,unknown,unknown
NORFOLK ISLAND,visa,,unknown,unknown
Penrith South,western_union,,unknown,FRIENDLY GROCER PENRITH
Auburn,western_union,,unknown,CROWNEX TRADING
Minchinbury,western_union,,unknown,KING OF THE PACK MINCHIBURY PTY LTD
