City,Place Name,Zipcode,Name
Cambridge,alamo,,unknown,Hobart International Airport
Western Junction,alamo,,unknown,Launceston Airport
Hobart,ally_fashion_au,,unknown,Hobart
Shearwater,amcal_au,Shops 6-9 11 Poyston Drive Shearwater TAS 7307,unknown,Amcal+ Pharmacy Shearwater
Deloraine,amcal_au,London House 62-64 Emu Bay Road Deloraine TAS 7304,unknown,Amcal+ Pharmacy Deloraine
Sandy Bay,amcal_au,638 Sandy Bay Road Sandy Bay TAS 7005,unknown,Amcal+ Pharmacy Bayside (TAS)
Derwent Park,amcal_au,254 Main Road Derwent Park TAS 7009,unknown,Amcal+ Pharmacy Derwent Park
North Hobart,amcal_au,384 Elizabeth Street North Hobart TAS 7000,unknown,Amcal+ Pharmacy Elizabeth St North Hobart
New Norfolk,amcal_au,53 High Street,unknown,Amcal Pharmacy New Norfolk
Wynyard,amcal_au,112 Goldie Street Wynyard TAS 7325,unknown,Amcal+ Pharmacy Dixon's Wynyard
Scottsdale,amcal_au,15 King Street Scottsdale TAS 7260,unknown,Amcal+ Pharmacy Scottsdale - Galloway's
Smithton,amcal_au,18 King Street Smithton TAS 7330,unknown,Amcal+ Pharmacy Smithton
Lenah Valley,amcal_au,106 Augusta Road Lenah Valley TAS 7008,unknown,Amcal+ Pharmacy Lenah Valley
Montrose,amcal_au,502 Main Road Montrose TAS 7010,unknown,Amcal+ Pharmacy Rosetta
Lauderdale,amcal_au,476 South Arm Road Lauderdale TAS 7021,unknown,Amcal+ Pharmacy Lauderdale
Howrah,amcal_au,178 Clarence Street Howrah TAS 7018,unknown,Amcal+ Pharmacy Howrah - Wentworth
Howrah,amcal_au,6 Shoreline Drive Shoreline Shopping Centre Howrah TAS 7018,unknown,Amcal+ Pharmacy Howrah - Shoreline
Hobart,anytime_fitness,,unknown,Anytime Fitness
Kingston,anytime_fitness,,unknown,Anytime Fitness
Devonport,anytime_fitness,,unknown,Anytime Fitness
Sandy Bay,anytime_fitness,,unknown,Anytime Fitness
Burnie,anytime_fitness,,unknown,Anytime Fitness
Glenorchy,anytime_fitness,,unknown,Anytime Fitness
Rosny Park,anytime_fitness,,unknown,Anytime Fitness
Launceston,anytime_fitness,,unknown,Anytime Fitness
Moonah,ashley_furniture,,unknown,"Ashley Moonah, TAS"
SWANSEA,australia_post_au,,unknown,unknown
COLES BAY,australia_post_au,,unknown,unknown
BICHENO,australia_post_au,,unknown,unknown
AVOCA,australia_post_au,,unknown,AVOCA LPO
FINGAL,australia_post_au,,unknown,FINGAL LPO
ROSS,australia_post_au,,unknown,ROSS LPO
ROSSARDEN,australia_post_au,,unknown,ROSSARDEN CPA
CAMPBELL TOWN,australia_post_au,,unknown,unknown
ST MARYS,australia_post_au,,unknown,unknown
TUNBRIDGE,australia_post_au,,unknown,unknown
CONARA,australia_post_au,,unknown,unknown
TRIABUNNA,australia_post_au,,unknown,TRIABUNNA LPO
MATHINNA,australia_post_au,,unknown,unknown
FALMOUTH,australia_post_au,,unknown,unknown
EPPING FOREST,australia_post_au,,unknown,EPPING FOREST CPA
OATLANDS,australia_post_au,,unknown,unknown
ORFORD,australia_post_au,,unknown,ORFORD LPO
SCAMANDER,australia_post_au,,unknown,unknown
NILE,australia_post_au,,unknown,unknown
BEAUMARIS,australia_post_au,,unknown,unknown
BUCKLAND,australia_post_au,,unknown,BUCKLAND CPA
ST HELENS,australia_post_au,,unknown,St Helens Parcel Locker
EVANDALE,australia_post_au,,unknown,unknown
STIEGLITZ,australia_post_au,,unknown,unknown
COLEBROOK,australia_post_au,,unknown,COLEBROOK CPA
PERTH,australia_post_au,,unknown,unknown
WESTERN JUNCTION,australia_post_au,,unknown,unknown
CRESSY,australia_post_au,,unknown,unknown
MELTON MOWBRAY,australia_post_au,,unknown,unknown
LONGFORD,australia_post_au,,unknown,LONGFORD LPO
RINGAROOMA,australia_post_au,,unknown,unknown
BINALONG BAY,australia_post_au,,unknown,unknown
CAMPANIA,australia_post_au,,unknown,unknown
KEMPTON,australia_post_au,,unknown,KEMPTON LPO
YOUNGTOWN,australia_post_au,,unknown,unknown
POATINA,australia_post_au,,unknown,POATINA CPA
NUNAMARA,australia_post_au,,unknown,NUNAMARA LPO
ST LEONARDS,australia_post_au,,unknown,unknown
NORWOOD,australia_post_au,,unknown,unknown
LEGERWOOD,australia_post_au,,unknown,unknown
DYSART,australia_post_au,,unknown,unknown
KINGS MEADOWS,australia_post_au,,unknown,unknown
PUNCHBOWL,australia_post_au,,unknown,unknown
LAUNCESTON,australia_post_au,,unknown,unknown
BOTHWELL,australia_post_au,,unknown,unknown
WAVERLEY,australia_post_au,,unknown,unknown
SOUTH LAUNCESTON,australia_post_au,,unknown,unknown
NEWSTEAD,australia_post_au,,unknown,unknown
COPPING,australia_post_au,,unknown,unknown
PROSPECT VALE,australia_post_au,,unknown,unknown
PROSPECT,australia_post_au,,unknown,unknown
SUMMERHILL,australia_post_au,,unknown,unknown
WEST LAUNCESTON,australia_post_au,,unknown,unknown
RAVENSWOOD,australia_post_au,,unknown,unknown
EAST LAUNCESTON,australia_post_au,,unknown,unknown
RICHMOND,australia_post_au,,unknown,RICHMOND LPO
SORELL,australia_post_au,,unknown,unknown
TEA TREE,australia_post_au,,unknown,unknown
FORCETT,australia_post_au,,unknown,unknown
ARTHURS LAKE,australia_post_au,,unknown,ARTHURS LAKE CPA
HADSPEN,australia_post_au,,unknown,unknown
BAGDAD,australia_post_au,,unknown,BAGDAD LPO
BRANXHOLM,australia_post_au,,unknown,unknown
MANGALORE,australia_post_au,,unknown,unknown
INVERMAY,australia_post_au,,unknown,unknown
TREVALLYN,australia_post_au,,unknown,unknown
BRACKNELL,australia_post_au,,unknown,BRACKNELL LPO
DERBY,australia_post_au,,unknown,unknown
MOWBRAY,australia_post_au,,unknown,unknown
PONTVILLE,australia_post_au,,unknown,unknown
MIDWAY POINT,australia_post_au,,unknown,unknown
CARRICK,australia_post_au,,unknown,unknown
MOWBARY,australia_post_au,,unknown,unknown
SPRINGFIELD,australia_post_au,,unknown,unknown
LEWISHAM,australia_post_au,,unknown,unknown
RIVERSIDE,australia_post_au,,unknown,unknown
NEWNHAM,australia_post_au,,unknown,unknown
BRIGHTON,australia_post_au,,unknown,BRIGHTON LPO
MAYFIELD,australia_post_au,,unknown,unknown
ROCHERLEA,australia_post_au,,unknown,unknown
DUNALLEY,australia_post_au,,unknown,unknown
DODGES FERRY,australia_post_au,,unknown,DODGES FERRY LPO
WINNALEAH,australia_post_au,,unknown,WINNALEAH LPO
SCOTTSDALE,australia_post_au,,unknown,unknown
CAMBRIDGE,australia_post_au,,unknown,unknown
PIONEER,australia_post_au,,unknown,unknown
GAGEBROOK,australia_post_au,,unknown,unknown
BRIDGEWATER,australia_post_au,,unknown,unknown
HERDSMANS COVE,australia_post_au,,unknown,unknown
PRIMROSE SANDS,australia_post_au,,unknown,PRIMROSE SANDS CPA
SEVEN MILE BEACH,australia_post_au,,unknown,unknown
RISDON VALE,australia_post_au,,unknown,unknown
OLD BEACH,australia_post_au,,unknown,unknown
HAGLEY,australia_post_au,,unknown,HAGLEY LPO
LILYDALE,australia_post_au,,unknown,LILYDALE LPO
MURDUNNA,australia_post_au,,unknown,MURDUNNA CPA
DILSTON,australia_post_au,,unknown,unknown
LEGANA,australia_post_au,,unknown,unknown
CLAREMONT,australia_post_au,,unknown,unknown
OTAGO,australia_post_au,,unknown,unknown
MIENA,australia_post_au,,unknown,MIENA CPA
GEILSTON BAY,australia_post_au,,unknown,unknown
LINDISFARNE,australia_post_au,,unknown,unknown
MORNINGTON,australia_post_au,,unknown,unknown
WARRANE,australia_post_au,,unknown,WARRANE LPO
CHIGWELL,australia_post_au,,unknown,unknown
BERRIEDALE,australia_post_au,,unknown,unknown
GOODWOOD,australia_post_au,,unknown,unknown
ROSE BAY,australia_post_au,,unknown,unknown
BELLERIVE,australia_post_au,,unknown,BELLERIVE LPO
DERWENT PARK,australia_post_au,,unknown,unknown
HOWRAH,australia_post_au,,unknown,unknown
CLARENDON VALE,australia_post_au,,unknown,unknown
MOONAH,australia_post_au,,unknown,unknown
ROSNY PARK,australia_post_au,,unknown,unknown
LAUDERDALE,australia_post_au,,unknown,unknown
ROSETTA,australia_post_au,,unknown,unknown
MONTAGU BAY,australia_post_au,,unknown,unknown
LUTANA,australia_post_au,,unknown,unknown
ROKEBY,australia_post_au,,unknown,unknown
MONTROSE,australia_post_au,,unknown,unknown
GLENORCHY,australia_post_au,,unknown,unknown
GRINDELWALD,australia_post_au,,unknown,GRINDELWALD CPA
WESTBURY,australia_post_au,,unknown,WESTBURY LPO
CORNELIAN BAY,australia_post_au,,unknown,unknown
SWAN BAY,australia_post_au,,unknown,unknown
ROSNY,australia_post_au,,unknown,unknown
NEW TOWN,australia_post_au,,unknown,unknown
NORTH HOBART,australia_post_au,,unknown,unknown
GLEBE,australia_post_au,,unknown,unknown
LENAH VALLEY,australia_post_au,,unknown,unknown
HOBART,australia_post_au,,unknown,unknown
MOUNT STUART,australia_post_au,,unknown,unknown
BATTERY POINT,australia_post_au,,unknown,unknown
WEST HOBART,australia_post_au,,unknown,unknown
EAGLEHAWK NECK,australia_post_au,,unknown,unknown
SANDY BAY,australia_post_au,,unknown,unknown
SOUTH HOBART,australia_post_au,,unknown,unknown
HAMILTON,australia_post_au,,unknown,HAMILTON LPO
MOUNT DIRECTION,australia_post_au,,unknown,MOUNT DIRECTION CPA
DYNNYRNE,australia_post_au,,unknown,unknown
MOUNT NELSON,australia_post_au,,unknown,unknown
NEW NORFOLK,australia_post_au,,unknown,unknown
GRETNA,australia_post_au,,unknown,GRETNA CPA
GLADSTONE,australia_post_au,,unknown,GLADSTONE LPO
GRAVELLY BEACH,australia_post_au,,unknown,GRAVELLY BEACH LPO
TAROONA,australia_post_au,,unknown,unknown
EXETER,australia_post_au,,unknown,unknown
TARANNA,australia_post_au,,unknown,unknown
PREMAYDENA,australia_post_au,,unknown,unknown
OUSE,australia_post_au,,unknown,OUSE LPO
FERN TREE,australia_post_au,,unknown,unknown
GLENGARRY,australia_post_au,,unknown,GLENGARRY LPO
HILLWOOD,australia_post_au,,unknown,unknown
BUSHY PARK,australia_post_au,,unknown,BUSHY PARK CPA
OPOSSUM BAY,australia_post_au,,unknown,unknown
MEANDER,australia_post_au,,unknown,unknown
KINGSTON,australia_post_au,,unknown,DAVIS CPA
BRIDPORT,australia_post_au,,unknown,BRIDPORT LPO
KINGSTON BEACH,australia_post_au,,unknown,unknown
DELORAINE,australia_post_au,,unknown,unknown
SOUTH ARM,australia_post_au,,unknown,SOUTH ARM LPO
NUBEENA,australia_post_au,,unknown,NUBEENA LPO
BLACKMANS BAY,australia_post_au,,unknown,unknown
WESTERWAY,australia_post_au,,unknown,unknown
HUNTINGFIELD,australia_post_au,,unknown,unknown
FRANKFORD,australia_post_au,,unknown,FRANKFORD CPA
BRONTE PARK,australia_post_au,,unknown,BRONTE PARK CPA
ELLENDALE,australia_post_au,,unknown,unknown
PIPERS RIVER,australia_post_au,,unknown,PIPERS RIVER LPO
SIDMOUTH,australia_post_au,,unknown,unknown
PORT ARTHUR,australia_post_au,,unknown,unknown
SANDFLY,australia_post_au,,unknown,unknown
LOWER LONGLEY,australia_post_au,,unknown,unknown
MARGATE,australia_post_au,,unknown,unknown
DENNES POINT,australia_post_au,,unknown,unknown
WEYMOUTH,australia_post_au,,unknown,unknown
WAYATINAH,australia_post_au,,unknown,WAYATINAH CPA
LEFROY,australia_post_au,,unknown,unknown
GROVE,australia_post_au,,unknown,unknown
BEACONSFIELD,australia_post_au,,unknown,unknown
SNUG,australia_post_au,,unknown,unknown
BARNES BAY,australia_post_au,,unknown,unknown
BEAUTY POINT,australia_post_au,,unknown,BEAUTY POINT LPO
RANELAGH,australia_post_au,,unknown,unknown
HUONVILLE,australia_post_au,,unknown,unknown
GEORGE TOWN,australia_post_au,,unknown,unknown
KETTERING,australia_post_au,,unknown,KETTERING LPO
MAYDENA,australia_post_au,,unknown,unknown
MOLE CREEK,australia_post_au,,unknown,unknown
KIMBERLEY,australia_post_au,,unknown,unknown
GLEN HUON,australia_post_au,,unknown,unknown
WOODBRIDGE,australia_post_au,,unknown,WOODBRIDGE LPO
GREENS BEACH,australia_post_au,,unknown,GREENS BEACH CPA
FRANKLIN,australia_post_au,,unknown,FRANKLIN LPO
DERWENT BRIDGE,australia_post_au,,unknown,DERWENT BRIDGE CPA
CYGNET,australia_post_au,,unknown,unknown
RAILTON,australia_post_au,,unknown,RAILTON LPO
MIDDLETON,australia_post_au,,unknown,MIDDLETON LPO
CASTLE FORBES BAY,australia_post_au,,unknown,unknown
PORT SORELL,australia_post_au,,unknown,unknown
SHEARWATER,australia_post_au,,unknown,PORT SORELL LPO
HAWLEY BEACH,australia_post_au,,unknown,unknown
PORT HUON,australia_post_au,,unknown,unknown
SHEFFIELD,australia_post_au,,unknown,unknown
LATROBE,australia_post_au,,unknown,unknown
GEEVESTON,australia_post_au,,unknown,unknown
WESLEY VALE,australia_post_au,,unknown,unknown
ALONNAH,australia_post_au,,unknown,unknown
DEVONPORT,australia_post_au,,unknown,unknown
BARRINGTON,australia_post_au,,unknown,unknown
ADVENTURE BAY,australia_post_au,,unknown,ADVENTURE BAY CPA
SPREYTON,australia_post_au,,unknown,unknown
LORINNA,australia_post_au,,unknown,LORINNA CPA
AMBLESIDE,australia_post_au,,unknown,unknown
EAST DEVONPORT,australia_post_au,,unknown,unknown
QUOIBA,australia_post_au,,unknown,unknown
MIANDETTA,australia_post_au,,unknown,unknown
LUNAWANNA,australia_post_au,,unknown,unknown
WILMOT,australia_post_au,,unknown,WILMOT LPO
DOVER,australia_post_au,,unknown,unknown
DON,australia_post_au,,unknown,unknown
STRATHBLANE,australia_post_au,,unknown,unknown
FORTH,australia_post_au,,unknown,FORTH LPO
TURNERS BEACH,australia_post_au,,unknown,unknown
ULVERSTONE,australia_post_au,,unknown,unknown
GAWLER,australia_post_au,,unknown,GAWLER LPO
SOUTHPORT,australia_post_au,,unknown,unknown
WEST ULVERSTONE,australia_post_au,,unknown,unknown
CAPE BARREN ISLAND,australia_post_au,,unknown,CAPE BARREN ISLAND LPO
PENGUIN,australia_post_au,,unknown,unknown
SOUTH RIANA,australia_post_au,,unknown,RIANA SOUTH LPO
RIANA,australia_post_au,,unknown,unknown
SULPHUR CREEK,australia_post_au,,unknown,SULPHUR CREEK CPA
STOWPORT,australia_post_au,,unknown,unknown
TULLAH,australia_post_au,,unknown,TULLAH LPO
LADY BARRON,australia_post_au,,unknown,LADY BARRON LPO
WIVENHOE,australia_post_au,,unknown,unknown
EMU HEIGHTS,australia_post_au,,unknown,unknown
QUEENSTOWN,australia_post_au,,unknown,unknown
BROOKLYN,australia_post_au,,unknown,unknown
ROMAINE,australia_post_au,,unknown,unknown
UPPER BURNIE,australia_post_au,,unknown,unknown
SOUTH BURNIE,australia_post_au,,unknown,BURNIE DC
HIGHCLERE,australia_post_au,,unknown,unknown
RIDGELY,australia_post_au,,unknown,unknown
RIDGLEY,australia_post_au,,unknown,RIDGLEY LPO
BURNIE,australia_post_au,,unknown,unknown
HILLCREST,australia_post_au,,unknown,unknown
MONTELLO,australia_post_au,,unknown,unknown
SHOREWELL PARK,australia_post_au,,unknown,unknown
PARK GROVE,australia_post_au,,unknown,unknown
ROSEBERY,australia_post_au,,unknown,unknown
COOEE,australia_post_au,,unknown,unknown
WHITEMARK,australia_post_au,,unknown,WHITEMARK LPO
CAMDALE,australia_post_au,,unknown,unknown
SOMERSET,australia_post_au,,unknown,unknown
YOLLA,australia_post_au,,unknown,unknown
WARATAH,australia_post_au,,unknown,unknown
WYNYARD,australia_post_au,,unknown,unknown
ZEEHAN,australia_post_au,,unknown,unknown
STRAHAN,australia_post_au,,unknown,STRAHAN LPO
BOAT HARBOUR,australia_post_au,,unknown,BOAT HARBOUR LPO
SISTERS BEACH,australia_post_au,,unknown,SISTERS BEACH CPA
ROCKY CAPE,australia_post_au,,unknown,ROCKY CAPE LPO
FOREST,australia_post_au,,unknown,FOREST LPO
STANLEY,australia_post_au,,unknown,STANLEY LPO
IRISHTOWN,australia_post_au,,unknown,IRISHTOWN LPO
SMITHTON,australia_post_au,,unknown,SMITHTON POST SHOP
MARRAWAH,australia_post_au,,unknown,MARRAWAH LPO
GRASSY,australia_post_au,,unknown,GRASSY HARBOUR CPA
CURRIE,australia_post_au,,unknown,CURRIE LPO
Derwent Park,baby_bunting,Tenancy 1 10 Derwent Park Road Derwent Park TAS,unknown,Glenorchy
Kings Meadows,bakers_delight,,unknown,Bakers Delight Meadow Mews
Claremont,bakers_delight,,unknown,Bakers Delight Claremont Plaza
Mowbray,bakers_delight,,unknown,Bakers Delight Mowbray
Newtown,bakers_delight,,unknown,Bakers Delight New Town
Launceston,barbeques_galore_au,,unknown,Launceston
Hobart,barbeques_galore_au,,unknown,Hobart
Hobart,battery_world_au,,unknown,Battery World Hobart
Burnie,best_and_less_au,39 Mount St Burnie Tasmania 7320,unknown,Burnie
Devonport,best_and_less_au,44 Rooke St Devonport Tasmania 7310,unknown,Devonport
Glenorchy,best_and_less_au,Northgate Shopping Centre 385 Main Rd Glenorchy Tasmania 7010,unknown,Glenorchy
Hobart,betts_au,,unknown,BETTS HOBART - Selected Betts Kids School Shoes
Hobart,bmw_group,,unknown,Hobart BMW
Invermay,bmw_group,,unknown,Launceston BMW
LINDISFARNE,bp,,unknown,BP LINDISFARNE
NORTH HOBART,bp,,unknown,BP BROOKER
MOONAH,bp,,unknown,BP MOONAH
CAMBRIDGE,bp,,unknown,BP HOBART AIRPORT
CLAREMONT,bp,,unknown,BP CLAREMONT (WYNDHAM RD)
LAUDERDALE,bp,,unknown,BP LAUDERDALE
KINGSTON,bp,,unknown,BP KINGSTON (TAS)
BRIDGEWATER,bp,,unknown,BP OPT BRIGHTON
BRIGHTON,bp,,unknown,BP BRIGHTON (TAS)
MARGATE,bp,,unknown,BP MARGATE
Kettering,bp,,unknown,BP KETTERING
HUONVILLE,bp,,unknown,BP HUONVILLE
DUNALLEY,bp,,unknown,BP Dunalley
CYGNET,bp,,unknown,BP CYGNET
DOVER,bp,,unknown,BP DOVER
TRIABUNNA,bp,,unknown,BP OPT TRIABUNNA
OATLANDS,bp,,unknown,BP OATLANDS
ROSS,bp,,unknown,BP ROSS NEWSAGANCY & TAKEAWAY
LONGFORD,bp,,unknown,BP LONGFORD
YOUNGTOWN,bp,,unknown,BP YOUNGTOWN
LAUNCESTON,bp,,unknown,DPT LAUNCESTON
DELORAINE,bp,,unknown,BP DELORAINE OPT
RIVERSIDE,bp,,unknown,BP RIVERSIDE (TAS)
NEWNHAM,bp,,unknown,BP NEWNHAM
SHEFFIELD,bp,,unknown,BP OPT SHEFFIELD
STRAHAN,bp,,unknown,BP STRAHAN
ST HELENS,bp,,unknown,BP ST HELENS
Strahan,bp,,unknown,OPT STRAHAN
SCOTTSDALE,bp,,unknown,BP OPT SCOTTSDALE
ROSEBERY,bp,,unknown,BP OPT MAHONEY'S ROSEBERY
ZEEHAN,bp,,unknown,BP OPT Zeehan
QUOIBA,bp,,unknown,BP OPT DEVONPORT
DEVONPORT,bp,,unknown,BP DEVONPORT
EAST DEVENPORT,bp,,unknown,BP OPT TARLETON STREET
ULVERSTONE,bp,,unknown,BP ULVERSTONE
WIVENHOE,bp,,unknown,DPT BURNIE (TAS)
BURNIE,bp,,unknown,BP BURNIE (NORTH TERRACE)
SMITHTON,bp,,unknown,BP SMITHTON
Huonville,bridgestone_select,,unknown,Bridgestone Service Centre Huonville
East Devonport,bridgestone_select,,unknown,Bridgestone Service Centre Devonport
Burnie,bridgestone_select,,unknown,Bridgestone Service Centre Burnie - Wivenhoe
Brighton,bridgestone_select,,unknown,Bridgestone Service Centre Brighton
Moonah,bridgestone_select,,unknown,Bridgestone Select Moonah
Launceston,bridgestone_select,,unknown,Bridgestone Select Launceston
Hobart,bridgestone_select,,unknown,Bridgestone Select Hobart
COOEE,burson_auto_parts_au,133 BASS HIGHWAY COOEE TAS 7320 Australia,unknown,BURNIE
DEVONPORT,burson_auto_parts_au,53 DON ROAD DEVONPORT TAS 7310 Australia,unknown,DEVONPORT
HOBART,burson_auto_parts_au,132 ARGYLE STREET HOBART TAS 7000 Australia,unknown,HOBART
INVERMAY,burson_auto_parts_au,122 INVERMAY ROAD INVERMAY TAS 7248 Australia,unknown,INVERMAY
KINGSTON,burson_auto_parts_au,SHOP 5 36 MERTONVALE CIRCUIT KINGSTON TAS 7050 Australia,unknown,KINGSTON
LAUNCESTON,burson_auto_parts_au,89 WELLINGTON STREET LAUNCESTON TAS 7250 Australia,unknown,LAUNCESTON
MOONAH,burson_auto_parts_au,145 MAIN ROAD MOONAH TAS 7009 Australia,unknown,MOONAH
Hobart,camera_house_au,66-68 Elizabeth Street Hobart 7000 TAS,unknown,Hobart
Launceston,camera_house_au,96 Brisbane Street Launceston 7250 TAS,unknown,Launceston
SCOTTSDALE,cellarbrations_au,,unknown,CELLARBRATIONS AT SCOTTSDALE
GEORGE TOWN,cellarbrations_au,,unknown,CELLARBRATIONS AT PIER HOTEL GEORGE TOWN
MOWBRAY,cellarbrations_au,,unknown,CELLARBRATIONS AT MOWBRAY
ST LEONARDS,cellarbrations_au,,unknown,CELLARBRATIONS AT VILLAGE INN ST LEONARDS
LAUNCESTON,cellarbrations_au,,unknown,CELLARBRATIONS AT TRC HOTEL
KINGS MEADOWS,cellarbrations_au,,unknown,CELLARBRATIONS AT MEADOW MEWS
DEVONPORT,cellarbrations_au,,unknown,CELLARBRATIONS AT DEVONPORT
PROSPECT VALE,cellarbrations_au,,unknown,CELLARBRATIONS AT BEVVIES PROSPECT
ULVERSTONE,cellarbrations_au,,unknown,CELLARBRATIONS RIVER ARMS
SOMERSET,cellarbrations_au,,unknown,CELLARBRATIONS AT SOMERSET HOTEL
DELORAINE,cellarbrations_au,,unknown,CELLARBRATIONS AT DELORAINE HOTEL
SMITHTON,cellarbrations_au,,unknown,CELLARBRATIONS AT SMITHTON CLUB
OATLANDS,cellarbrations_au,,unknown,CELLARBRATIONS AT OATLANDS
SORELL,cellarbrations_au,,unknown,CELLARBRATIONS AT SORELL
CAMBRIDGE PARK,cellarbrations_au,,unknown,CELLARBRATIONS AT SUPERSTORE CAMBRIDGE
GLENORCHY,cellarbrations_au,,unknown,CELLARBRATIONS AT GLENORCHY
HOWRAH,cellarbrations_au,,unknown,CELLARBRATIONS AT HOWRAH (SHORELINE HOTEL)
NORTH HOBART,cellarbrations_au,,unknown,CELLARBRATIONS AT BLACK BUFFALO HOTEL
HOBART,cellarbrations_au,,unknown,CELLARBRATIONS AT GLOBE HOBART
SANDY BAY,cellarbrations_au,,unknown,CELLARBRATIONS AT SANDY BAY (THE ABBEY)
KINGSTON,cellarbrations_au,,unknown,CELLARBRATIONS AT KINGSTON
BLACKMANS BAY,cellarbrations_au,,unknown,CELLARBRATIONS AT BLACKMANS BAY
SNUG,cellarbrations_au,,unknown,CELLARBRATIONS AT SNUG TAVERN
HUONVILLE,cellarbrations_au,,unknown,CELLARBRATIONS AT HUONVILLE
CYGNET,cellarbrations_au,,unknown,CELLARBRATIONS AT CYGNET
DOVER,cellarbrations_au,,unknown,CELLARBRATIONS AT DOVER
unknown,choices_flooring_au,61 Boland Street Launceston TAS 7250,unknown,Launceston
unknown,choices_flooring_au,6 Mertonvale Circuit Kingston TAS 7050,unknown,Kingston
unknown,choices_flooring_au,79 Brisbane Street Hobart TAS 7000,unknown,Hobart
unknown,choices_flooring_au,37 Formby Road Devonport TAS 7310,unknown,Devonport
unknown,choices_flooring_au,13c Tasman Highway Midway Point TAS 7171,unknown,"by Boxall, Midway Point"
unknown,choices_flooring_au,34 Albert Road Moonah TAS 7009,unknown,"by Advance, Moonah"
unknown,choices_flooring_au,131 Bass Highway Cooee TAS 7320,unknown,Burnie
Smithton,coles_au,,unknown,Coles Express Smithton
Burnie,coles_au,,unknown,Coles Burnie
Ulverstone,coles_au,,unknown,Coles Ulverstone
Devonport,coles_au,,unknown,Coles Express Devonport
Mowbray,coles_au,,unknown,Coles Mowbray
Invermay,coles_au,,unknown,Coles Express Invermay
Launceston,coles_au,,unknown,Coles Racecourse
Newstead,coles_au,,unknown,Coles Express Newstead
Kings Meadows,coles_au,,unknown,Coles Meadow Mews
New Norfolk,coles_au,,unknown,Coles Express New Norfolk
Bridgewater,coles_au,,unknown,Coles Bridgewater
Brighton,coles_au,,unknown,Coles Express Brighton
Glenorchy,coles_au,,unknown,Coles Glenorchy
Moonah,coles_au,,unknown,Coles Express Moonah
New Town,coles_au,,unknown,Coles New Town
Hobart,coles_au,,unknown,Coles Express Hobart
Sandy Bay,coles_au,,unknown,Coles Sandy Bay
Kingston,coles_au,,unknown,Coles Kingston
Blackmans Bay,coles_au,,unknown,Coles Express Blackmans Bay
Rosny,coles_au,,unknown,Eastlands
Howrah,coles_au,,unknown,Coles Glebe Hill
Sorell,coles_au,,unknown,Coles Express Sorell (new)
Launceston,commonwealth_bank_au,,unknown,Launceston
Kings Meadows,commonwealth_bank_au,,unknown,Kings Meadows
Mowbray,commonwealth_bank_au,,unknown,Mowbray
Longford,commonwealth_bank_au,,unknown,Longford
Exeter,commonwealth_bank_au,,unknown,Exeter
Deloraine,commonwealth_bank_au,,unknown,Deloraine
Scottsdale,commonwealth_bank_au,,unknown,Scottsdale
George Town,commonwealth_bank_au,,unknown,George Town
Campbell Town,commonwealth_bank_au,,unknown,Campbell Town
Latrobe,commonwealth_bank_au,,unknown,Latrobe
Devonport,commonwealth_bank_au,,unknown,Devonport Shops
Ulverstone,commonwealth_bank_au,,unknown,Ulverstone
St Helens,commonwealth_bank_au,,unknown,St Helens
Oatlands,commonwealth_bank_au,,unknown,Oatlands
Burnie,commonwealth_bank_au,,unknown,Burnie
Wynyard,commonwealth_bank_au,,unknown,Wynyard Tas
New Norfolk,commonwealth_bank_au,,unknown,New Norfolk
Sorell,commonwealth_bank_au,,unknown,Sorell
Glenorchy,commonwealth_bank_au,,unknown,Glenorchy
Moonah,commonwealth_bank_au,,unknown,Moonah
Rosny Park,commonwealth_bank_au,,unknown,Rosny Park
Hobart,commonwealth_bank_au,,unknown,Hobart
Sandy Bay,commonwealth_bank_au,,unknown,Sandy Bay
Kingston,commonwealth_bank_au,,unknown,Kingston
Huonville,commonwealth_bank_au,,unknown,Huonville
Sheffield,commonwealth_bank_au,,unknown,Sheffield
East Devonport,commonwealth_bank_au,,unknown,East Devonport
Bridgewater,commonwealth_bank_au,,unknown,Green Point Plaza
New Town,commonwealth_bank_au,,unknown,New Town Plaza
Cygnet,commonwealth_bank_au,,unknown,Cygnet
Kingston,crust_au,Shop 9A Channel Court  Shopping Centre 29 Channel Hwy Kingston TAS 7050,unknown,Kingston TAS
Hobart,cue,108 Liverpool Street,unknown,Hobart
Hobart,dangerfield,,unknown,DANGERFIELD TAS - HOBART
Kingston,donut_king_au,Shop 79 29 CHANNEL Highway Kingston Tasmania 7050,unknown,Donut King Channel Court
Hobart,donut_king_au,Kiosk 3 Cat and Fiddle Arcade-Clock Court Cnr Murray and Elizabeth Sts,unknown,Donut King Cat &#038; Fiddle Arcade
Rosny Park,donut_king_au,Shop G002 Eastlands Shopping Centre 26 Bligh St,unknown,Donut King Eastlands (TAS)
Howrah,donut_king_au,Shop 4 Shoreline Plaza 6 Shoreline Drive,unknown,Donut King Shoreline
Devonport,donut_king_au,Kiosk 1 Woolworths Shopping Centre 70-80 Best Street,unknown,Donut King Devonport
Kings Meadows,donut_king_au,Shop 34 Meadow Mews Shopping Centre,unknown,Donut King Meadow Mews
Launceston,drummond_golf_au,,unknown,Launceston Drummond Golf
Cambridge,drummond_golf_au,,unknown,Cambridge Drummond Golf
Glenorchy,dusk_au,,unknown,dusk Glenorchy
Hobart,dusk_au,,unknown,dusk Hobart
Rosny Park,dusk_au,,unknown,dusk Rosny Park
Launceston,dusk_au,,unknown,dusk Launceston
Moonah,early_settler,,unknown,Hobart
Devonport ,early_settler,,unknown,Devonport
Deloraine,first_national_real_estate_au,,unknown,First National Real Estate Claridge
Hobart ,first_national_real_estate_au,,unknown,First National Real Estate Hobart
Kingston,first_national_real_estate_au,,unknown,First National Real Estate Kingston
Hobart,flight_centre_au,,unknown,Flight Centre Centrepoint Cruise
Launceston,flight_centre_au,,unknown,Flight Centre Launceston
Glenorchy,flight_centre_au,,unknown,Flight Centre Glenorchy
Kings Meadows,flight_centre_au,,unknown,Flight Centre Kings Meadows
Devonport,flight_centre_au,,unknown,Flight Centre Devonport
Kingston,flight_centre_au,,unknown,Flight Centre Kingston
Hobart,forever_new,,unknown,Forever New - Hobart
Launceston,forever_new,,unknown,Forever New - Launceston
Derwent Park,greencross_au,,unknown,Derwent Park
Burnie,greencross_au,,unknown,Burnie
Devonport,greencross_au,,unknown,Devonport
Kingston,greencross_au,,unknown,Kingston
Launceston,greencross_au,,unknown,Launceston
Rosny Park,greencross_au,,unknown,Rosny Park
Hobart,house_au,,unknown,House Hobart
Rosny Park,house_au,,unknown,House Eastlands
Kingston,hungry_jacks,,unknown,Kingston
Devonport,hungry_jacks,,unknown,Devonport
Glenorchy,hungry_jacks,,unknown,Glenorchy
South Hobart,hungry_jacks,,unknown,South Hobart
South Launceston,hungry_jacks,,unknown,Launceston
Hobart,hungry_jacks,,unknown,Hobart
Mowbray,hungry_jacks,,unknown,Mowbray
Burnie,hungry_jacks,,unknown,Burnie
Hobart,jbhifi,,unknown,Hobart
Invermay,jbhifi,,unknown,Launceston HOME
Rosny Park,jbhifi,,unknown,Rosny Park
Glenorchy,just_cuts,,unknown,Northgate Glenorchy
Devonport,just_cuts,,unknown,Devonport
Kingston,just_cuts,,unknown,Kingston - Channel Court
Launceston,just_cuts,,unknown,Launceston -The Quadrant Mall
Kings Meadows,just_cuts,,unknown,King Meadows -Meadow Mews
Hobart,just_cuts,,unknown,Hobart - Cat and Fiddle Arcade
Rosny,just_cuts,,unknown,Eastlands - Rosny
Rosny Park,just_group,Shop U7 Eastland S/C 1 Bligh Street Bellerive Rosny Park TAS 7018 Australia,unknown,Dotti Bellerive
Rosny Park,just_group,Shop U12 Eastland S/Cntr 1 Bligh Street Bellerive Rosny Park TAS 7018 Australia,unknown,Just Jeans Bellerive
Rosny Park,just_group,Shop U011 Bellerive S/C 26 Bligh Street Bellerive Rosny Park TAS 7018 Australia,unknown,Peter Alexander Bellerive
Burnie,just_group,Shop 4/5 City Square S/C 56 Wilson St Burnie TAS 7320 Australia,unknown,Just Jeans Burnie
Devonport,just_group,. 99 - 101 Rooke Street Devonport TAS 7310 Australia,unknown,Just Jeans Devonport
Devonport,just_group,. 26 - 28 Best Street Devonport TAS 7310 Australia,unknown,Jay Jays Devonport
Glenorchy,just_group,Shop 10Northgate S/Ctre 387 - 391 Main Road Glenorchy TAS 7010 Australia,unknown,Jay Jays Glenorchy
Hobart,just_group,. 86 Murray St Hobart TAS 7000 Australia,unknown,Peter Alexander Hobart
Hobart,just_group,Shop 12Cat & Fiddle Arc. 101 Collins Street Hobart TAS 7000 Australia,unknown,Smiggle Hobart
Hobart,just_group,Shop 30/31 Cat & Fiddle 101 Collins St Hobart TAS 7000 Australia,unknown,Portmans Hobart
Hobart,just_group,Shop 28 Cat&Fiddle Arcade 101 Collins St Hobart TAS 7000 Australia,unknown,Dotti Hobart
Hobart,just_group,Shop 50Cat & Fiddle Arc. 101 Collins Street Hobart TAS 7000 Australia,unknown,Just Jeans Hobart
Hobart,just_group,Shop 218/219 Centrepoint S/C 70 Murray Street Hobart TAS 7000 Australia,unknown,Jacqui E Hobart
Kings Meadows,just_group,Shop 6 Meadow Mews Sc 102-106 Hobart Road Kingsmeadow Kings Meadows TAS 7249 Australia,unknown,Just Jeans Kingsmeadow
Launceston,just_group,140 Brisbane Street . Launceston TAS 7250 Australia,unknown,Peter Alexander Launceston
Launceston,just_group,. 104 Brisbane Street Launceston TAS 7250 Australia,unknown,Smiggle Launceston
Launceston,just_group,Shop 6Launceston Mall Charles Street Launceston TAS 7250 Australia,unknown,Portmans Launceston
Launceston,just_group,. 137 Brisbane Street Launceston TAS 7250 Australia,unknown,Just Jeans Launceston
Launceston,just_group,. 147 - 149 Charles Street Launceston TAS 7250 Australia,unknown,Jay Jays Launceston
GLENORCHY,lj_hooker_au_nz,,unknown,LJ Hooker Pinnacle Property
DEVONPORT,lj_hooker_au_nz,,unknown,LJ Hooker Devonport
MOWBRAY,lj_hooker_au_nz,,unknown,LJ Hooker Launceston City
WYNYARD,lj_hooker_au_nz,,unknown,LJ Hooker Wynyard
ST HELENS,lj_hooker_au_nz,,unknown,LJ Hooker St Helens
Hobart,lovisa,,unknown,Lovisa
Launceston,lovisa,,unknown,Lovisa
Hobart,mcdonalds_qstore,,unknown,NORTH HOBART TAS
New Norfolk,mcdonalds_qstore,,unknown,NEW NORFOLK
Devonport,mcdonalds_qstore,,unknown,DEVONPORT TAS
Moonah,mcdonalds_qstore,,unknown,MOONAH TAS
Rosny Park,mcdonalds_qstore,,unknown,ROSNY PARK TAS
Kings Meadows,mcdonalds_qstore,,unknown,KINGS MEADOWS TAS
Burnie,mcdonalds_qstore,,unknown,BURNIE TAS
Launceston,mcdonalds_qstore,,unknown,SOUTH LAUNCESTON TAS
Kingston,mcdonalds_qstore,,unknown,KINGSTON TAS
Bridgewater,mcdonalds_qstore,,unknown,BRIDGEWATER TAS
Sandy Bay,mcdonalds_qstore,,unknown,SANDY BAY TAS
Ulverstone,mcdonalds_qstore,,unknown,ULVERSTONE TAS
Sorell,mcdonalds_qstore,,unknown,SORELL TAS
Hobart,mcgrath_au,,unknown,McGrath Hobart
Launceston,mcgrath_au,,unknown,McGrath Launceston
Devonport,mcgrath_au,,unknown,McGrath Devonport
North Hobart,nandos,,unknown,NORTH HOBART
Rosny Park,nandos,,unknown,EASTLANDS ROSNY PARK
Cambridge,national,,unknown,Hobart International Airport
Western Junction,national,,unknown,Launceston Airport
LAUNCESTON,nissan_europe,,unknown,Motors Nissan Launceston
DEVONPORT,nissan_europe,,unknown,Motors Nissan Devonport
BURNIE,nissan_europe,,unknown,Motors Nissan Burnie
HOBART,nissan_europe,,unknown,Hobart Nissan
Glenorchy,nutrition_warehouse_au,,unknown,Hobart
Invermay,officeworks_au,,unknown,Launceston Officeworks
Hobart,officeworks_au,,unknown,Hobart Officeworks
Hobart,oxford_au,,unknown,Hobart Cat & Fiddle
Devonport,petstock_au,,unknown,Petstock Country Devonport
Invermay,petstock_au,,unknown,Petstock Launceston
Launceston,petstock_au,,unknown,Petstock Launceston Central
Glenorchy,petstock_au,,unknown,Petstock Glenorchy
Derwent Park,petstock_au,,unknown,Petstock Country Derwent Park
Hobart,petstock_au,,unknown,Petstock Hobart
Huonville,petstock_au,,unknown,Petstock Country Huonville
Mornington,petstock_au,,unknown,Petstock Country Mornington
Sorell,petstock_au,,unknown,Petstock Country Sorell
Kingston,petstock_au,,unknown,Petstock Country Kingston
George Town,pharmasave_au,76 Macquarie Street,unknown,PharmaSave Your Pharmacy George Town
Lilydale,pharmasave_au,1979 Main Rd,unknown,PharmaSave Lilydale
Rosny Park,qbd_books_au,,unknown,QBD Books - Hobart Eastlands
CAMBRIDGE PARK,rsea_safety_au,,unknown,RSEA Safety Cambridge Park
Derwent Park,rsea_safety_au,,unknown,RSEA Safety Derwent Park
Devonport,rsea_safety_au,,unknown,RSEA Safety Devonport
Hobart,rsea_safety_au,,unknown,RSEA Safety Hobart
Launceston,rsea_safety_au,,unknown,RSEA Safety Launceston
Hobart,shaver_shop,,unknown,Hobart CBD
Launceston,shaver_shop,,unknown,Launceston
HOBART,shell,,unknown,SHELL COLES EXPRESS HOBART
SANDY BAY,shell,,unknown,SHELL COLES EXPRESS SANDY BAY
MOONAH,shell,,unknown,SHELL COLES EXPRESS MOONAH
GLENORCHY,shell,,unknown,SHELL COLES EXPRESS GLENORCHY
HOWRAH,shell,,unknown,SHELL COLES EXPRESS HOWRAH
RISDON VALE,shell,,unknown,SHELL RISDON VALE
BLACKMANS BAY,shell,,unknown,SHELL COLES EXPRESS BLACKMANS BAY
CAMBRIDGE,shell,,unknown,SHELL CAMBRIDGE UNMANNED
BRIDGEWATER,shell,,unknown,SHELL BRIDGEWATER UNMANNED
BRIGHTON,shell,,unknown,SHELL COLES EXPRESS BRIGHTON
SORELL,shell,,unknown,SHELL COLES EXPRESS SORELL
NEW NORFOLK,shell,,unknown,SHELL COLES EXPRESS NEW NORFOLK
CAMPANIA,shell,,unknown,SHELL CAMPANIA
DUNALLEY,shell,,unknown,SHELL DUNALLEY
BUCKLAND,shell,,unknown,SHELL BUCKLAND STORE
LONGFORD,shell,,unknown,SHELL LONGFORD
WESTBURY,shell,,unknown,SHELL WESTBURY UNMANNED
LAUNCESTON WEST,shell,,unknown,SHELL WEST LAUNCESTON
LAUNCESTON,shell,,unknown,SHELL COLES EXPRESS LAUNCESTON
NEWSTEAD,shell,,unknown,SHELL COLES EXPRESS NEWSTEAD
DELORAINE,shell,,unknown,SHELL HUETTS & EASTLEY
INVERMAY,shell,,unknown,SHELL COLES EXPRESS INVERMAY
SCAMANDER,shell,,unknown,SHELL SCAMANDER
SCOTTSDALE,shell,,unknown,SHELL SCOTTSDALE UNMANNED
DEVONPORT EAST,shell,,unknown,SHELL EAST DEVONPORT UNMANNED
DEVONPORT,shell,,unknown,SHELL COLES EXPRESS DEVONPORT
TURNERS BEACH,shell,,unknown,SHELL TURNERS BEACH
ULVERSTONE,shell,,unknown,SHELL FOUR WAYS
WIVENHOE,shell,,unknown,SHELL WIVENHOE UNMANNED
BURNIE,shell,,unknown,SHELL BURNIE PORT UNMANNED
SMITHTON,shell,,unknown,SHELL COLES EXPRESS SMITHTON
unknown,skoda,,unknown,"Hobart Škoda, Hobart (TAS)"
Kings Meadows,spa_world_au_nz,,unknown,Spa World Launceston Tankworld
Glenorchy,spa_world_au_nz,,unknown,Spa World Glenorchy
Kingston,specsavers,,unknown,Kingston
Hobart,specsavers,,unknown,Hobart
Glenorchy,specsavers,,unknown,Glenorchy
Rosny Park,specsavers,,unknown,Rosny Park Eastlands S/C
Burnie,specsavers,,unknown,Burnie
Devonport,specsavers,,unknown,Devonport
Kings Meadows,specsavers,,unknown,Kings Meadows
Launceston,specsavers,,unknown,Launceston
Devonport,spendless_au,,unknown,Devenport
Launceston,spendless_au,,unknown,Launceston
Glenorchy,spendless_au,,unknown,Glenorchy
Rosny Park,spendless_au,,unknown,Rosny Park
Hobart,sportscraft,,unknown,Hobart Icon
Hobart,sportsgirl_au,,unknown,HOBART
Rosny Park,sportsgirl_au,,unknown,ROSNY
Launceston,sportsgirl_au,,unknown,LAUNCESTON
Devonport,sportspower_au,,unknown,Devonport
Burnie,sportspower_au,,unknown,Burnie
Ulverstone,sportspower_au,,unknown,Ulverstone
Launceston,sportspower_au,,unknown,Launceston
Launceston,sunglass_hut_1,,unknown,Sunglass Hut Myer Launceston
Hobart,sunglass_hut_1,,unknown,Sunglass Hut Hobart
Launceston,sussan_au,,unknown,Launceston
Hobart,sussan_au,,unknown,Hobart
Devonport,sussan_au,,unknown,Devonport
Bellerive,sussan_au,,unknown,Rosny
Burnie,sussan_au,,unknown,Burnie
Rosny Park,suzanne_grae_au,,unknown,Rosny
Launceston,suzanne_grae_au,,unknown,Launceston
Glenorchy,suzanne_grae_au,,unknown,Glenorchy
Hobart,t2,,unknown,T2 - Cat & Fiddle
Kingston,telstra_au,,unknown,Kingston
Hobart,telstra_au,,unknown,Hobart (Cat and Fiddle)
Glenorchy,telstra_au,,unknown,Glenorchy
Rosny Park,telstra_au,,unknown,Rosny Park
Burnie,telstra_au,,unknown,Burnie
Devonport,telstra_au,,unknown,Devonport
Kings Meadows,telstra_au,,unknown,Kings Meadows
Launceston,telstra_au,,unknown,Launceston Quadrant Mall
Kingston,terry_white_chemmart_au,,unknown,TerryWhite Chemmart Kingston Town
Mowbray,terry_white_chemmart_au,,unknown,TerryWhite Chemmart Mowbray
Sorell,terry_white_chemmart_au,,unknown,TerryWhite Chemmart Sorell
Cooee,terry_white_chemmart_au,,unknown,TerryWhite Chemmart Burnie
Margate,terry_white_chemmart_au,,unknown,TerryWhite Chemmart Channel Margate
Lindisfarne,terry_white_chemmart_au,,unknown,TerryWhite Chemmart Lindisfarne Medical
Newstead,terry_white_chemmart_au,,unknown,TerryWhite Chemmart Newstead
Prospect Vale,terry_white_chemmart_au,,unknown,TerryWhite Chemmart Prospect Vale
West Hobart,terry_white_chemmart_au,,unknown,TerryWhite Chemmart West Hobart
Dodges Ferry,terry_white_chemmart_au,,unknown,TerryWhite Chemmart Dodges Ferry
Riverside,terry_white_chemmart_au,,unknown,TerryWhite Chemmart Riverside
Latrobe,terry_white_chemmart_au,,unknown,TerryWhite Chemmart Latrobe
Devonport,terry_white_chemmart_au,,unknown,TerryWhite Chemmart Fourways Devonport
Blackmans Bay,terry_white_chemmart_au,,unknown,TerryWhite Chemmart Blackmans Bay
Legana,terry_white_chemmart_au,,unknown,TerryWhite Chemmart Legana
Exeter,terry_white_chemmart_au,,unknown,TerryWhite Chemmart Exeter
Sandy Bay,terry_white_chemmart_au,,unknown,TerryWhite Chemmart Sandy Bay
Launceston,terry_white_chemmart_au,,unknown,TerryWhite Chemmart Launceston City
Burnie,terry_white_chemmart_au,,unknown,Wilkinson’s TerryWhite Chemmart
unknown,the_cheesecake_shop,305 Main Road Glenorchy TAS 7010,unknown,Glenorchy
unknown,the_cheesecake_shop,224 Wellington Street Launceston South TAS 7250,unknown,Launceston South
Rosny Park,the_coffee_club_au,Tenancy U057 26 Bligh Street Rosny Park TAS Australia 7018,unknown,TCC - Eastlands TAS
Glenorchy,the_coffee_club_au,Shop 60 Northgate Shopping Centre 387-393 Main Road Glenorchy TAS Australia 7010,unknown,TCC - Northgate
Launceston,the_good_guys_au,,unknown,The Good Guys Launceston
Moonah,the_good_guys_au,,unknown,The Good Guys Moonah
Hobart,the_north_face_au_nz,,unknown,Hobart
unknown,thirsty_camel_au,5-15 Scotchtown Road SMITHTON,unknown,Tall Timbers Tasmania
unknown,thirsty_camel_au,35A Main Rd Wivenhoe,unknown,Beauy's Bottleshop
unknown,thirsty_camel_au,666 Forth Road Forth,unknown,Forth Village
unknown,thirsty_camel_au,184 Weld St Beaconsfield,unknown,Ophir Hotel 
unknown,thirsty_camel_au,105 Main Street BRIDPORT,unknown,Bridport Bay Inn
unknown,thirsty_camel_au,13 Meander Valley Rd DELORAINE,unknown,Bush Inn Hotel
unknown,thirsty_camel_au,46 meander valley road CARRICK,unknown,Carrick Inn
unknown,thirsty_camel_au,8 Innes Street Strahan,unknown,Strahan Cellars
unknown,thirsty_camel_au,232 Tasman Hwy Bicheno,unknown,Beachfront Bicheno
unknown,thirsty_camel_au,96 Tasman Hwy Swansea,unknown,Bark Mill Tavern
unknown,thirsty_camel_au,1 Hurst St Bridgewater,unknown,Thirsty Camel Bridgewater
unknown,thirsty_camel_au,28 Tasman Hwy Orford,unknown,Orford Blue Waters
unknown,thirsty_camel_au,457 Main Road Glenorchy,unknown,Club Hotel Glenorchy
unknown,thirsty_camel_au,160 E Derwent Hwy Lindisfarne,unknown,Beltana Hotel 
unknown,thirsty_camel_au,2-6 Penna Rd Midway Point,unknown,Midway Point Tavern
unknown,thirsty_camel_au,322 Cambridge Rd Mornington,unknown,Mornington Inn Hotel 
unknown,thirsty_camel_au,209 Brisbane Street WEST HOBART,unknown,Marquis Hotel
unknown,thirsty_camel_au,2 Mary Street CYGNET,unknown,Commercial Hotel
unknown,thirsty_camel_au,1599 Nubeena Road NUBEENA,unknown,Nubeena Tavern
Hobart,toyworld_au,,unknown,Toyworld Hobart
Launceston,toyworld_au,,unknown,Toyworld Launceston
Devonport,toyworld_au,,unknown,Toyworld Devonport
Burnie,toyworld_au,,unknown,Toyworld Burnie
Launceston,tradelink_au,73 Howick Street Launceston TAS 7250,unknown,Launceston
Hobart,tradelink_au,48 Burnett Street Hobart TAS 7000,unknown,Hobart
Mornington,tradelink_au,40 Mornington Road Mornington TAS 7018,unknown,Clarence
Kingston,tradelink_au,50 Browns Road Kingston TAS 7050,unknown,Kingston
Devonport,tradelink_au,9 Don Road Devonport TAS 7310,unknown,Devonport
Launceston,travelex,Inside Launceston Travel and Cruise 54 Brisbane Street,unknown,"Brisbane Street, Launceston"
Devonport,tyrepower_au,,unknown,Tyrepower Devonport
Launceston,tyrepower_au,,unknown,Launceston Tyrepower
North Hobart,tyrepower_au,,unknown,Tyrepower Hobart
Smithton,tyrepower_au,,unknown,Tyrepower Smithton
STRAHAN,visa,,unknown,unknown
DOVER,visa,,unknown,unknown
GEEVESTON,visa,,unknown,unknown
QUEENSTOWN,visa,,unknown,unknown
CYGNET,visa,,unknown,unknown
ZEEHAN,visa,,unknown,unknown
HUONVILLE,visa,,unknown,unknown
SNUG,visa,,unknown,unknown
ROSEBERY,visa,,unknown,unknown
MARGATE,visa,,unknown,unknown
BLACKMANS BAY,visa,,unknown,unknown
KINGSTON,visa,,unknown,unknown
NEW NORFOLK,visa,,unknown,unknown
SANDY BAY,visa,,unknown,unknown
SOUTH HOBART,visa,,unknown,unknown
HOBART,visa,,unknown,unknown
NORTH HOBART,visa,,unknown,unknown
GLENORCHY,visa,,unknown,unknown
NEW TOWN,visa,,unknown,unknown
MOONAH,visa,,unknown,unknown
DERWENT PARK,visa,,unknown,unknown
CLAREMONT,visa,,unknown,unknown
ROSNY PARK,visa,,unknown,unknown
ROSNY,visa,,unknown,unknown
BELLERIVE,visa,,unknown,unknown
LINDISFARNE,visa,,unknown,unknown
HOWRAH,visa,,unknown,unknown
NUBEENA,visa,,unknown,unknown
ROKEBY,visa,,unknown,unknown
LAUDERDALE,visa,,unknown,unknown
BRIDGEWATER,visa,,unknown,unknown
BRIGHTON,visa,,unknown,unknown
CAMBRIDGE,visa,,unknown,unknown
BAGDAD,visa,,unknown,unknown
MIDWAY POINT,visa,,unknown,unknown
SORELL,visa,,unknown,unknown
KEMPTON,visa,,unknown,unknown
SMITHTON,visa,,unknown,unknown
OATLANDS,visa,,unknown,unknown
WYNYARD,visa,,unknown,unknown
SOMERSET,visa,,unknown,unknown
BURNIE,visa,,unknown,unknown
WIVENHOE,visa,,unknown,unknown
TRIABUNNA,visa,,unknown,unknown
PENGUIN,visa,,unknown,unknown
DELORAINE,visa,,unknown,unknown
ULVERSTONE,visa,,unknown,unknown
SPREYTON,visa,,unknown,unknown
DEVONPORT,visa,,unknown,unknown
LATROBE,visa,,unknown,unknown
EAST DEVONPORT,visa,,unknown,unknown
WESTBURY,visa,,unknown,unknown
LONGFORD,visa,,unknown,unknown
PERTH,visa,,unknown,unknown
WESTERN JUNCTION,visa,,unknown,unknown
EVANDALE,visa,,unknown,unknown
PROSPECT VALE,visa,,unknown,unknown
YOUNGTOWN,visa,,unknown,unknown
SWANSEA,visa,,unknown,unknown
WEST LAUNCESTON,visa,,unknown,unknown
KINGS MEADOWS,visa,,unknown,unknown
LAUNCESTON,visa,,unknown,unknown
RIVERSIDE,visa,,unknown,unknown
NORWOOD,visa,,unknown,unknown
INVERMAY,visa,,unknown,unknown
NEWSTEAD,visa,,unknown,unknown
NEWNHAM,visa,,unknown,unknown
RAVENSWOOD,visa,,unknown,unknown
GEORGE TOWN,visa,,unknown,unknown
BICHENO,visa,,unknown,unknown
BRIDPORT,visa,,unknown,unknown
SCAMANDER,visa,,unknown,unknown
ST HELENS,visa,,unknown,unknown
George Town,western_union,,unknown,AUSTRALIA POST
Beauty Point,western_union,,unknown,AUSTRALIA POST
Beaconsfield,western_union,,unknown,AUSTRALIA POST
Lilydale,western_union,,unknown,AUSTRALIA POST
Exeter,western_union,,unknown,AUSTRALIA POST
Bridport,western_union,,unknown,AUSTRALIA POST
Mowbray,western_union,,unknown,AUSTRALIA POST
Scottsdale,western_union,,unknown,AUSTRALIA POST
Ravenswood,western_union,,unknown,AUSTRALIA POST
Invermay,western_union,,unknown,AUSTRALIA POST
Trevallyn,western_union,,unknown,AUSTRALIA POST
Launceston,western_union,,unknown,AUSTRALIA POST
Shearwater,western_union,,unknown,AUSTRALIA POST
Currie,western_union,,unknown,AUSTRALIA POST
Rokeby,western_union,,unknown,AUSTRALIA POST
Sandy Bay,western_union,,unknown,AUSTRALIA POST
Dunalley,western_union,,unknown,AUSTRALIA POST
Grove,western_union,,unknown,AUSTRALIA POST
Kingston,western_union,,unknown,AUSTRALIA POST
Blackmans Bay,western_union,,unknown,AUSTRALIA POST
Huonville,western_union,,unknown,AUSTRALIA POST
Margate Tas,western_union,,unknown,AUSTRALIA POST
Nubeena,western_union,,unknown,AUSTRALIA POST
Dover,western_union,,unknown,AUSTRALIA POST
Moonah,western_union,,unknown,AUSTRALIA POST
Lindisfarne,western_union,,unknown,AUSTRALIA POST
Lenah Valley,western_union,,unknown,AUSTRALIA POST
Warrane,western_union,,unknown,AUSTRALIA POST
Mornington,western_union,,unknown,AUSTRALIA POST
Rosny Park,western_union,,unknown,AUSTRALIA POST
North Hobart,western_union,,unknown,AUSTRALIA POST
Hobart,western_union,,unknown,WEST END NEWSAGENCY (THE LOTT)
West Norfolk,western_union,,unknown,AUSTRALIA POST
Battery Point,western_union,,unknown,AUSTRALIA POST
Dodges Ferry,western_union,,unknown,AUSTRALIA POST
Newstead,western_union,,unknown,AUSTRALIA POST
Norwood,western_union,,unknown,AUSTRALIA POST
Kings Meadows,western_union,,unknown,AUSTRALIA POST
Hadspen,western_union,,unknown,AUSTRALIA POST
Westbury,western_union,,unknown,AUSTRALIA POST
Latrobe,western_union,,unknown,AUSTRALIA POST
East Devonport,western_union,,unknown,AUSTRALIA POST
Devonport,western_union,,unknown,AUSTRALIA POST
Perth,western_union,,unknown,AUSTRALIA POST
Evandale,western_union,,unknown,AUSTRALIA POST
Spreyton,western_union,,unknown,AUSTRALIA POST
Deloraine,western_union,,unknown,AUSTRALIA POST
Winnaleah,western_union,,unknown,AUSTRALIA POST
Swansea,western_union,,unknown,AUSTRALIA POST
Rosebery,western_union,,unknown,AUSTRALIA POST
Stanley,western_union,,unknown,AUSTRALIA POST
Ouse,western_union,,unknown,AUSTRALIA POST
Smithton,western_union,,unknown,AUSTRALIA POST
Kempton,western_union,,unknown,AUSTRALIA POST
Queenstown,western_union,,unknown,AUSTRALIA POST
Zeehan,western_union,,unknown,AUSTRALIA POST
Bridgewater,western_union,,unknown,AUSTRALIA POST
Richmond,western_union,,unknown,AUSTRALIA POST
New Norfolk,western_union,,unknown,AUSTRALIA POST
Claremont,western_union,,unknown,AUSTRALIA POST
Chigwell,western_union,,unknown,AUSTRALIA POST
Sorell,western_union,,unknown,AUSTRALIA POST
Glenorchy,western_union,,unknown,AUSTRALIA POST
Cressy,western_union,,unknown,AUSTRALIA POST
Ulverstone,western_union,,unknown,AUSTRALIA POST
West Ulverstone,western_union,,unknown,AUSTRALIA POST
Mole Creek,western_union,,unknown,AUSTRALIA POST
Penguin,western_union,,unknown,AUSTRALIA POST
Burnie,western_union,,unknown,AUSTRALIA POST
Upper Burnie,western_union,,unknown,AUSTRALIA POST
Montello,western_union,,unknown,AUSTRALIA POST
Avoca,western_union,,unknown,AUSTRALIA POST
Somerset,western_union,,unknown,AUSTRALIA POST
St Helens,western_union,,unknown,AUSTRALIA POST
Wynyard,western_union,,unknown,AUSTRALIA POST
St Marys,western_union,,unknown,AUSTRALIA POST
Whitemark,western_union,,unknown,AUSTRALIA POST
